SERIES,CNTRY,TRN,AGG,UNIT,REF,CODE,COUNTRY,SUB-CHAPTER,TITLE,UNIT.1,1960,1961,1962,1963,1964,1965,1966,1967,1968,1969,1970,1971,1972,1973,1974,1975,1976,1977,1978,1979,1980,1981,1982,1983,1984,1985,1986,1987,1988,1989,1990,1991,1992,1993,1994,1995,1996,1997,1998,1999,2000,2001,2002,2003,2004,2005,2006,2007,2008,2009,2010,2011,2012,2013,2014,2015,2016,2017,2018,2019,2020,2021,2022,2023,2024,2025,2026
BEL.1.0.99.0.UBRA,BEL,1.0,0.0,99.0,0.0,UBRA,Belgium,"01 Balances with the rest of the world, national accounts",Net primary income from the rest of the world (National accounts) ,Mrd ECU/EUR,0.136338,0.133042,0.132735,0.123387,0.127126,0.175733,0.192559,0.212245,0.241038,0.260227,0.338589,0.319919,0.388107,0.457402,0.456186,0.482992,0.654832,0.600816,0.739408,0.256611,-0.20936,0.004884,-0.422241,-0.487403,-0.309815,-0.010778,0.087499,0.477057,0.483947,0.092061,0.289054,0.923866,0.942711,2.823802,4.596876,4.836573,5.115959,5.427194,5.610546,5.6445,6.6073,4.9446,4.7223,5.3693,4.1215,3.8733,4.6761,4.7798,8.5553,6.8121,5.5345,0.5985,8.7582,9.0654,8.2161,5.8486,3.8415,3.9542,4.6414,4.0422,4.1511,6.5243,6.7398,8.1105,6.443265,5.429388,4.112553
BGR.1.0.99.0.UBRA,BGR,1.0,0.0,99.0,0.0,UBRA,Bulgaria,"01 Balances with the rest of the world, national accounts",Net primary income from the rest of the world (National accounts) ,Mrd ECU/EUR,,,,,,,,,,,,,,,,,,,,,,,,,,,,,,,,-0.40709,-0.064442,-0.164665,-0.167886,-0.08843,-1.048417,-0.344852,-0.317257,-0.156325,-0.335947,0.037435,0.400372,0.301368,0.275264,-0.023653,-0.67311,-2.149447,-1.586987,-0.699207,-0.796436,-1.297617,-0.561964,-0.924936,-0.37058,-0.910042,-0.125176,0.67783,,-2.954136,-2.301411,-3.45158,-4.649657,-4.534801,-3.353794,-3.744159,-3.962601
CZE.1.0.99.0.UBRA,CZE,1.0,0.0,99.0,0.0,UBRA,Czechia,"01 Balances with the rest of the world, national accounts",Net primary income from the rest of the world (National accounts) ,Mrd ECU/EUR,,,,,,,,,,,,,,,,,,,,,,,,,,,,,,,,,,-0.2226,-0.13177,-0.35869,-0.79075,-0.82401,-0.88233,-1.13322,-1.3037,-2.13203,-3.14181,-2.98076,-4.57331,-5.09717,-7.7535,-8.95181,-9.87304,-10.32672,-12.35927,-13.27723,-10.16276,-9.83213,-10.56546,-12.52175,-13.31376,-12.49763,-12.20552,-14.18082,-11.36874,-7.20049,-11.67921,-4.50478,-3.68006,-3.84827,-3.95116
DNK.1.0.99.0.UBRA,DNK,1.0,0.0,99.0,0.0,UBRA,Denmark,"01 Balances with the rest of the world, national accounts",Net primary income from the rest of the world (National accounts) ,Mrd ECU/EUR,0.00795,-0.00068,0.0023,-0.00311,-0.00325,-0.00568,0.08201,0.07558,0.05456,0.07213,0.05126,0.03431,0.06291,0.30515,0.13886,0.17142,0.2733,0.44182,0.51072,0.07922,-0.35491,-0.88431,-1.41304,-1.40964,-1.93703,-2.23314,-2.18281,-1.98193,-2.26183,-2.72807,-3.19162,-3.48545,-3.37382,-2.89455,-2.96237,-2.55198,-2.89591,-2.77032,-2.24954,-1.75872,-4.05229,-2.71468,-2.36161,-1.73079,0.24879,1.71541,2.73156,1.15547,2.69448,2.30573,3.97742,5.22706,5.74877,8.19276,9.64624,8.39557,7.08766,6.46961,8.42461,8.97059,10.09751,13.62991,12.14077,10.70953,10.64845,10.56428,10.48295
DEU.1.0.99.0.UBRA,DEU,1.0,0.0,99.0,0.0,UBRA,Germany,"01 Balances with the rest of the world, national accounts",Net primary income from the rest of the world (National accounts) ,Mrd ECU/EUR,,,,,,,,,,,,,,,,,,,,,,,,,,,,,,,,14.8702,14.5745,11.467,1.1555,-2.6815,0.2346,-3.8233,-11.5405,-15.097,-12.67,-15.949,-23.402,-23.141,13.695,18.861,40.505,36.465,24.494,55.701,52.217,70.331,67.297,66.996,62.294,60.536,91.317,84.409,134.757,130.629,87.183,124.291,143.299,146.667,159.7749,164.0636,169.0474
D_W.1.0.99.0.UBRA,D_W,1.0,0.0,99.0,0.0,UBRA,West Germany,"01 Balances with the rest of the world, national accounts",Net primary income from the rest of the world (National accounts) ,Mrd ECU/EUR,0.06537,-0.07197,-0.06543,-0.0631,-0.13554,-0.22668,-0.19396,-0.15261,0.10205,0.21112,0.54367,0.32189,0.1367,0.12536,0.14574,0.6478,1.10453,0.50219,2.41793,0.96585,1.13125,0.08558,-0.53506,1.83478,5.18208,5.50822,3.73118,2.47367,7.89158,9.87292,10.73181,1.91696,,,,,,,,,,,,,,,,,,,,,,,,,,,,,,,,,,,
EST.1.0.99.0.UBRA,EST,1.0,0.0,99.0,0.0,UBRA,Estonia,"01 Balances with the rest of the world, national accounts",Net primary income from the rest of the world (National accounts) ,Mrd ECU/EUR,,,,,,,,,,,,,,,,,,,,,,,,,,,,,,,,,,-0.011973,-0.02442,0.000418,-0.001844,-0.131841,-0.076504,-0.0982,-0.2266,-0.316,-0.348,-0.4623,-0.4682,-0.4208,-0.6691,-1.0621,-0.8687,-0.4306,-0.7925,-0.8518,-0.7431,-0.4581,-0.5525,-0.4457,-0.4627,-0.5627,-0.5358,-0.5516,-0.3957,-0.6951,-0.8609,-1.1952,-1.217483,-1.258528,-1.29548
IRL.1.0.99.0.UBRA,IRL,1.0,0.0,99.0,0.0,UBRA,Ireland,"01 Balances with the rest of the world, national accounts",Net primary income from the rest of the world (National accounts) ,Mrd ECU/EUR,0.0419,0.0464,0.0468,0.0466,0.0484,0.0667,0.0607,0.0635,0.0739,0.0664,0.0664,0.0621,0.0659,0.0249,0.0374,0.0077,-0.0579,-0.1658,-0.3437,-0.4227,-0.5297,-0.7302,-1.3453,-1.6559,-2.2575,-2.7486,-2.7492,-2.7241,-3.2787,-4.0021,-2.9655,-2.9308,-3.6294,-3.5561,-3.6607,-4.469,-4.7375,-6.8831,-8.0539,-11.8588,-13.9142,-17.7967,-21.977,-20.0723,-21.3824,-22.8136,-22.7552,-26.6935,-25.1665,-27.9033,-26.6865,-31.9311,-33.5806,-28.8194,-31.2647,-60.7476,-51.1767,-66.4683,-80.8666,-89.3172,-102.699,-128.1534,-164.418,-121.6005,-122.8142,-134.8623,-144.898
GRC.1.0.99.0.UBRA,GRC,1.0,0.0,99.0,0.0,UBRA,Greece,"01 Balances with the rest of the world, national accounts",Net primary income from the rest of the world (National accounts) ,Mrd ECU/EUR,0.066432,0.081074,0.083784,0.100361,0.123667,0.124352,0.128122,0.144344,0.181101,0.191093,0.212771,0.298193,0.316343,0.378167,0.619547,0.57401,0.770444,0.899846,0.849598,1.025161,1.18717,1.191503,1.130163,0.689962,0.326097,0.032599,-0.251017,-0.074455,-0.103237,-0.163833,0.521816,0.872497,1.011229,0.513092,0.736391,2.049815,1.471729,1.80919,1.649026,1.86017,1.363798,0.37484,0.91149,-0.9946,-1.37698,-2.69519,-4.42572,-6.33558,-7.55235,-5.65042,-4.95634,-5.63335,0.46142,-1.34583,-0.34162,-1.34839,-1.9726,-2.08206,-3.35397,-2.71559,-1.69318,-1.31738,-2.7172,-7.04506,-7.953177,-7.596248,-7.225561
ESP.1.0.99.0.UBRA,ESP,1.0,0.0,99.0,0.0,UBRA,Spain,"01 Balances with the rest of the world, national accounts",Net primary income from the rest of the world (National accounts) ,Mrd ECU/EUR,-0.00631,-0.00468,-0.00312,-0.00312,-0.0312,-0.0101,-0.11245,-0.12603,-0.14451,-0.22026,-0.23573,-0.21275,-0.21266,-0.15,0.0053,-0.24193,-0.51497,-0.69095,-0.86386,-0.81427,-1.30376,-2.31935,-2.64652,-2.80904,-3.13551,-2.5609,-2.15631,-2.14196,-2.98386,-2.94472,-3.4909,-4.31278,-5.34507,-3.52949,-7.43769,0.23784,-1.70477,-2.55867,-4.35312,-5.485,-4.632,-9.702,-8.492,-6.582,-8.017,-12.809,-18.619,-26.473,-30.905,-20.605,-15.743,-18.787,-8.413,-6.593,-3.685,-0.85,1.81,-0.494,0.436,1.205,2.059,8.248,6.001,-7.221,4.83782,6.23391,6.60323
FRA.1.0.99.0.UBRA,FRA,1.0,0.0,99.0,0.0,UBRA,France,"01 Balances with the rest of the world, national accounts",Net primary income from the rest of the world (National accounts) ,Mrd ECU/EUR,0.34342,0.33946,0.5092,0.61824,0.64867,0.66978,0.64705,0.70998,0.621,0.46956,0.58367,0.78152,0.72133,0.65551,0.46873,0.74694,0.95923,0.81484,1.47412,2.2157,3.99925,3.80307,1.90509,-1.8977,-3.64803,-0.44416,3.83449,6.84016,6.36535,4.26511,4.1479,3.48686,4.9353,6.34966,4.7817,5.0379,11.72156,16.51122,18.35701,28.9795,24.8493,29.2562,18.1208,23.2789,25.1871,31.9571,38.7681,40.605,45.4003,46.3697,48.7195,57.397,48.542,50.6151,48.6269,44.5497,45.0356,46.4671,53.226,72.6241,46.6593,78.4455,74.0779,52.7592,57.99356,60.15633,62.40845
HRV.1.0.99.0.UBRA,HRV,1.0,0.0,99.0,0.0,UBRA,Croatia,"01 Balances with the rest of the world, national accounts",Net primary income from the rest of the world (National accounts) ,Mrd ECU/EUR,,,,,,,,,,,,,,,,,,,,,,,,,,,,,,,,,,,,-0.014945,-0.045797,0.000551,-0.142595,-0.451456,-0.419988,-0.511959,-0.450902,-0.972934,-0.527127,-0.797777,-0.947856,-0.901391,-1.337509,-1.539085,-1.408834,-1.309399,-1.458163,-0.910171,-0.747073,-0.288121,-1.073032,-0.339773,-0.705981,-0.366448,0.569087,-0.564231,-0.592612,-0.583123,-0.258713,-0.275749,-0.275749
ITA.1.0.99.0.UBRA,ITA,1.0,0.0,99.0,0.0,UBRA,Italy,"01 Balances with the rest of the world, national accounts",Net primary income from the rest of the world (National accounts) ,Mrd ECU/EUR,0.09089,0.08245,0.07628,0.08076,0.11516,0.20789,0.27818,0.24793,0.31724,0.40697,0.44945,0.50215,0.59959,0.32566,-0.5568,-0.3547,-0.53291,-0.34868,-0.31566,0.3633,0.64444,-2.09434,-2.79313,-2.53407,-2.92883,-3.85693,-5.93514,-4.96674,-5.08371,-7.4927,-14.78833,-17.98409,-20.07027,-16.12078,-17.62669,-10.90157,-10.00298,-5.01846,-6.23636,-2.2896,-4.7396,-3.9917,-6.0231,-6.724,-2.4026,2.3468,6.1431,1.2437,-15.165,-1.124,-3.53,-4.253,-2.0636,-2.787,0.001,-11.5044,4.618,9.411,19.15,14.38,21.256,20.436,18.502,-11.0926,-16.91816,-16.47485,-15.99513
CYP.1.0.99.0.UBRA,CYP,1.0,0.0,99.0,0.0,UBRA,Cyprus,"01 Balances with the rest of the world, national accounts",Net primary income from the rest of the world (National accounts) ,Mrd ECU/EUR,0.006856,0.008622,0.009643,0.01069,0.011483,0.013315,0.007844,0.011141,0.010033,0.015529,0.017349,0.018833,0.021152,0.025817,0.027386,0.031069,0.030306,0.040385,0.0425,0.045511,0.05748,0.059216,0.066505,0.050062,0.05803,0.047653,0.038243,0.038461,0.042523,0.059065,0.071484,0.078137,0.067846,0.062785,0.049321,-0.051264,-0.033678,-0.351657,0.335451,-0.663585,-1.074393,-0.807731,-0.687425,-0.758935,-1.998713,-2.21524,-2.726976,-4.094989,-0.31172,-0.05199,-0.27804,0.52104,-0.13599,-0.23677,-0.47715,-0.12117,-0.7538,-0.61631,-0.78753,-1.25344,-1.50162,-2.2745,-2.33094,-2.99902,-3.411832,-3.540536,-3.708043
LVA.1.0.99.0.UBRA,LVA,1.0,0.0,99.0,0.0,UBRA,Latvia,"01 Balances with the rest of the world, national accounts",Net primary income from the rest of the world (National accounts) ,Mrd ECU/EUR,,,,,,,,,,,,,,,,,,,,,,,,,,,,,,,,,0.001239,-0.001663,-0.006053,0.030129,0.030057,0.042761,0.041823,-0.066952,-0.010682,0.028322,0.017357,-0.051077,-0.241861,-0.142612,-0.434055,-0.677003,-0.311227,1.317914,0.180025,-0.021036,-0.154859,-0.051258,0.02735,-0.12159,-0.0344,-0.07409,-0.46475,-0.41756,0.01282,-0.60442,-0.63337,-0.92671,-0.902372,-0.943946,-0.98936
LTU.1.0.99.0.UBRA,LTU,1.0,0.0,99.0,0.0,UBRA,Lithuania,"01 Balances with the rest of the world, national accounts",Net primary income from the rest of the world (National accounts) ,Mrd ECU/EUR,,,,,,,,,,,,,,,,,,,,,,,,,,,,,,,,,,0.006759,,-0.008705,-0.068567,-0.169003,-0.224275,-0.245182,-0.224145,-0.184626,-0.160372,-0.412886,-0.426742,-0.34938,-0.48655,-1.135,-1.03162,0.60774,-0.18227,-0.91598,-1.03906,-0.75772,-0.42644,-1.33118,-1.36182,-1.50868,-1.38251,-1.52179,-1.34689,-1.90055,-2.65709,-2.25861,-2.193033,-2.291542,-2.347635
LUX.1.0.99.0.UBRA,LUX,1.0,0.0,99.0,0.0,UBRA,Luxembourg,"01 Balances with the rest of the world, national accounts",Net primary income from the rest of the world (National accounts) ,Mrd ECU/EUR,0.0,0.00151,0.00377,0.00377,0.00151,0.00377,0.01282,0.02652,0.03137,0.0292,0.02368,0.03172,0.03678,0.04979,0.09841,0.16643,0.26915,0.32562,0.35646,0.4379,0.51769,0.57636,0.66223,0.68893,0.78563,0.62271,0.53852,0.64727,0.56995,0.5644,0.7702,0.93446,0.94184,0.82572,0.39827,-1.4079,-1.91298,-1.96767,-1.15734,-2.4521,-2.4439,-2.4259,-3.7723,-4.7464,-3.3685,-3.9695,-8.2041,-7.5552,-9.4353,-11.2076,-13.5858,-13.5982,-10.7884,-13.872,-14.17,-19.3,-18.9638,-16.5366,-17.0902,-19.6146,-19.1534,-22.7661,-25.2474,-27.6915,-29.8767,-31.34092,-33.0867
HUN.1.0.99.0.UBRA,HUN,1.0,0.0,99.0,0.0,UBRA,Hungary,"01 Balances with the rest of the world, national accounts",Net primary income from the rest of the world (National accounts) ,Mrd ECU/EUR,,,,,,,,,,,,,,,,,,,,,,,,,,,,,,,,,,-1.022228,-1.219995,-1.469312,-1.64017,-2.481857,-2.700054,-2.957884,-2.950289,-3.446237,-4.035595,-4.145583,-5.06889,-5.658616,-5.660184,-7.729249,-7.029061,-4.042405,-4.575798,-4.741814,-4.01941,-2.817626,-4.62904,-5.29492,-2.981461,-4.972114,-5.096157,-3.521984,-3.005397,-4.551579,-4.559763,-5.80988,-7.046125,-7.143452,-7.2484
MLT.1.0.99.0.UBRA,MLT,1.0,0.0,99.0,0.0,UBRA,Malta,"01 Balances with the rest of the world, national accounts",Net primary income from the rest of the world (National accounts) ,Mrd ECU/EUR,0.008965,0.00836,0.009904,0.010429,0.0107,0.011227000000000001,0.011505,0.012447,0.013532,0.015294,0.017115,0.017541,0.019311,0.016613,0.027218,0.038665,0.038117,0.039659,0.034481,0.026481,0.06776,0.098332,0.130582,0.106374,0.13927,0.093512,0.066943,0.068309,0.073129,0.085837,,,,,,0.064651,0.048756,0.059023,-0.001431,0.092363,-0.118177,0.071138,0.079015,0.024986,0.025979,-0.2219,-0.20009,-0.14898,-0.15664,-0.42171,-0.40323,-0.2896,-0.36217,-0.61138,-0.66816,-0.70882,-1.20801,-0.92756,-1.2566,-1.37472,-1.62228,-2.04873,-2.541,-2.75351,-2.446705,-2.734826,-2.901294
NLD.1.0.99.0.UBRA,NLD,1.0,0.0,99.0,0.0,UBRA,Netherlands,"01 Balances with the rest of the world, national accounts",Net primary income from the rest of the world (National accounts) ,Mrd ECU/EUR,0.11586,0.16647,0.11594,0.17172,0.19805,0.19496,0.15519,0.22259,0.15304,0.87605,0.84564,0.67361,0.89987,1.32022,1.42464,0.39577,1.07234,1.06404,0.58092,1.94816,1.09456,0.07703,0.06745,0.90938,1.53007,-0.71438,-0.55439,1.72205,0.99955,1.5344,-1.72227,-0.78003,-1.85417,0.00912,2.00127,-2.40119,-0.3996,-1.63473,-7.43717,-2.718,-3.649,-12.171,-14.484,-6.407,-7.589,-7.786,-4.284,-7.939,-32.093,-22.636,-3.416,-0.894,-6.008,-3.829,-6.148,-10.622,-21.362,-13.711,-4.844,-18.062,-25.462,10.826,-14.644,-8.909,-8.18547,-8.80945,-8.70717
AUT.1.0.99.0.UBRA,AUT,1.0,0.0,99.0,0.0,UBRA,Austria,"01 Balances with the rest of the world, national accounts",Net primary income from the rest of the world (National accounts) ,Mrd ECU/EUR,-0.012017,-0.018378,-0.020133,-0.023369,-0.029121,-0.031997,-0.033435,-0.046595,-0.06953,-0.062837,-0.074122,-0.072578,-0.104126,-0.140149,-0.135621,-0.168006,-0.341142,-0.437534,-0.500446,-0.533735,-0.627065,-0.815919,-0.826198,-0.747476,-0.878688,-0.911888,-1.298605,-1.366983,-1.01228,-0.964803,-0.946628,-1.743645,-1.394333,-1.455761,-1.743392,-0.70313,-0.107546,-0.869475,-1.185286,-3.2299,-1.8603,-3.0161,-1.3155,-0.5826,-0.3339,-0.5379,0.6257,-0.2862,2.4499,-0.1248,2.4752,1.0462,0.3227,0.8539,0.3578,-3.4894,-0.1523,-3.4809,-3.9631,-0.8986,4.1854,6.7003,2.0149,0.1925,-3.059949,-4.286775,-5.331445
POL.1.0.99.0.UBRA,POL,1.0,0.0,99.0,0.0,UBRA,Poland,"01 Balances with the rest of the world, national accounts",Net primary income from the rest of the world (National accounts) ,Mrd ECU/EUR,,,,,,,,,,,,,,,,,,,,,,,,,,,,,,,,-1.49421,-1.82958,-2.98746,-0.81939,-1.52248,-0.84416,-0.98831,-1.03844,-0.94077,-0.78016,-0.66991,-0.69502,-1.84654,-6.56939,-4.35916,-5.85032,-10.61447,-6.5263,-9.58958,-13.05214,-13.7965,-14.65158,-13.4559,-15.55066,-16.00265,-17.17636,-19.7406,-21.0058,-22.23092,-19.88095,-25.93885,-25.79017,-29.94665,-32.71816,-33.65924,-34.66289
PRT.1.0.99.0.UBRA,PRT,1.0,0.0,99.0,0.0,UBRA,Portugal,"01 Balances with the rest of the world, national accounts",Net primary income from the rest of the world (National accounts) ,Mrd ECU/EUR,0.01101,0.001055,0.005058,0.004591,0.013574,0.018866,0.013801,0.035634,0.032278,0.024409,-0.001858,-0.028768,-0.038384,-0.046725,-0.046218,-0.134192,-0.260791,-0.271303,-0.322728,-0.355962,-0.509561,-1.018298,-1.542664,-1.503484,-1.80955,-1.75879,-1.305238,-0.938671,-0.861062,-0.672073,-0.418343,-0.411015,-0.108596,-0.121139,-0.397387,0.707987,0.567401,-0.13984,-0.322896,-0.39,-2.08138,-2.32849,-2.15838,-1.4647,-1.91294,-2.10595,-4.72235,-5.04133,-6.02579,-6.00764,-5.76079,-3.12702,-3.7823,-2.45768,-3.55457,-4.64745,-4.23652,-4.36709,-4.88083,-5.08931,-2.89016,-2.15134,-4.40744,-6.59431,-6.826972,-6.880022,-6.930699
ROM.1.0.99.0.UBRA,ROM,1.0,0.0,99.0,0.0,UBRA,Romania,"01 Balances with the rest of the world, national accounts",Net primary income from the rest of the world (National accounts) ,Mrd ECU/EUR,,,,,,,,,,,,,,,,,,,,,,,,,,,,,,,,,,,,-0.26411,-0.29856,-0.31227,-0.45589,-0.44007,-0.33903,-0.34302,-0.51257,-1.2174,-2.55892,-2.35389,-3.27925,-2.89248,-2.29322,-0.8867,-0.37149,-0.50862,-1.05198,-2.17142,-0.83444,-1.76064,-2.37089,-2.79372,-3.13692,-2.37942,-2.49345,-4.48116,-8.68128,-9.21297,-10.90706,-11.11891,-11.24725
SVN.1.0.99.0.UBRA,SVN,1.0,0.0,99.0,0.0,UBRA,Slovenia,"01 Balances with the rest of the world, national accounts",Net primary income from the rest of the world (National accounts) ,Mrd ECU/EUR,,,,,,,,,,,,,,,,,,,,,,,,,,,,,,,,-0.011821,-0.018053,0.030675,0.090897,0.081309,0.044558,-0.008355,-0.030066,-0.018028,-0.053075,-0.018986,-0.218116,-0.279442,-0.386872,-0.273662,-0.394892,-0.80615,-0.9927,-0.60125,-0.48171,-0.50305,-0.56183,-0.48219,-0.33636,-1.16614,-0.9212,-0.63409,-0.52325,-0.58822,-0.08427,-0.46726,-0.87271,-0.59887,-0.616352,-0.605297,-0.580778
SVK.1.0.99.0.UBRA,SVK,1.0,0.0,99.0,0.0,UBRA,Slovakia,"01 Balances with the rest of the world, national accounts",Net primary income from the rest of the world (National accounts) ,Mrd ECU/EUR,,,,,,,,,,,,,,,,,,,,,,,,,,,,,,,,,,-0.052537,-0.053255,0.07991,0.133127,0.042747,0.038491,-0.084425,-0.093365,0.010443,-0.070379,-1.455297,-1.334337,-1.005977,-1.269307,-1.56426,-1.183387,-0.35482,-1.47829,-2.49874,-1.28829,-0.60883,-0.88964,-1.9873,-2.16157,-1.56822,-1.46834,-2.30436,-0.87296,-2.92854,-3.33531,-2.79684,-3.585379,-4.014961,-4.315967
FIN.1.0.99.0.UBRA,FIN,1.0,0.0,99.0,0.0,UBRA,Finland,"01 Balances with the rest of the world, national accounts",Net primary income from the rest of the world (National accounts) ,Mrd ECU/EUR,-0.007988,-0.012297,-0.018695,-0.026874,-0.035929,-0.044113,-0.050535,-0.064242,-0.071043,-0.08595,-0.08805,-0.100357,-0.124048,-0.154243,-0.203019,-0.310093,-0.401329,-0.509992,-0.485782,-0.491565,-0.595465,-0.965115,-1.265637,-1.340982,-1.468787,-1.414797,-1.37547,-1.490782,-1.546682,-2.578198,-3.12781,-3.828624,-4.215334,-4.224701,-3.751395,-3.0007,-2.349454,-1.675341,-2.306731,-1.27,-0.85,-0.053,0.45,-0.894,1.117,0.687,1.573,0.547,0.326,2.257,2.46,0.846,0.897,1.153,2.238,1.856,0.935,0.066,0.935,0.85,3.599,4.024,2.371,0.712,0.609586,-0.333673,-0.326248
SWE.1.0.99.0.UBRA,SWE,1.0,0.0,99.0,0.0,UBRA,Sweden,"01 Balances with the rest of the world, national accounts",Net primary income from the rest of the world (National accounts) ,Mrd ECU/EUR,0.04136,0.03785,0.05132,0.04915,0.07137,0.05692,0.05222,0.0305,0.01278,-0.01343,0.02194,0.054,0.05878,0.18702,0.14618,0.15191,-0.02404,-0.41725,-0.74669,-0.70099,-0.34909,-0.76491,-1.32485,-1.66086,-1.90801,-2.08715,-1.40873,-0.88071,-1.15991,-1.5745,-2.6711,-4.25403,-6.76614,-6.27648,-3.87206,-3.21917,-3.23275,-2.91776,-1.56383,-0.37865,0.20888,0.25294,0.86704,5.039,1.79564,4.36966,8.86196,10.91728,12.42767,7.56065,10.97788,9.30071,10.01187,10.11219,9.11939,3.2249,1.20521,6.75624,8.44549,13.79327,17.05143,22.13637,23.95163,20.49307,20.41033,19.98578,21.35172
GBR.1.0.99.0.UBRA,GBR,1.0,0.0,99.0,0.0,UBRA,United Kingdom,"01 Balances with the rest of the world, national accounts",Net primary income from the rest of the world (National accounts) ,Mrd ECU/EUR,0.43477,0.49319,0.69358,0.85324,0.86894,0.97102,0.83492,0.81516,0.59715,0.99082,1.10112,0.91231,0.66378,1.48908,1.59081,0.2107,0.53091,-2.1906,-1.65082,-3.23223,-6.18893,-6.28626,-8.07023,-5.22645,-3.95682,-8.86113,-4.7845,-1.95012,-2.70757,-4.75567,-7.30124,-8.54764,-1.64848,-3.17441,1.9719,-0.98095,-0.78889,-0.89556,15.97643,-5.39367,4.9846,9.95057,21.92798,20.808,16.04194,21.23439,-8.47402,-20.60827,-26.41141,-14.60481,0.82416,8.00222,-19.68625,-37.17375,-41.27424,-57.54611,-57.02741,-25.55909,-33.06523,-2.56787,-50.53703,15.88232,16.19723,-21.0339,-19.56341,-17.99787,-17.16249
MKD.1.0.99.0.UBRA,MKD,1.0,0.0,99.0,0.0,UBRA,North Macedonia,"01 Balances with the rest of the world, national accounts",Net primary income from the rest of the world (National accounts) ,Mrd ECU/EUR,,,,,,,,,,,,,,,,,,,,,,,,,,,,,,,,,,,,,,-0.048267,-0.04001,-0.03984,-0.075823,-0.030418,-0.048101,-0.053493,-0.03014,-0.088067,-0.021177,-0.280825,-0.094408,-0.047299,-0.09968,-0.13103,-0.16376,-0.19308,-0.16061,-0.28613,-0.38385,-0.3975,-0.45074,-0.51961,-0.41148,-0.51944,-0.56844,-0.74243,-0.841237,-0.933743,-0.915246
SRB.1.0.99.0.UBRA,SRB,1.0,0.0,99.0,0.0,UBRA,Serbia,"01 Balances with the rest of the world, national accounts",Net primary income from the rest of the world (National accounts) ,Mrd ECU/EUR,,,,,,,,,,,,,,,,,,,,,,,,,,,,,,,,,,,,,,,,,,0.00665,-0.077502,-0.120245,-0.173454,-0.906777,-0.997471,-1.240677,-1.073834,-0.47423,-0.670635,-1.361462,-1.114018,-1.428858,-1.353587,-1.66375,-2.030369,-2.537602,-2.189259,-2.48763,-1.439913,-2.072655,-2.991444,-4.199696,-4.568818,-4.962103,-5.392505
TUR.1.0.99.0.UBRA,TUR,1.0,0.0,99.0,0.0,UBRA,Turkey,"01 Balances with the rest of the world, national accounts",Net primary income from the rest of the world (National accounts) ,Mrd ECU/EUR,-0.03293,-0.03029,-0.02939,-0.01132,-0.01703,0.02971,0.06689,0.03078,0.03272,0.04587,0.0,0.0,0.0,0.0,0.0,-0.13306,-0.26942,-0.3045,-0.39815,-0.74466,-0.8926,-1.36197,-1.54808,-1.79724,-2.12004,-1.74903,-1.75359,-1.59974,-2.14314,-1.94404,-1.96526,-2.15582,-2.01995,-2.34032,-2.71963,-2.45249,-2.30853,-2.66264,-2.64953,-3.29181,-4.33677,-5.42146,-4.76716,-4.91811,-4.50484,-4.31624,-4.74724,-4.58242,-5.17611,-5.70428,-5.08929,-5.29469,-5.37531,-6.68985,-6.42079,-8.98674,-8.65085,-10.25281,-9.65315,-10.97901,-7.94515,-9.1655,-8.49962,-12.72705,-2.92574,-3.81059,-4.72378
ISL.1.0.99.0.UBRA,ISL,1.0,0.0,99.0,0.0,UBRA,Iceland,"01 Balances with the rest of the world, national accounts",Net primary income from the rest of the world (National accounts) ,Mrd ECU/EUR,-0.002754,-0.002338,-0.002174,-0.002174,-0.002174,-0.002174,-0.004348,-0.004252,-0.00469,-0.005558,0.001,0.000868,-0.003737,-0.003603,-0.007574,-0.023165,-0.031041,-0.03276,-0.040044,-0.036884,-0.046259,-0.080418,-0.103239,-0.120994,-0.161701,-0.152186,-0.131211,-0.10678,-0.127198,-0.177209,-0.167276,-0.144394,-0.120147,-0.126052,-0.16302,-0.150085,-0.132289,-0.18307,-0.200357,-0.200513,-0.308811,-0.290377,-0.042157,-0.172572,-0.487984,-0.538263,-0.839121,-0.728849,-2.039664,-1.545387,-1.582458,-1.272463,-1.003596,-0.086335,-0.170891,-0.028056,0.368074,0.10696,0.236242,0.462376,0.459881,0.077409,-0.242789,0.50533,0.507598,0.541557,0.574224
NOR.1.0.99.0.UBRA,NOR,1.0,0.0,99.0,0.0,UBRA,Norway,"01 Balances with the rest of the world, national accounts",Net primary income from the rest of the world (National accounts) ,Mrd ECU/EUR,-0.04242,-0.04499,-0.05012,-0.05981,-0.06818,-0.0738,-0.08205,-0.09151,-0.09294,-0.07752,-0.17024,-0.1519,-0.18361,-0.20783,-0.28209,-0.34673,-0.55855,-0.87101,-1.11562,-1.33415,-1.37631,-1.69704,-2.0043,-1.98779,-2.04972,-1.48333,-1.23779,-1.14128,-2.06972,-2.47034,-2.65823,-3.11862,-2.12155,-2.33021,-1.78787,-1.41122,-1.46097,-1.50126,-1.56617,-1.31414,-2.5468,0.08958,0.56708,1.15252,0.40885,2.72886,0.20964,-0.88555,-1.40095,1.58699,3.51186,3.43651,3.36506,4.19216,11.89017,14.44653,14.58958,12.97839,15.06716,11.15847,13.34858,-0.96885,2.97936,11.23778,15.90948,16.34207,17.11344
CHE.1.0.99.0.UBRA,CHE,1.0,0.0,99.0,0.0,UBRA,Switzerland,"01 Balances with the rest of the world, national accounts",Net primary income from the rest of the world (National accounts) ,Mrd ECU/EUR,0.19486,0.20568,0.22017,0.22979,0.24582,0.28431,0.34628,0.37797,0.50452,0.57382,0.6553,0.65638,0.67402,0.88475,1.21195,0.89548,1.46163,1.91643,1.97636,2.41406,2.42855,3.39713,3.72842,4.35136,5.59666,5.82168,5.29781,5.35179,6.779,6.63052,4.67153,5.0318,4.43617,5.75728,4.32412,5.92657,6.56348,10.81381,12.36288,14.84698,19.16455,11.79197,7.90374,20.14298,19.31581,27.01062,25.00825,1.44495,-25.5519,5.7662,23.51341,2.99032,9.00329,8.62093,-0.60776,6.32258,-3.61573,-8.51502,-22.19619,-22.37866,-22.2013,-24.75841,-21.4529,-25.26984,-5.6441,-5.8489,-6.03894
AUS.1.0.99.0.UBRA,AUS,1.0,0.0,99.0,0.0,UBRA,Australia,"01 Balances with the rest of the world, national accounts",Net primary income from the rest of the world (National accounts) ,Mrd ECU/EUR,-0.27782,-0.2256,-0.29523,-0.31093,-0.29209,-0.32251,-0.34966,-0.48804,-0.5606,-0.63331,-0.65629,-0.63473,-0.69619,-0.75128,-0.8215,-1.26371,-1.52148,-1.50036,-1.65389,-1.92891,-2.04213,-2.79239,-2.36229,-4.15052,-6.3613,-6.11219,-5.12652,-5.42878,-8.20162,-11.53799,-10.2815,-8.98212,-7.2711,-7.71448,-10.50999,-10.59012,-11.51041,-12.14818,-10.85297,-11.55451,-12.45542,-11.83864,-12.99402,-14.14145,-20.27106,-23.78242,-29.07708,-29.44209,-25.37576,-28.5153,-39.4256,-33.82096,-30.79604,-30.29044,-22.40539,-26.39171,-32.07725,-39.14492,-41.16409,-27.62898,-13.93422,-52.82402,,,,,
CAN.1.0.99.0.UBRA,CAN,1.0,0.0,99.0,0.0,UBRA,Canada,"01 Balances with the rest of the world, national accounts",Net primary income from the rest of the world (National accounts) ,Mrd ECU/EUR,-0.60139,-0.66771,-0.67432,-0.73235,-0.78509,-0.85825,-0.96749,-1.07805,-1.09502,-1.05424,-1.26789,-1.3954,-1.34427,-1.48773,-1.98277,-2.17222,-3.32554,-3.91684,-4.25148,-4.82002,-5.33026,,,,,,,,,,,-16.38036,-16.41815,-16.80744,-17.45922,-15.9614,-16.49928,-17.92824,-19.00532,-21.41738,-21.17418,-23.24545,-20.35565,-19.51342,-17.80733,-19.26582,-16.72839,-15.82112,-15.6122,-17.0705,-24.1212,-24.35065,-25.24662,-21.1726,-21.98634,-21.49503,-16.88202,-18.58577,-24.85476,-18.55969,-11.25692,-9.8348,,,,,
JPN.1.0.99.0.UBRA,JPN,1.0,0.0,99.0,0.0,UBRA,Japan,"01 Balances with the rest of the world, national accounts",Net primary income from the rest of the world (National accounts) ,Mrd ECU/EUR,-0.0308,-0.0781,-0.1088,-0.1522,-0.2472,-0.242,-0.2511,-0.2723,-0.4044,-0.443,-0.4255,-0.3007,0.0191,0.0639,-0.7272,-0.4361,-0.4722,-0.3005,0.2636,0.9249,-0.1527,-1.8396,0.4508,1.7189,3.2225,6.7258,7.1268,11.9017,14.602,17.9224,15.0926,18.447,24.2932,31.9869,35.0143,36.029,46.7643,52.0434,45.2522,53.4443,77.8669,76.0519,64.8343,64.6371,76.0157,86.287,97.9404,102.4833,93.0057,95.4406,115.848,130.3639,134.8165,134.9409,137.448,157.5666,157.5967,161.4743,163.2659,179.1432,162.4849,203.2618,250.9021,225.8631,221.068,236.8531,252.5976
KOR.1.0.99.0.UBRA,KOR,1.0,0.0,99.0,0.0,UBRA,Korea,"01 Balances with the rest of the world, national accounts",Net primary income from the rest of the world (National accounts) ,Mrd ECU/EUR,,,,,,,,,,,0.16002,0.07203,0.0211,0.01101,0.05841,-0.14204,-0.11846,-0.09632,0.11838,-0.08518,-0.45455,-0.91578,-0.74875,-1.10621,-1.94559,-2.50144,-2.3463,-1.37497,-1.3184,-0.60692,-0.20821,-0.25067,-0.38951,-0.47001,-0.94994,-1.58243,-1.70789,-2.77127,-4.44114,-5.1478,-4.17844,-4.14339,-2.47768,-2.16927,-1.10683,-5.30956,-2.45023,-2.17041,0.18256,-1.05364,1.28977,5.57845,10.40201,6.57935,5.41032,4.12727,4.95561,5.86079,5.8849,12.7248,12.59215,17.03389,,,,,
NZL.1.0.99.0.UBRA,NZL,1.0,0.0,99.0,0.0,UBRA,New Zealand,"01 Balances with the rest of the world, national accounts",Net primary income from the rest of the world (National accounts) ,Mrd ECU/EUR,-0.018557,-0.018332,-0.023395,-0.025994,-0.028594,-0.040312,-0.054588,-0.060162,-0.034834,-0.044923,,-0.092121,-0.138509,-0.157567,-0.161628,-0.245886,-0.389853,-0.392104,-0.474459,-0.393733,-0.456252,-0.633353,-0.787704,-1.152896,-1.637814,-1.884755,-1.577542,-1.820338,-1.745156,-1.815803,-1.488848,-2.386158,-2.100625,-2.812343,-3.069761,-3.033055,-4.076826,-3.663294,-2.332923,-3.363056,-3.355707,-3.056744,-3.343882,-3.53269,-4.648463,-5.961647,-5.961847,-7.148113,-6.616913,-3.600158,-5.50024,-5.486279,-5.704907,-5.661579,-6.110511,-5.317481,-5.500365,-6.873826,-6.4795,-4.712235,-3.197436,,,,,,
USA.1.0.99.0.UBRA,USA,1.0,0.0,99.0,0.0,UBRA,United States,"01 Balances with the rest of the world, national accounts",Net primary income from the rest of the world (National accounts) ,Mrd ECU/EUR,2.9473,3.297,3.8259,4.1849,4.5989,4.9345,4.7392,5.0647,5.9141,5.9823,6.254,7.2478,7.6289,10.2449,13.0125,10.4806,15.0682,17.7825,16.9382,23.2993,24.5524,29.4998,37.2659,41.6582,45.9929,33.2399,17.2298,15.1485,19.1606,22.5006,27.243,25.4907,23.9404,26.608,19.3069,21.3699,24.3111,20.546,15.5304,28.9967,41.6636,56.2331,48.4299,51.7133,61.6712,60.1243,37.0023,69.8034,98.7343,107.7179,155.1108,170.9337,181.1115,173.3566,177.0101,198.4006,209.0201,259.3201,245.8249,251.8101,185.2545,129.1035,141.913,92.5256,87.1813,138.9451,144.5869
BEL.1.0.99.0.UWCD,BEL,1.0,0.0,99.0,0.0,UWCD,Belgium,01 Compensation of employees,Compensation of employees: total economy ,Mrd ECU/EUR,4.7508,4.932,5.4065,5.9486,6.7073,7.4231,8.1364,8.7536,9.6264,10.7446,12.0626,13.8106,16.367,19.5293,24.5837,28.4345,34.5893,39.637,43.4271,46.3599,50.6493,52.075,50.7352,52.093,55.7956,59.4173,63.4804,66.281,68.4534,73.5046,81.0089,87.5887,93.3744,99.2889,105.2558,111.4444,111.5181,112.3253,116.0686,122.9643,128.5636,135.7096,141.9848,144.6686,148.8507,153.9854,161.3932,170.1056,179.6282,181.0097,184.8864,193.2785,199.851,203.6959,206.318,208.238,212.2861,219.5296,226.7296,234.996,230.8924,245.6768,269.152,292.6611,302.7297,313.0708,322.5943
BGR.1.0.99.0.UWCD,BGR,1.0,0.0,99.0,0.0,UWCD,Bulgaria,01 Compensation of employees,Compensation of employees: total economy ,Mrd ECU/EUR,,,,,,,,,,,,,,,,,,,,,,,,,,,,,,,,,,,,4.32363,2.92246,3.1391,4.6891,4.78022,5.11772,5.66924,6.02603,6.50835,7.08899,8.02915,8.90033,10.44333,12.4917,13.21744,13.89241,14.6039,15.44833,16.61693,17.51213,18.68188,20.11848,22.30292,24.6641,26.77736,27.90431,31.35684,35.94621,41.37461,47.16705,52.35543,56.80564
CZE.1.0.99.0.UWCD,CZE,1.0,0.0,99.0,0.0,UWCD,Czechia,01 Compensation of employees,Compensation of employees: total economy ,Mrd ECU/EUR,,,,,,,,,,,,,,,,,,,,,,,,,,,,,,,,,,13.6623,16.3294,18.16,21.5016,22.5765,23.6632,23.8313,26.3029,29.7114,35.247,35.9689,38.9483,44.6863,50.3865,55.8327,66.5915,60.9085,64.8504,68.2158,68.2867,66.6744,65.2323,69.2307,73.9452,82.826,93.3024,100.487,99.1871,109.7333,123.3991,136.0176,138.4075,147.0642,155.594
DNK.1.0.99.0.UWCD,DNK,1.0,0.0,99.0,0.0,UWCD,Denmark,01 Compensation of employees,Compensation of employees: total economy ,Mrd ECU/EUR,2.7547,3.1406,3.5552,3.7664,4.2736,4.9522,5.5185,6.1142,6.5434,7.5107,8.5061,9.5101,10.5052,12.6543,15.1888,17.3985,20.9718,22.8894,24.7837,26.9705,27.357,29.1875,32.1475,35.2475,37.9769,41.7197,45.4533,49.884,52.1273,53.6852,57.3117,58.7845,61.2244,63.319,65.8112,70.783,74.2081,76.5335,80.7574,85.5123,88.8505,93.517,97.1872,99.7339,102.5546,107.3565,113.662,121.0277,127.4325,127.0384,128.0914,129.7632,131.3227,133.3117,136.2073,140.3556,145.2194,150.0749,154.92,159.8556,162.3766,171.8488,183.5662,191.8288,201.3916,210.2365,218.2255
DEU.1.0.99.0.UWCD,DEU,1.0,0.0,99.0,0.0,UWCD,Germany,01 Compensation of employees,Compensation of employees: total economy ,Mrd ECU/EUR,,,,,,,,,,,,,,,,,,,,,,,,,,,,,,,,823.079,906.915,969.873,1002.601,1069.363,1059.053,1034.07,1053.703,1090.834,1134.632,1152.309,1160.285,1165.998,1170.964,1168.433,1190.349,1224.004,1271.712,1278.78,1317.103,1373.46,1428.808,1471.443,1531.87,1594.004,1657.401,1732.387,1816.102,1899.063,1894.056,1963.032,2081.653,2223.568,2340.283,2417.512,2490.038
D_W.1.0.99.0.UWCD,D_W,1.0,0.0,99.0,0.0,UWCD,West Germany,01 Compensation of employees,Compensation of employees: total economy ,Mrd ECU/EUR,32.3823,37.6542,41.9356,44.9886,49.2258,54.626,58.8163,58.979,65.5464,75.4192,96.3597,112.0868,126.6624,157.3761,184.7913,195.4483,228.8051,261.1471,288.8585,318.3967,344.2796,362.5354,395.6127,423.179,446.1136,466.4063,513.8558,551.8826,574.2846,602.0875,657.1853,717.0467,,,,,,,,,,,,,,,,,,,,,,,,,,,,,,,,,,,
EST.1.0.99.0.UWCD,EST,1.0,0.0,99.0,0.0,UWCD,Estonia,01 Compensation of employees,Compensation of employees: total economy ,Mrd ECU/EUR,,,,,,,,,,,,,,,,,,,,,,,,,,,,,,,,,,0.71321,1.07502,1.51241,1.85192,2.15444,2.37962,2.4696,2.78387,3.10188,3.42485,3.84951,4.26717,4.92157,5.90041,7.33987,8.19518,7.04694,6.86362,7.45161,7.997,8.53081,9.16891,9.76107,10.37967,11.31765,12.46449,13.58326,13.8147,15.05877,17.13295,18.99558,19.85038,20.6841,21.65625
IRL.1.0.99.0.UWCD,IRL,1.0,0.0,99.0,0.0,UWCD,Ireland,01 Compensation of employees,Compensation of employees: total economy ,Mrd ECU/EUR,0.7823,0.8473,0.9366,1.0086,1.1703,1.2468,1.353,1.446,1.4664,1.7075,1.9921,2.2945,2.56,2.7854,3.2988,3.8709,4.1444,4.659,5.4782,6.7441,8.2979,9.6193,10.9984,11.5947,12.3925,13.4832,14.0544,13.9837,14.8124,15.7878,17.2716,18.3552,19.8893,20.3716,21.8465,23.144,25.8986,30.6372,32.799,36.8657,41.9234,46.8948,50.2038,54.6721,59.3938,66.16,72.8451,79.7817,81.8207,74.3969,69.6447,71.4336,72.1842,73.2377,76.1826,80.9716,86.3698,92.3896,98.2918,106.2636,106.103,117.2721,128.5906,142.5504,152.6715,161.8013,170.8621
GRC.1.0.99.0.UWCD,GRC,1.0,0.0,99.0,0.0,UWCD,Greece,01 Compensation of employees,Compensation of employees: total economy ,Mrd ECU/EUR,1.02658,1.10646,1.20397,1.31694,1.50415,1.73332,1.98186,2.22464,2.57753,2.90184,3.23954,3.5495,3.84167,4.22484,5.33009,5.87204,7.27717,8.81487,9.85941,11.37437,11.70224,13.97657,16.9528,17.0776,18.44796,19.22878,16.61648,16.44178,18.92715,22.35855,24.13887,24.69618,25.20408,26.02232,27.41383,30.07846,32.64563,36.74919,38.09472,42.12408,43.46255,46.22666,53.01467,58.25476,62.88473,67.08329,71.98121,77.51361,81.70242,83.52921,81.03857,74.88596,68.38653,62.77841,63.10604,62.28811,63.52989,64.07587,66.36092,68.21593,65.29015,70.11392,73.55121,77.4543,81.71429,85.06457,88.33956
ESP.1.0.99.0.UWCD,ESP,1.0,0.0,99.0,0.0,UWCD,Spain,01 Compensation of employees,Compensation of employees: total economy ,Mrd ECU/EUR,4.7127,5.2696,6.1028,7.4236,8.5004,10.028,11.9868,13.6892,13.6689,15.7421,17.853,20.3385,24.8997,30.4412,39.3993,47.037,54.3972,59.4483,64.9686,80.2388,83.8661,91.3685,98.7271,94.1928,101.46,107.9991,114.9144,124.9388,144.7082,173.1561,201.4629,228.2696,240.9246,223.6016,216.8198,224.3567,240.5459,252.4652,269.1641,290.388,316.163,336.896,358.651,380.011,405.676,435.445,471.958,509.107,545.226,531.653,528.815,515.74,483.951,470.153,476.301,497.019,508.025,528.14,550.649,585.833,561.866,604.193,655.862,715.607,766.0573,806.6583,840.538
FRA.1.0.99.0.UWCD,FRA,1.0,0.0,99.0,0.0,UWCD,France,01 Compensation of employees,Compensation of employees: total economy ,Mrd ECU/EUR,26.154,28.939,32.643,37.366,41.648,44.98,48.506,52.702,61.387,67.484,71.398,79.222,90.358,107.566,123.925,155.95,180.506,195.724,216.525,242.179,276.385,304.81,328.156,342.537,362.647,388.608,408.616,418.725,435.871,464.649,503.769,521.444,551.15,579.18,595.825,623.126,643.803,648.783,673.719,709.318,748.654,781.644,813.794,837.82,866.987,899.274,937.326,974.335,1003.885,1006.633,1032.729,1064.378,1088.78,1107.915,1126.855,1143.091,1164.986,1202.199,1231.985,1243.041,1195.012,1285.636,1377.05,1448.933,1499.645,1535.637,1572.492
HRV.1.0.99.0.UWCD,HRV,1.0,0.0,99.0,0.0,UWCD,Croatia,01 Compensation of employees,Compensation of employees: total economy ,Mrd ECU/EUR,,,,,,,,,,,,,,,,,,,,,,,,,,,,,,,,,,,,7.81584,8.81264,10.0428,11.20608,11.267,11.98,12.48294,13.99524,15.15605,16.27946,17.51604,18.99302,20.8368,22.78706,22.26295,21.765,21.24956,20.79859,20.35025,20.30508,20.7504,21.54391,22.76435,24.51078,25.34125,24.8526,26.60759,30.40888,36.03549,41.29861,44.18951,46.39899
ITA.1.0.99.0.UWCD,ITA,1.0,0.0,99.0,0.0,UWCD,Italy,01 Compensation of employees,Compensation of employees: total economy ,Mrd ECU/EUR,15.1649,16.6802,19.3627,23.5573,26.2402,27.8218,29.7542,33.0655,37.2088,41.267,48.2529,54.7355,60.3505,66.2409,74.9147,88.3667,94.4774,106.4539,114.9197,132.2283,155.8086,178.3759,198.2369,223.328,243.4491,259.3725,277.5914,294.4543,314.1702,350.3146,389.0386,423.1445,426.0957,376.4628,370.1841,345.838,401.4441,427.2032,422.4647,439.1286,456.6956,481.2742,503.5289,524.389,543.3779,566.7351,592.1013,614.8985,636.7028,632.3164,640.1786,649.0672,640.1097,634.1138,635.9379,649.3151,665.2235,682.7548,703.6504,718.9568,677.9612,738.2206,783.5966,824.0265,870.996,904.9649,932.1138
CYP.1.0.99.0.UWCD,CYP,1.0,0.0,99.0,0.0,UWCD,Cyprus,01 Compensation of employees,Compensation of employees: total economy ,Mrd ECU/EUR,,,,,,,,,,,,,,,,,,,,,,,,,,,,,,,,,,,,3.06465,3.23803,3.51319,3.70419,3.95106,4.29288,4.55904,4.92209,5.37573,5.74944,6.47881,7.04524,7.66569,8.37927,8.92285,9.25784,9.55106,9.40663,8.37187,7.90099,7.92914,8.2319,8.84001,9.55321,10.58221,10.57214,11.40803,12.77645,13.638,14.60591,15.24919,15.85777
LVA.1.0.99.0.UWCD,LVA,1.0,0.0,99.0,0.0,UWCD,Latvia,01 Compensation of employees,Compensation of employees: total economy ,Mrd ECU/EUR,,,,,,,,,,,,,,,,,,,,,,,,,,,,,,,,,0.4278,0.89091,1.44074,1.70008,2.09288,2.46762,2.67739,3.01504,3.56726,3.76607,3.88894,4.02772,4.47274,5.52796,7.14155,10.02569,11.7542,8.80408,7.64619,7.99898,8.8221,9.46734,10.09555,10.89371,11.55814,12.4683,13.87447,14.93385,15.01554,15.8691,17.87223,20.68029,22.49832,23.39825,24.21719
LTU.1.0.99.0.UWCD,LTU,1.0,0.0,99.0,0.0,UWCD,Lithuania,01 Compensation of employees,Compensation of employees: total economy ,Mrd ECU/EUR,,,,,,,,,,,,,,,,,,,,,,,,,,,,,,,,,0.59917,0.90374,1.47001,1.9151,2.50898,3.45299,4.16965,4.41615,4.88027,5.17135,5.79917,6.44313,7.30996,8.52002,10.2773,12.3259,14.35507,11.98683,11.47312,12.28698,12.97338,13.74687,14.61904,15.65783,17.01122,18.56025,20.38225,22.64462,23.82572,26.97046,31.41116,35.77629,39.35392,41.91192,44.00752
LUX.1.0.99.0.UWCD,LUX,1.0,0.0,99.0,0.0,UWCD,Luxembourg,01 Compensation of employees,Compensation of employees: total economy ,Mrd ECU/EUR,0.23125,0.24105,0.25592,0.27865,0.32689,0.34816,0.37255,0.38317,0.4219,0.45942,0.54503,0.61437,0.72089,0.85319,1.13444,1.31106,1.54299,1.79751,1.93644,2.08814,2.28368,2.46561,2.43541,2.55726,2.76108,2.96588,3.28872,3.58856,3.81346,4.30744,4.83496,5.35344,5.95256,6.58765,7.18118,7.68497,7.94829,8.1715,8.62377,9.55427,10.65604,11.63848,12.45955,12.87171,13.6481,14.61204,15.84229,17.25097,18.56726,19.02172,19.73589,21.10747,21.90433,22.98006,24.04154,25.05809,25.99445,27.76546,29.70867,31.33706,32.25447,34.91046,38.18983,41.86771,43.50055,45.71908,48.05075
HUN.1.0.99.0.UWCD,HUN,1.0,0.0,99.0,0.0,UWCD,Hungary,01 Compensation of employees,Compensation of employees: total economy ,Mrd ECU/EUR,,,,,,,,,,,,,,,,,,,,,,,,,,,,,,,,,9.2705,17.6654,17.6768,15.9705,16.3152,18.4329,19.0893,19.857,22.7284,26.9189,31.6612,34.3066,38.0969,42.0282,41.9769,46.7249,49.0407,42.4272,43.5953,44.6072,44.7641,44.8412,45.3351,47.235,50.0577,54.7155,57.5106,62.0342,58.3486,62.5694,68.3294,80.5171,88.3899,93.6185,100.6833
MLT.1.0.99.0.UWCD,MLT,1.0,0.0,99.0,0.0,UWCD,Malta,01 Compensation of employees,Compensation of employees: total economy ,Mrd ECU/EUR,,,,,,,,,,,,,,,,,,,,,,,,,,,,,,,0.91573,1.02578,1.07618,1.10965,1.18588,1.29958,1.41946,1.5459,1.63696,1.74951,1.91685,2.07222,2.12432,2.15162,2.19327,2.24665,2.39684,2.52351,2.70492,2.76088,2.89645,3.09465,3.27261,3.49735,3.74783,4.12925,4.53008,4.95104,5.64641,6.17935,6.43173,6.91409,7.54809,8.18995,8.92705,9.59657,10.14358
NLD.1.0.99.0.UWCD,NLD,1.0,0.0,99.0,0.0,UWCD,Netherlands,01 Compensation of employees,Compensation of employees: total economy ,Mrd ECU/EUR,5.669,6.4083,7.0886,7.9074,9.4367,10.6914,12.0281,13.189,15.0526,17.5537,20.1001,23.3704,26.5928,32.362,40.6614,46.5455,54.8757,63.3279,69.8666,75.3731,79.7294,81.091,88.7073,92.5925,93.5322,97.5647,106.4498,113.2337,116.3558,119.9325,128.715,136.7889,147.1525,158.2469,163.3681,173.8265,177.1234,181.0507,193.2672,209.646,226.797,239.194,251.188,257.981,261.726,265.911,274.752,290.622,307.808,312.32,311.9,319.887,324.274,325.151,328.743,330.994,342.642,354.478,372.9,393.062,406.33,423.799,454.769,489.593,523.8645,550.0577,572.06
AUT.1.0.99.0.UWCD,AUT,1.0,0.0,99.0,0.0,UWCD,Austria,01 Compensation of employees,Compensation of employees: total economy ,Mrd ECU/EUR,2.7868,3.0737,3.3395,3.5975,3.9595,4.3601,4.8052,5.2265,5.7344,6.2943,6.8889,8.0826,9.2722,11.6747,14.9804,17.0895,20.244,23.7355,26.5011,28.4428,31.2553,34.1165,37.7746,40.9272,43.7199,46.5314,51.5488,55.0479,57.1185,60.7598,66.0626,71.6726,77.6396,84.4825,88.6861,94.3183,93.7035,92.6383,95.8952,100.1176,103.6259,105.8566,107.8192,110.2441,112.9958,116.6014,122.2118,128.3535,135.556,136.2474,138.8937,144.4081,150.282,154.5017,158.71,163.6314,170.0109,175.9659,184.9181,192.6681,192.0839,201.4164,217.424,234.8295,252.4417,262.0345,271.2057
POL.1.0.99.0.UWCD,POL,1.0,0.0,99.0,0.0,UWCD,Poland,01 Compensation of employees,Compensation of employees: total economy ,Mrd ECU/EUR,,,,,,,,,,,,,,,,,,,,,,,,,,,,,,,,17.4811,18.9127,33.734,36.9787,43.3898,51.8926,59.3837,65.9944,67.3792,76.8206,89.3801,84.417,75.3222,76.4972,91.0489,101.05,116.191,142.0948,119.8727,138.1168,142.2524,145.8909,148.2777,155.4928,161.835,165.1998,181.9276,196.9614,212.9368,215.3392,225.9268,250.0256,290.9033,342.9132,363.0342,383.5457
PRT.1.0.99.0.UWCD,PRT,1.0,0.0,99.0,0.0,UWCD,Portugal,01 Compensation of employees,Compensation of employees: total economy ,Mrd ECU/EUR,1.5312,1.6528,1.7543,1.9207,2.1088,2.3657,2.6302,3.0443,3.4222,3.8378,4.4506,5.0743,5.7826,6.8905,9.1579,11.3237,12.3003,11.1398,10.1837,10.0364,12.3072,15.3729,16.7364,15.7514,15.0796,16.1253,17.129,18.2267,20.2974,24.178,27.577,33.3891,40.0474,39.4131,38.9054,42.5919,45.8396,49.0597,52.7876,57.0795,61.8204,65.3948,68.4224,69.8321,72.3617,75.7815,77.8954,81.0652,83.6769,83.6551,85.2091,82.0251,75.7441,76.6033,76.7072,78.6462,81.2941,85.9003,91.5219,96.9575,96.895,103.7562,113.6042,126.2311,136.0771,142.3367,148.4572
ROM.1.0.99.0.UWCD,ROM,1.0,0.0,99.0,0.0,UWCD,Romania,01 Compensation of employees,Compensation of employees: total economy ,Mrd ECU/EUR,,,,,,,,,,,,,,,,,,,,,,,,,,,,,,,10.7398,7.358,4.0473,9.1239,9.2605,10.3212,10.5212,9.7047,14.1085,11.6347,15.9994,18.7202,19.2428,19.6205,22.4739,31.2064,37.5771,43.3002,53.1481,42.8368,42.9657,43.5488,43.2597,45.6887,49.0567,51.4099,59.8906,69.5377,78.3349,86.5517,86.9567,91.3023,105.171,122.2606,140.0615,154.9206,170.1028
SVN.1.0.99.0.UWCD,SVN,1.0,0.0,99.0,0.0,UWCD,Slovenia,01 Compensation of employees,Compensation of employees: total economy ,Mrd ECU/EUR,,,,,,,,,,,,,,,,,,,,,,,,,,,,,,,,5.94566,6.1871,6.48588,7.01198,8.77176,8.84957,9.22264,9.76387,10.27749,10.91108,11.66892,12.35929,12.91171,13.67982,14.45094,15.4776,17.00481,18.72646,18.58058,18.81571,18.70908,18.27554,17.86172,18.19752,18.71256,19.74067,21.01133,22.58436,24.39165,25.11432,27.42483,29.53447,32.71387,35.0523,37.22044,39.11387
SVK.1.0.99.0.UWCD,SVK,1.0,0.0,99.0,0.0,UWCD,Slovakia,01 Compensation of employees,Compensation of employees: total economy ,Mrd ECU/EUR,,,,,,,,,,,,,,,,,,,,,,,,,,,,,,,,,,4.71411,5.1699,6.10813,7.00859,8.19724,8.58429,7.92274,9.09122,9.46516,10.4003,11.56002,12.57171,14.28923,16.30455,19.88269,23.3769,24.06988,25.00679,26.17145,26.97168,27.54448,28.68766,30.44304,32.00426,34.55409,37.44904,40.29554,41.0527,43.45733,46.76498,51.42653,54.92353,58.16402,61.30488
FIN.1.0.99.0.UWCD,FIN,1.0,0.0,99.0,0.0,UWCD,Finland,01 Compensation of employees,Compensation of employees: total economy ,Mrd ECU/EUR,2.1831,2.4067,2.6893,2.9972,3.5104,3.9281,4.323,4.4109,4.188,4.6875,5.3088,5.9706,6.5884,7.9368,10.4009,13.0072,15.8552,16.0733,14.858,16.7254,20.1472,25.1495,28.3592,29.8959,34.8739,39.1088,39.5474,42.34,47.9653,56.2252,59.7617,58.1321,47.3648,38.8654,42.7949,49.3246,50.3505,52.5928,55.7581,59.464,63.299,66.893,69.012,70.68,73.624,77.395,81.338,85.895,91.57,90.508,92.596,97.076,100.257,101.098,101.375,102.572,104.283,105.061,109.146,112.627,110.869,118.106,126.139,132.399,132.4862,136.9848,141.4229
SWE.1.0.99.0.UWCD,SWE,1.0,0.0,99.0,0.0,UWCD,Sweden,01 Compensation of employees,Compensation of employees: total economy ,Mrd ECU/EUR,6.4058,7.0136,7.8384,8.6719,9.6391,10.6778,11.8739,12.9133,14.402,15.7964,17.6833,19.0425,20.9526,22.3865,26.5784,32.4409,40.6564,43.461,43.0874,46.3696,52.029,58.8519,57.736,56.1244,64.5403,70.9277,71.7998,74.302,81.4565,93.1121,100.1266,105.6156,105.0757,83.9452,87.7958,89.6477,104.1586,107.0972,104.1815,111.8572,128.5071,125.4396,131.0806,136.1302,140.5854,142.9416,150.4949,162.5463,164.3901,148.7555,170.8684,191.1553,206.5062,214.0667,211.4915,214.7317,222.4253,229.195,227.7312,228.7053,233.3724,256.3983,259.3683,256.3372,268.5591,278.7165,289.5864
GBR.1.0.99.0.UWCD,GBR,1.0,0.0,99.0,0.0,UWCD,United Kingdom,01 Compensation of employees,Compensation of employees: total economy ,Mrd ECU/EUR,40.048,42.857,45.102,47.435,51.426,55.546,59.545,61.141,59.156,63.685,71.476,77.917,84.029,87.05,102.532,122.076,125.164,131.938,148.234,178.523,229.229,269.3,281.955,288.33,306.261,331.709,313.606,322.488,381.217,419.942,437.307,474.451,466.371,454.768,473.424,463.342,494.367,629.585,676.716,751.197,872.132,909.86,921.764,882.737,961.975,1010.351,1072.568,1140.007,999.336,883.402,940.411,949.673,1035.638,1027.868,1110.079,1273.734,1173.441,1139.961,1177.742,1238.979,1228.462,1343.352,1458.553,1545.006,1661.381,1746.883,1792.301
MKD.1.0.99.0.UWCD,MKD,1.0,0.0,99.0,0.0,UWCD,North Macedonia,01 Compensation of employees,Compensation of employees: total economy ,Mrd ECU/EUR,,,,,,,,,,,,,,,,,,,,,,,,,,,,,,,,,,,,,,1.62625,1.608217,1.727698,1.761017,1.709255,1.714224,1.795126,1.754188,1.727295,1.925589,1.938295,2.27771,2.430472,2.542859,2.632922,2.652328,2.596525,2.861143,3.005552,3.277845,3.513829,3.724455,3.987106,4.214402,4.505168,5.020634,,,,
SRB.1.0.99.0.UWCD,SRB,1.0,0.0,99.0,0.0,UWCD,Serbia,01 Compensation of employees,Compensation of employees: total economy ,Mrd ECU/EUR,,,,,,,,,,,,,,,,,,,,,,,,,,,,,,,,,,,,,,6.28969,4.79812,4.95976,2.11681,4.38508,6.3349,7.16658,7.89729,8.44042,9.9349,12.45078,14.37163,13.06359,12.2973,13.46325,13.35235,13.80994,13.4622,13.33649,13.79055,14.93037,16.8019,18.7575,20.76073,23.47942,26.93013,31.43014,36.1928,39.62088,42.73915
TUR.1.0.99.0.UWCD,TUR,1.0,0.0,99.0,0.0,UWCD,Turkey,01 Compensation of employees,Compensation of employees: total economy ,Mrd ECU/EUR,4.908,5.1186,5.9287,6.8528,7.2829,7.7246,9.2485,10.2008,11.162,12.742,12.5049,9.1429,9.0283,8.2223,8.5602,16.0038,15.9806,20.9563,18.575,27.1986,18.7076,21.3723,20.0436,23.0471,24.8072,21.6437,19.6505,19.8816,23.887,30.8097,46.0173,55.8398,55.5674,68.0853,39.8399,41.1892,49.0785,62.0448,64.8726,66.6057,79.745,55.7732,62.8003,70.0455,81.5853,100.8135,108.8385,126.9636,134.8453,124.3558,157.3873,158.9047,189.57,199.8621,203.1855,225.9918,251.3136,229.8229,197.8078,212.425,183.5728,187.6093,203.781,297.4149,465.0431,744.5599,894.6718
ISL.1.0.99.0.UWCD,ISL,1.0,0.0,99.0,0.0,UWCD,Iceland,01 Compensation of employees,Compensation of employees: total economy ,Mrd ECU/EUR,0.11872,0.12421,0.13512,0.16346,0.21794,0.25718,0.30513,0.29843,0.22727,0.20062,0.25188,0.32024,0.36439,0.45915,0.63677,0.53763,0.68262,0.90316,0.9437,1.02741,1.18121,1.51742,1.59047,1.36672,1.5694,1.80893,1.87461,2.5082,2.73072,2.48465,2.38978,2.78903,2.76228,2.59053,2.56768,2.67581,2.89739,3.23363,3.77964,4.38429,5.16423,4.7475,5.15822,5.43518,5.91525,7.40494,7.72882,8.83757,5.59555,4.26078,4.78696,5.25463,5.62078,6.02375,6.72599,7.91005,9.69661,11.82537,12.29208,11.79743,10.14415,11.56835,14.2737,15.26877,15.71992,16.13621,16.54964
NOR.1.0.99.0.UWCD,NOR,1.0,0.0,99.0,0.0,UWCD,Norway,01 Compensation of employees,Compensation of employees: total economy ,Mrd ECU/EUR,2.2539,2.4358,2.7267,2.9491,3.2012,3.5273,3.892,4.3981,4.9266,5.3779,5.9815,6.8882,7.7435,9.0857,11.3495,13.6498,16.9291,19.2753,19.3014,19.3902,22.0165,26.8143,30.2898,31.9109,35.2697,38.5479,38.9124,41.0318,43.9242,45.0731,44.7406,46.4339,48.0921,47.7354,49.7763,53.3755,57.8316,64.111,66.7938,72.6997,78.7326,84.2524,94.6494,91.2565,91.5649,101.7043,110.5954,123.0686,131.7537,127.796,143.7329,157.0511,174.8696,177.1565,172.6327,166.0233,162.5686,167.2284,170.7562,175.9448,162.0352,181.4699,197.6664,188.6304,195.9494,203.1821,212.8959
CHE.1.0.99.0.UWCD,CHE,1.0,0.0,99.0,0.0,UWCD,Switzerland,01 Compensation of employees,Compensation of employees: total economy ,Mrd ECU/EUR,4.3646,4.8951,5.4786,6.1168,6.7984,7.3802,7.8631,8.5793,9.4787,10.2775,11.564,13.8764,15.9454,19.9789,25.1054,27.725,31.9566,33.3645,42.2786,44.4046,46.8498,54.0192,63.8208,70.8669,74.4434,78.65,88.1341,94.935,100.3047,103.3508,115.1693,122.9364,123.7115,131.5445,141.2122,151.6167,149.8347,144.6046,149.1453,154.1681,164.7541,179.5701,190.1832,184.0575,183.0051,188.0383,192.2774,194.1359,210.7699,226.6843,250.1218,290.6992,304.9185,305.5048,314.5162,364.4256,361.338,359.2381,353.4168,377.7242,387.6706,400.7374,455.6738,487.3284,509.6359,528.98,544.3226
AUS.1.0.99.0.UWCD,AUS,1.0,0.0,99.0,0.0,UWCD,Australia,01 Compensation of employees,Compensation of employees: total economy ,Mrd ECU/EUR,8.8977,9.0881,9.6096,10.5089,11.7997,12.7885,13.9939,15.3208,17.543,19.8692,22.8178,25.1622,27.5945,36.6593,48.9343,49.9409,58.3638,56.8621,56.4776,57.0843,70.4187,99.3901,107.7077,111.4138,134.8447,121.8409,97.8194,96.5046,117.3828,143.2226,127.1989,132.119,123.5754,132.1648,148.742,146.6942,170.8057,189.2594,172.222,196.4859,218.0841,210.6998,222.8913,237.8856,263.1629,292.0853,312.5771,347.0035,338.7663,345.9078,463.4803,529.5868,594.7338,554.6604,534.2985,549.1429,559.5586,592.7115,581.9896,594.0488,602.3063,679.0991,776.5919,,,,
CAN.1.0.99.0.UWCD,CAN,1.0,0.0,99.0,0.0,UWCD,Canada,01 Compensation of employees,Compensation of employees: total economy ,Mrd ECU/EUR,38.029,37.904,38.506,40.681,44.465,49.548,56.052,62.299,70.093,78.9,88.254,97.936,104.727,108.756,135.879,150.815,195.542,196.646,178.636,181.887,203.034,,,,,,,,,,,268.063,248.47,262.538,250.899,234.634,249.35,290.8,288.861,320.157,402.765,414.602,402.445,392.752,406.221,459.615,518.557,534.068,525.661,512.363,613.639,641.7,719.05,702.425,681.016,723.865,700.251,730.484,736.873,790.846,758.832,856.454,1012.493,1012.049,,,
JPN.1.0.99.0.UWCD,JPN,1.0,0.0,99.0,0.0,UWCD,Japan,01 Compensation of employees,Compensation of employees: total economy ,Mrd ECU/EUR,16.686,19.549,23.282,27.168,31.781,37.014,42.838,49.466,59.663,70.678,85.214,102.196,127.417,162.839,202.642,222.352,273.16,330.493,408.906,392.876,406.947,565.713,602.363,729.767,869.647,942.48,1075.038,1101.863,1282.525,1369.904,1225.896,1460.822,1529.098,1971.182,2156.187,2161.942,1959.399,2032.593,1874.391,2218.299,2711.849,2451.916,2179.437,1947.608,1903.026,1903.34,1815.274,1652.591,1749.161,1946.196,2159.727,2266.197,2453.991,1952.776,1834.617,1939.521,2223.787,2146.553,2156.781,2350.582,2323.257,2222.663,2140.976,2008.803,1936.863,1992.711,2042.529
KOR.1.0.99.0.UWCD,KOR,1.0,0.0,99.0,0.0,UWCD,Korea,01 Compensation of employees,Compensation of employees: total economy ,Mrd ECU/EUR,,,,,,,,,,,2.9635,3.1941,3.2044,3.7597,5.1334,5.6287,8.8415,11.7244,14.9827,18.6415,19.6462,26.1504,31.8044,42.4758,54.961,45.2106,43.0373,45.5116,70.0191,88.8816,90.9658,111.2971,132.1181,158.6412,168.8403,196.3569,226.5771,230.2575,147.2553,194.386,259.0719,258.0762,279.91,266.2455,273.2069,327.4476,370.1246,375.5363,315.1329,297.0093,367.1805,389.582,435.1395,457.1428,502.3017,597.0446,612.2116,645.7208,668.2814,699.76,695.2968,725.8686,758.3286,,,,
NZL.1.0.99.0.UWCD,NZL,1.0,0.0,99.0,0.0,UWCD,New Zealand,01 Compensation of employees,Compensation of employees: total economy ,Mrd ECU/EUR,1.6092,1.6962,1.7843,1.9172,2.1236,2.3325,2.5184,2.5858,2.3167,2.5908,3.1214,3.661,4.0455,4.9375,6.2756,6.031,6.2439,6.8469,7.6109,8.1327,9.6131,12.5492,13.1616,13.1468,13.8726,14.779,14.3322,15.4788,17.4671,17.6108,15.4087,15.1883,13.768,16.0522,18.5245,19.7299,22.726,25.4874,21.3235,22.7432,23.729,24.2817,27.0702,30.5441,34.3534,39.4665,38.4289,43.367,40.9755,38.7962,48.3371,52.4452,59.9059,60.9377,65.2538,69.0117,72.8323,77.2527,76.5122,82.0241,82.2598,94.6932,104.0354,,,,
USA.1.0.99.0.UWCD,USA,1.0,0.0,99.0,0.0,UWCD,United States,01 Compensation of employees,Compensation of employees: total economy ,Mrd ECU/EUR,285.4,290.97,310.61,327.6,351.49,378.96,419.91,452.43,515.84,571.75,609.77,634.66,651.94,659.8,744.31,763.46,937.69,1021.7,1033.56,1077.95,1165.2,1605.7,1932.37,2260.86,2808.6,3128.79,2584.77,2359.38,2493.79,2850.82,2624.94,2786.78,2828.14,3262.69,3371.28,3212.65,3481.84,4156.13,4527.47,5076.05,6338.84,6750.94,6496.97,5624.57,5409.83,5689.07,5966.28,5756.65,5486.08,5568.75,5983.91,5915.43,6674.54,6658.77,6970.0,8751.17,9013.52,9237.1,9287.14,10235.58,10159.41,10629.4,12790.82,13141.57,13675.99,14217.68,14768.24
BEL.1.0.99.0.UTVN,BEL,1.0,0.0,99.0,0.0,UTVN,Belgium,"02 Taxes linked to imports and production and subsidies, total economy",Taxes linked to imports and production minus subsidies: total economy ,Mrd ECU/EUR,1.14885,1.29852,1.38226,1.48702,1.66308,1.75451,1.99593,2.25762,2.39934,2.64803,2.8455,3.07696,3.13844,3.54185,4.43622,4.70578,5.78182,6.73862,7.16962,7.74005,8.00062,8.37593,8.75283,9.14997,9.42024,10.31986,10.86226,12.49259,13.24026,15.0899,16.30713,16.88985,18.3248,19.95245,22.27082,23.26613,24.02609,25.36048,26.23627,28.1133,29.7118,29.5611,30.6431,31.3732,33.6931,33.7851,34.5587,35.4366,35.5449,34.228,35.0853,35.9601,38.29,38.5323,39.0137,39.9707,42.8715,44.3932,45.7624,46.8978,37.5403,46.0211,49.5203,53.0108,53.40822,53.70565,54.82924
BGR.1.0.99.0.UTVN,BGR,1.0,0.0,99.0,0.0,UTVN,Bulgaria,"02 Taxes linked to imports and production and subsidies, total economy",Taxes linked to imports and production minus subsidies: total economy ,Mrd ECU/EUR,,,,,,,,,,,,,,,,,,,,,,,,,,,,,,,,0.2993,0.33853,0.85525,1.0176,1.10452,0.80542,0.85766,1.45753,1.47122,1.82617,1.94053,2.01338,2.4737,3.11753,3.68445,4.36254,4.75566,5.65655,4.62707,4.56092,4.98893,5.13737,5.14273,5.06703,5.55459,5.88713,6.39991,6.16624,6.99056,6.3722,6.50156,8.59107,10.82035,12.58714,14.0134,14.72076
CZE.1.0.99.0.UTVN,CZE,1.0,0.0,99.0,0.0,UTVN,Czechia,"02 Taxes linked to imports and production and subsidies, total economy",Taxes linked to imports and production minus subsidies: total economy ,Mrd ECU/EUR,,,,,,,,,,,,,,,,,,,,,,,,,,,,,,,,,,3.69308,3.88174,4.18849,4.92431,4.65372,4.6671,5.10903,5.54814,5.96176,7.15657,7.16636,8.75627,9.7934,10.47148,12.15992,13.90097,12.78506,13.8616,15.00957,15.32411,15.45556,13.93779,15.89842,16.81017,18.74014,19.66058,20.81872,16.96468,18.64323,24.08047,24.23438,26.84427,28.23756,29.73083
DNK.1.0.99.0.UTVN,DNK,1.0,0.0,99.0,0.0,UTVN,Denmark,"02 Taxes linked to imports and production and subsidies, total economy",Taxes linked to imports and production minus subsidies: total economy ,Mrd ECU/EUR,0.66323,0.62376,0.7496,0.86793,1.00345,1.17764,1.35665,1.56084,1.79812,2.0513,2.28499,2.42879,2.75471,3.1292,3.19957,3.83785,4.82734,5.5645,6.49374,7.47177,7.31052,7.82604,8.21539,9.1406,10.1839,11.63975,13.77609,14.25486,14.11703,13.7788,14.05792,14.534,14.52626,15.37905,17.31984,18.78979,20.23289,21.53936,23.76309,24.93683,25.26821,26.43384,27.44294,27.82638,29.71725,32.32132,34.24401,35.71399,34.91345,32.05181,33.83076,34.67122,35.5068,36.3185,37.21828,38.42933,40.08137,41.199,42.6311,43.29453,39.19762,44.13559,48.75038,46.87139,48.08677,50.08855,52.10758
DEU.1.0.99.0.UTVN,DEU,1.0,0.0,99.0,0.0,UTVN,Germany,"02 Taxes linked to imports and production and subsidies, total economy",Taxes linked to imports and production minus subsidies: total economy ,Mrd ECU/EUR,,,,,,,,,,,,,,,,,,,,,,,,,,,,,,,,118.816,134.1532,149.8252,161.1042,165.1749,162.5901,164.3207,169.7656,190.765,196.809,200.88,203.987,211.114,210.999,214.844,222.765,249.006,253.749,246.9,252.096,274.248,279.38,287.222,296.547,308.743,317.049,329.277,339.261,347.339,279.496,306.642,369.615,344.082,386.3675,407.8104,426.1076
D_W.1.0.99.0.UTVN,D_W,1.0,0.0,99.0,0.0,UTVN,West Germany,"02 Taxes linked to imports and production and subsidies, total economy",Taxes linked to imports and production minus subsidies: total economy ,Mrd ECU/EUR,8.5842,9.8021,10.6895,11.1768,12.1016,12.7929,13.5658,14.2192,14.6026,18.4679,20.032,23.3905,25.4812,30.0497,32.8674,34.5256,40.8469,46.0096,50.853,57.4527,61.072,62.8318,68.3391,75.1656,79.5402,80.9277,86.2216,90.0622,93.9541,104.6529,118.7171,132.6706,,,,,,,,,,,,,,,,,,,,,,,,,,,,,,,,,,,
EST.1.0.99.0.UTVN,EST,1.0,0.0,99.0,0.0,UTVN,Estonia,"02 Taxes linked to imports and production and subsidies, total economy",Taxes linked to imports and production minus subsidies: total economy ,Mrd ECU/EUR,,,,,,,,,,,,,,,,,,,,,,,,,,,,,,,,,,0.175395,0.261155,0.353209,0.466181,0.575269,0.557583,0.57076,0.70053,0.80053,0.90752,0.99254,1.12209,1.29392,1.64203,1.98177,1.77334,1.82647,1.73459,1.94589,2.15038,2.23922,2.51479,2.70888,2.95947,3.10167,3.31346,3.67344,3.01602,3.65116,4.26255,4.5821,5.258059,5.715954,6.213462
IRL.1.0.99.0.UTVN,IRL,1.0,0.0,99.0,0.0,UTVN,Ireland,"02 Taxes linked to imports and production and subsidies, total economy",Taxes linked to imports and production minus subsidies: total economy ,Mrd ECU/EUR,0.22486,0.22446,0.237,0.26812,0.31869,0.34342,0.39121,0.40776,0.41799,0.51071,0.5872,0.67348,0.75597,0.79314,0.77783,0.73785,1.00686,0.86915,0.78491,0.86219,1.33432,1.90366,2.43668,2.66767,2.80895,2.83098,3.00394,3.00571,3.07742,4.17514,3.74726,3.80188,4.40983,4.08729,5.06141,5.57661,6.04713,7.4652,8.4406,9.71905,11.51988,11.81561,13.02346,14.47465,16.54618,18.60314,21.88225,22.60069,19.08486,14.96929,14.98376,14.61092,15.05281,16.18342,18.36345,19.45445,20.70938,21.76324,22.63686,24.6107,16.28824,21.2526,27.56294,30.23983,33.01468,35.04728,36.6936
GRC.1.0.99.0.UTVN,GRC,1.0,0.0,99.0,0.0,UTVN,Greece,"02 Taxes linked to imports and production and subsidies, total economy",Taxes linked to imports and production minus subsidies: total economy ,Mrd ECU/EUR,0.36168,0.40984,0.45022,0.51308,0.57214,0.64341,0.73793,0.81343,0.97548,1.16202,1.2699,1.29144,1.34149,1.41687,1.46256,1.8306,2.17191,2.60811,2.85767,3.3728,2.91745,2.74091,3.58644,3.96273,4.52007,3.97312,4.07284,4.50376,5.11309,5.04676,6.54702,8.13101,9.0913,8.66276,9.07827,9.87078,11.44031,12.9917,12.90493,15.3153,16.04547,17.31645,18.17868,18.71704,19.4801,20.5226,23.91119,25.94094,27.2211,24.29477,25.25899,23.86619,22.16922,21.11622,23.75194,24.38289,26.30606,26.60177,27.4931,27.4572,19.148,20.30086,25.54326,31.90107,35.08662,36.18298,37.42849
ESP.1.0.99.0.UTVN,ESP,1.0,0.0,99.0,0.0,UTVN,Spain,"02 Taxes linked to imports and production and subsidies, total economy",Taxes linked to imports and production minus subsidies: total economy ,Mrd ECU/EUR,1.198,1.3116,1.4516,1.7114,1.9846,2.3811,2.8999,3.1777,3.0109,3.7454,4.1169,4.2615,5.1561,6.5887,7.1774,7.7185,8.3476,8.9997,7.9669,10.5803,11.1546,13.8169,15.3638,16.1034,19.4981,22.5027,24.2358,25.3345,27.1352,32.6917,36.1579,39.6732,44.5686,35.037,36.8267,37.9544,41.5799,44.7001,50.2878,55.957,61.056,64.659,68.802,76.38,86.653,98.132,107.912,106.366,87.615,68.7,89.278,86.117,91.222,97.936,103.367,112.189,114.776,120.031,126.311,127.499,102.219,126.973,132.395,143.549,156.6953,166.4539,173.2729
FRA.1.0.99.0.UTVN,FRA,1.0,0.0,99.0,0.0,UTVN,France,"02 Taxes linked to imports and production and subsidies, total economy",Taxes linked to imports and production minus subsidies: total economy ,Mrd ECU/EUR,8.405,8.9399,9.9998,11.431,12.9882,13.7809,14.9256,15.7599,16.6247,18.5568,18.4543,19.9906,22.9517,27.02,28.1458,35.1434,42.4013,42.6012,50.0148,58.9379,63.829,69.6082,76.9042,80.3237,86.133,93.7999,97.5168,102.3893,111.8433,119.4326,127.2104,130.1495,134.1926,141.1957,156.2579,166.5847,178.2419,182.2979,189.5165,196.8846,201.0106,201.4071,206.3492,211.532,226.4971,239.0263,248.3553,255.8714,258.2831,250.4059,252.9235,271.8243,279.6391,277.5149,279.0827,289.1193,298.8735,310.7357,330.1919,364.826,317.063,336.4299,366.6706,370.3316,395.2705,415.3101,429.6453
HRV.1.0.99.0.UTVN,HRV,1.0,0.0,99.0,0.0,UTVN,Croatia,"02 Taxes linked to imports and production and subsidies, total economy",Taxes linked to imports and production minus subsidies: total economy ,Mrd ECU/EUR,,,,,,,,,,,,,,,,,,,,,,,,,,,,,,,,,,1.58206,2.45027,3.08943,3.21668,3.53194,4.06085,3.80853,4.16535,4.51406,5.07114,5.34836,5.53256,5.96346,6.65453,7.14075,7.79448,6.93045,7.15912,7.00381,7.35608,7.75162,7.7229,8.01162,8.48801,9.0179,9.81304,10.33818,7.64873,9.74003,11.233,12.92013,14.78278,15.8944,16.83559
ITA.1.0.99.0.UTVN,ITA,1.0,0.0,99.0,0.0,UTVN,Italy,"02 Taxes linked to imports and production and subsidies, total economy",Taxes linked to imports and production minus subsidies: total economy ,Mrd ECU/EUR,4.4111,5.0166,5.2899,5.8468,6.1888,6.4065,6.7738,7.6713,7.965,8.352,9.1036,9.3469,9.2886,9.8272,11.0488,8.403,10.7128,13.0532,13.775,14.1636,18.2029,19.1007,23.2686,29.6633,32.9673,35.2218,39.0994,46.1051,55.992,62.5534,75.5456,85.8346,88.6335,83.5397,86.2717,87.4182,99.072,112.7729,149.7092,152.396,158.338,159.761,166.644,167.995,178.401,188.394,204.197,211.996,201.605,187.72,200.209,206.642,219.131,211.674,217.923,221.5774,212.041,221.975,223.764,229.418,194.97,221.536,231.525,250.4656,262.4781,274.4228,284.8291
CYP.1.0.99.0.UTVN,CYP,1.0,0.0,99.0,0.0,UTVN,Cyprus,"02 Taxes linked to imports and production and subsidies, total economy",Taxes linked to imports and production minus subsidies: total economy ,Mrd ECU/EUR,,,,,,,,,,,,,,,,,,,,,,,,,,,,,,,,,,,,0.801897,0.797239,0.804565,0.885953,0.949842,1.147399,1.276161,1.385888,1.742184,2.000815,2.225123,2.508969,2.998797,3.10049,2.64093,2.72809,2.62822,2.61932,2.36553,2.52769,2.56015,2.71184,2.96525,3.19389,3.29388,2.34528,2.85188,3.90017,4.3205,4.785273,4.902887,5.02202
LVA.1.0.99.0.UTVN,LVA,1.0,0.0,99.0,0.0,UTVN,Latvia,"02 Taxes linked to imports and production and subsidies, total economy",Taxes linked to imports and production minus subsidies: total economy ,Mrd ECU/EUR,,,,,,,,,,,,,,,,,,,,,,,,,,,,,,,,,0.075725,0.213191,0.423578,0.492966,0.552244,0.715294,0.841344,0.845935,0.97824,1.054733,1.065101,1.15945,1.276601,1.52874,1.964492,2.410961,2.131864,1.615968,1.70233,2.042664,2.237611,2.391303,2.55639,2.84106,2.97414,3.10746,3.54342,3.73074,3.44907,3.30363,4.32342,4.41599,4.699362,4.950959,5.333052
LTU.1.0.99.0.UTVN,LTU,1.0,0.0,99.0,0.0,UTVN,Lithuania,"02 Taxes linked to imports and production and subsidies, total economy",Taxes linked to imports and production minus subsidies: total economy ,Mrd ECU/EUR,,,,,,,,,,,,,,,,,,,,,,,,,,,,,,,,,,0.166273,0.345739,0.563916,0.685877,1.129971,1.276922,1.30464,1.465121,1.551871,1.760218,1.811227,1.810158,2.00987,2.29553,2.92335,3.37328,2.62484,2.79211,3.12105,3.25054,3.31868,3.5485,3.75461,3.95081,4.30908,4.578,4.95807,4.25193,5.31204,6.18947,7.20965,7.773488,8.411714,9.025891
LUX.1.0.99.0.UTVN,LUX,1.0,0.0,99.0,0.0,UTVN,Luxembourg,"02 Taxes linked to imports and production and subsidies, total economy",Taxes linked to imports and production minus subsidies: total economy ,Mrd ECU/EUR,0.039765,0.039939,0.039411,0.040872,0.043106,0.047474,0.048213,0.049553,0.055406,0.066159,0.082911,0.094758,0.117344,0.144297,0.161819,0.175441,0.19643,0.210717,0.252542,0.269181,0.321602,0.31413,0.347281,0.433549,0.505172,0.558591,0.606385,0.651163,0.719996,0.851522,0.953406,1.056421,1.147561,1.472148,1.556684,1.676603,1.696471,1.845696,2.042989,2.43704,2.82295,2.81194,2.82989,2.94096,3.30993,3.69196,3.90368,4.4234,4.31325,4.19296,4.51601,4.84981,5.14476,5.39277,5.92526,5.14941,5.52331,5.9549,6.33364,6.52732,6.46392,7.73705,8.06885,7.79104,8.590711,9.289896,9.749448
HUN.1.0.99.0.UTVN,HUN,1.0,0.0,99.0,0.0,UTVN,Hungary,"02 Taxes linked to imports and production and subsidies, total economy",Taxes linked to imports and production minus subsidies: total economy ,Mrd ECU/EUR,,,,,,,,,,,,,,,,,,,,,,,,,,,,,,,,,,,,5.38571,5.40012,5.69512,5.99287,6.60018,7.62489,8.21194,9.46116,10.63643,11.81622,12.27528,11.74986,13.97628,14.87421,13.47326,15.1004,15.0182,15.00199,15.41764,16.19726,17.55836,17.39851,19.14091,21.41388,23.39653,21.84287,24.07955,26.55115,27.84716,30.46924,31.82599,33.93453
MLT.1.0.99.0.UTVN,MLT,1.0,0.0,99.0,0.0,UTVN,Malta,"02 Taxes linked to imports and production and subsidies, total economy",Taxes linked to imports and production minus subsidies: total economy ,Mrd ECU/EUR,,,,,,,,,,,,,,,,,,,,,,,,,,,,,,,0.183281,0.210822,0.221138,0.205876,0.211458,0.294815,0.276977,0.325928,0.31353,0.391391,0.469224,0.511591,0.508756,0.509508,0.584791,0.65105,0.68278,0.72116,0.73727,0.77098,0.8541,0.8768,0.87166,0.91181,1.00869,1.0776,1.14719,1.27737,1.40359,1.43692,0.72204,0.8814,0.96997,1.2214,1.661972,1.927701,2.089013
NLD.1.0.99.0.UTVN,NLD,1.0,0.0,99.0,0.0,UTVN,Netherlands,"02 Taxes linked to imports and production and subsidies, total economy",Taxes linked to imports and production minus subsidies: total economy ,Mrd ECU/EUR,0.907,1.0245,1.1196,1.2209,1.4314,1.6293,1.8363,2.0528,2.4827,2.5924,2.9794,3.5971,4.0839,4.664,5.2979,6.0113,7.2628,9.1895,9.852,10.3408,10.6204,10.7644,11.693,12.3132,13.1509,13.7094,15.4487,15.9301,16.8747,17.6675,19.6783,21.1048,22.2702,26.204,27.3746,32.6896,34.3647,35.4348,37.4539,41.908,44.732,50.853,52.28,53.882,56.121,59.806,64.025,65.817,68.536,62.434,63.72,64.176,63.573,67.15,71.99,72.918,77.672,80.632,85.609,91.992,69.54,81.803,97.733,103.213,110.1503,113.5856,116.7067
AUT.1.0.99.0.UTVN,AUT,1.0,0.0,99.0,0.0,UTVN,Austria,"02 Taxes linked to imports and production and subsidies, total economy",Taxes linked to imports and production minus subsidies: total economy ,Mrd ECU/EUR,0.76041,0.85793,0.91356,0.97475,1.11073,1.21093,1.35263,1.42369,1.66911,1.82461,2.06572,2.374,2.86313,3.63304,4.27281,4.27523,4.90549,5.84458,6.01724,6.65433,7.26404,7.86838,8.76434,9.87615,11.24811,11.6751,12.20742,13.03656,14.09946,15.17488,16.10752,16.98939,18.27819,19.72897,21.82722,21.55544,23.18637,24.11771,24.47097,26.11106,26.70121,27.71118,28.86107,28.76936,29.92341,31.22451,32.03118,34.2835,35.57598,35.79699,37.2699,39.67831,41.18347,41.8436,42.6515,44.95749,45.8012,46.74437,47.34952,48.83245,32.21653,38.20868,49.94223,54.26628,57.585,60.86257,63.75283
POL.1.0.99.0.UTVN,POL,1.0,0.0,99.0,0.0,UTVN,Poland,"02 Taxes linked to imports and production and subsidies, total economy",Taxes linked to imports and production minus subsidies: total economy ,Mrd ECU/EUR,,,,,,,,,,,,,,,,,,,,,,,,,,,,,,,,5.5581,4.5399,10.4277,12.1655,14.3098,16.7649,18.2872,19.2727,20.532,22.6428,26.1532,27.3595,25.049,25.8845,31.0674,34.6843,41.2271,47.0607,35.8068,44.3065,46.728,45.3011,44.245,46.4508,49.9243,49.9023,58.776,64.6844,67.8427,51.3224,76.9085,80.3276,88.5614,112.8626,128.7397,139.1026
PRT.1.0.99.0.UTVN,PRT,1.0,0.0,99.0,0.0,UTVN,Portugal,"02 Taxes linked to imports and production and subsidies, total economy",Taxes linked to imports and production minus subsidies: total economy ,Mrd ECU/EUR,0.1808,0.20243,0.21575,0.2301,0.25759,0.28688,0.32027,0.40864,0.45655,0.52404,0.6256,0.65565,0.735,0.89349,0.95972,1.09062,1.29905,1.33937,1.08682,1.108,1.31754,1.25095,2.22622,2.25574,1.39752,2.18042,4.01752,4.25548,5.22988,5.96272,6.68128,7.78737,9.61869,8.74892,9.47132,10.29954,10.86317,11.57888,12.8527,14.02608,15.04536,15.72066,17.16278,17.4153,18.42582,20.30077,22.12978,22.81963,22.72127,19.40228,20.8872,21.33695,20.51225,20.71585,22.10521,23.99736,25.14354,27.23966,28.85203,30.05403,24.22458,26.59179,32.25265,35.48008,37.78104,40.03782,41.3023
ROM.1.0.99.0.UTVN,ROM,1.0,0.0,99.0,0.0,UTVN,Romania,"02 Taxes linked to imports and production and subsidies, total economy",Taxes linked to imports and production minus subsidies: total economy ,Mrd ECU/EUR,,,,,,,,,,,,,,,,,,,,,,,,,,,,,,,0.62069,0.67063,0.17881,1.17515,1.34757,1.50199,1.31457,1.88165,3.48347,3.34734,3.91466,4.37268,4.89845,5.41989,5.93881,8.91914,10.59402,13.69011,14.67706,11.03682,13.04891,15.44668,15.77998,16.47562,17.35657,19.3186,17.36167,17.05923,18.49087,20.44546,18.38144,22.25153,22.87158,29.59771,32.51493,35.69911,38.42136
SVN.1.0.99.0.UTVN,SVN,1.0,0.0,99.0,0.0,UTVN,Slovenia,"02 Taxes linked to imports and production and subsidies, total economy",Taxes linked to imports and production minus subsidies: total economy ,Mrd ECU/EUR,,,,,,,,,,,,,,,,,,,,,,,,,,,,,,,,1.09053,1.174649,1.480614,1.693907,2.116113,2.277876,2.388217,2.692335,3.02943,2.966656,3.107156,3.428354,3.595185,3.80334,3.958798,4.079757,4.45448,4.56453,4.0609,4.27097,4.62593,4.61799,4.79759,5.05506,5.30861,5.43571,5.68994,5.98453,6.24301,3.99743,5.5523,6.76427,6.86959,7.844652,8.491297,8.85052
SVK.1.0.99.0.UTVN,SVK,1.0,0.0,99.0,0.0,UTVN,Slovakia,"02 Taxes linked to imports and production and subsidies, total economy",Taxes linked to imports and production minus subsidies: total economy ,Mrd ECU/EUR,,,,,,,,,,,,,,,,,,,,,,,,,,,,,,,,,,0.93825,1.46543,1.48834,1.69094,1.72896,2.06073,1.91188,2.28312,2.23896,2.66896,3.1535,3.53757,4.43206,4.51591,5.57422,5.81318,5.66609,5.97456,6.78314,6.60097,6.89868,7.33965,7.86701,8.04843,8.69868,9.22616,9.9376,9.46351,10.1082,11.83575,10.00039,12.68072,15.94458,17.14141
FIN.1.0.99.0.UTVN,FIN,1.0,0.0,99.0,0.0,UTVN,Finland,"02 Taxes linked to imports and production and subsidies, total economy",Taxes linked to imports and production minus subsidies: total economy ,Mrd ECU/EUR,0.52073,0.58194,0.63355,0.61293,0.65233,0.77125,0.84504,0.97912,0.99698,1.07986,1.16377,1.3042,1.44344,1.72869,1.94418,2.06859,2.52245,2.89297,2.92491,3.20076,3.83029,4.7958,5.5438,5.81453,7.31373,8.17339,8.52982,9.30858,11.87794,13.85278,13.37586,11.98272,9.71155,8.41744,9.81452,10.9248,11.8248,13.54529,14.29259,15.154,15.617,15.925,16.879,17.954,18.212,19.111,19.952,20.707,20.969,20.222,22.114,25.075,26.075,27.353,27.693,27.935,29.525,30.168,31.71,32.542,30.388,32.323,35.213,34.514,35.84625,37.24592,38.51569
SWE.1.0.99.0.UTVN,SWE,1.0,0.0,99.0,0.0,UTVN,Sweden,"02 Taxes linked to imports and production and subsidies, total economy",Taxes linked to imports and production minus subsidies: total economy ,Mrd ECU/EUR,2.4004,2.6265,3.1476,3.4404,3.7837,4.3923,4.9773,5.4451,6.2851,6.8239,7.4899,9.4402,9.8259,11.0991,11.2193,13.2067,15.4637,16.852,14.688,15.0852,17.3455,20.7449,19.3199,20.4142,24.3673,26.6294,28.4952,30.5863,33.2228,38.1859,40.4114,46.8292,42.2258,32.918,34.1452,36.2044,43.4564,44.8491,52.5623,55.9831,58.8974,56.5041,59.5338,61.8292,63.7147,65.3015,68.2133,72.7059,73.034,64.7609,75.6237,81.5455,85.9505,88.7782,86.7463,90.5304,96.8069,99.3861,97.2553,96.7009,89.5829,104.1169,111.2098,106.8406,108.985,114.1978,118.9117
GBR.1.0.99.0.UTVN,GBR,1.0,0.0,99.0,0.0,UTVN,United Kingdom,"02 Taxes linked to imports and production and subsidies, total economy",Taxes linked to imports and production minus subsidies: total economy ,Mrd ECU/EUR,6.5658,6.7945,7.2775,7.6606,8.7419,9.7549,10.7837,11.3967,11.7977,14.128,15.3751,15.5794,15.3129,13.8633,13.2862,14.9147,17.0077,21.2538,24.1122,32.5015,44.6983,54.4874,62.9497,63.2207,67.6335,72.4093,72.2744,76.5899,90.4539,95.6678,95.4547,108.5916,107.4473,103.9264,111.5556,113.0826,120.0255,152.3204,166.8988,185.5814,213.6502,213.1991,218.7693,207.1162,223.3346,225.7397,238.0384,250.2452,212.7631,176.9772,214.2569,231.434,254.799,256.3328,283.1438,321.9738,295.3789,288.0693,292.9087,302.5118,149.6745,245.5274,331.2926,324.7866,351.5429,371.7544,387.316
MKD.1.0.99.0.UTVN,MKD,1.0,0.0,99.0,0.0,UTVN,North Macedonia,"02 Taxes linked to imports and production and subsidies, total economy",Taxes linked to imports and production minus subsidies: total economy ,Mrd ECU/EUR,,,,,,,,,,,,,,,,,,,,,,,,,,,,,,,,,,,,,,0.46546,0.440883,0.49265,0.646596,0.641783,0.74864,0.600818,0.609679,0.716838,0.721806,0.851046,0.918034,0.885279,0.953393,1.038125,0.990012,1.006187,1.062199,1.079765,1.234176,1.269021,1.317966,1.394777,1.222476,1.531368,1.690878,1.977467,1.967664,-0.877835,-0.952245
SRB.1.0.99.0.UTVN,SRB,1.0,0.0,99.0,0.0,UTVN,Serbia,"02 Taxes linked to imports and production and subsidies, total economy",Taxes linked to imports and production minus subsidies: total economy ,Mrd ECU/EUR,,,,,,,,,,,,,,,,,,,,,,,,,,,,,,,,,,,,,,1.92588,1.727,1.80901,0.69819,2.10475,3.5944,4.17639,3.89272,3.94119,4.58166,5.5383,6.00176,5.47584,5.4576,5.8293,5.42232,5.79517,5.84953,6.11439,6.50906,6.89079,7.63077,8.19903,7.16887,8.83016,9.85142,11.07915,12.25132,13.23238,14.31075
TUR.1.0.99.0.UTVN,TUR,1.0,0.0,99.0,0.0,UTVN,Turkey,"02 Taxes linked to imports and production and subsidies, total economy",Taxes linked to imports and production minus subsidies: total economy ,Mrd ECU/EUR,0.0,0.0,0.0,0.0,0.0,0.0,0.0,0.0,0.0,0.0,0.0,0.0,0.0,0.0,0.0,5.8976,5.8891,5.1485,3.4226,2.5058,3.1819,3.5005,3.3574,4.5297,4.063,4.3298,5.2665,5.6722,6.3962,7.2365,10.7554,11.4367,11.1286,15.1223,9.654,13.3207,15.1472,19.5995,19.7962,21.1522,31.5701,24.4386,29.1509,34.2553,40.0337,50.2294,54.1822,55.6082,56.7687,50.4476,72.1113,73.4756,81.7561,90.6227,80.3033,90.2115,87.8604,79.681,62.2615,61.7464,60.8384,64.5938,85.0958,103.2269,119.5803,174.0847,228.9536
ISL.1.0.99.0.UTVN,ISL,1.0,0.0,99.0,0.0,UTVN,Iceland,"02 Taxes linked to imports and production and subsidies, total economy",Taxes linked to imports and production minus subsidies: total economy ,Mrd ECU/EUR,0.045142,0.031132,0.03786,0.046768,0.051222,0.069042,0.093541,0.084951,0.06887,0.060363,0.089972,0.111702,0.131581,0.17556,0.251852,0.22846,0.30129,0.380314,0.366081,0.381107,0.466817,0.641298,0.66492,0.5722,0.725384,0.743532,0.755829,0.948761,1.028514,0.943493,0.894134,0.966229,0.851599,0.818493,0.815265,0.840599,0.920065,1.03316,1.167522,1.38339,1.54716,1.257389,1.34816,1.458604,1.7272,2.261184,2.381073,2.552266,1.443553,1.074983,1.210491,1.283686,1.417718,1.476681,1.865158,2.113882,2.378239,2.974295,2.930066,2.768586,2.285588,2.652089,3.259756,3.524132,3.533087,3.75249,3.949011
NOR.1.0.99.0.UTVN,NOR,1.0,0.0,99.0,0.0,UTVN,Norway,"02 Taxes linked to imports and production and subsidies, total economy",Taxes linked to imports and production minus subsidies: total economy ,Mrd ECU/EUR,0.4474,0.49078,0.54518,0.55881,0.66931,0.71748,0.81481,0.91567,0.9586,1.12144,1.53747,1.83406,2.01474,2.30444,2.57119,2.88632,3.47104,3.85486,3.37024,3.56638,3.90504,5.08142,5.38244,6.28704,7.09134,8.76557,9.62899,9.47614,9.22663,8.90619,8.49115,8.86602,9.59204,10.36086,11.40264,13.14196,14.70026,16.96067,16.86324,18.49464,20.38342,20.79721,22.69882,21.29238,22.16927,25.15394,28.10473,31.18578,29.78464,27.58508,32.46656,34.84652,37.91009,37.94658,36.83626,35.41925,35.73214,37.72953,38.31876,37.85075,32.9475,38.33951,38.30357,36.25767,39.47389,39.77596,41.61962
CHE.1.0.99.0.UTVN,CHE,1.0,0.0,99.0,0.0,UTVN,Switzerland,"02 Taxes linked to imports and production and subsidies, total economy",Taxes linked to imports and production minus subsidies: total economy ,Mrd ECU/EUR,0.25332,0.29183,0.32316,0.35728,0.39195,0.40317,0.42821,0.45004,0.48738,0.56313,0.62673,0.69175,0.81697,0.96573,1.07053,1.15909,1.36167,1.46103,1.88626,1.94662,2.0706,2.34326,2.69327,2.97337,3.10912,3.4465,3.94284,4.25617,4.31794,4.11936,4.24893,3.43252,3.00576,3.32135,3.64133,5.4865,4.87547,5.01277,5.67961,8.12333,10.05142,9.58333,8.67838,8.36624,8.89684,8.98373,9.79706,10.82691,11.82216,11.27334,13.4766,14.77615,13.98433,13.89393,14.20462,15.8665,15.16846,15.43563,14.35831,14.77021,13.94538,11.35701,16.02602,16.74958,17.89116,18.3298,18.77385
AUS.1.0.99.0.UTVN,AUS,1.0,0.0,99.0,0.0,UTVN,Australia,"02 Taxes linked to imports and production and subsidies, total economy",Taxes linked to imports and production minus subsidies: total economy ,Mrd ECU/EUR,1.6394,1.5373,1.6908,1.7892,2.0153,2.1759,2.3178,2.5528,2.8596,3.2246,3.4513,3.8397,4.2122,5.7298,7.3386,8.3534,9.8109,9.1343,9.8623,10.5597,12.9352,17.9317,19.9546,22.5139,28.4436,25.7362,20.7395,21.4699,26.0738,30.5121,26.3046,26.5516,24.604,28.097,32.5498,32.3233,36.8529,41.0449,37.5183,43.3778,51.2472,48.9511,53.4822,57.3426,60.1684,66.4568,69.7799,75.6571,68.9908,73.0429,94.5787,103.5009,120.7001,115.9023,110.2531,117.4349,120.9851,129.3567,124.6432,88.8334,77.3114,129.9207,156.5045,,,,
CAN.1.0.99.0.UTVN,CAN,1.0,0.0,99.0,0.0,UTVN,Canada,"02 Taxes linked to imports and production and subsidies, total economy",Taxes linked to imports and production minus subsidies: total economy ,Mrd ECU/EUR,10.4507,10.2874,10.9012,11.3584,12.8798,14.5628,16.0851,17.8358,20.1523,22.479,24.6079,27.1577,29.2395,29.7236,36.1031,32.8956,45.4392,45.8753,40.9621,38.8421,40.1637,,,,,,,,,,,62.5633,59.0279,64.0941,62.0379,58.5911,61.9832,72.5561,70.6563,78.7364,94.5925,93.7406,94.4802,90.1282,93.2074,104.361,114.4085,116.1537,108.7192,108.437,131.0982,134.9383,150.423,147.3429,144.2327,156.6356,156.8649,167.5928,164.5376,171.4298,107.0528,152.8466,208.1299,205.8784,,,
JPN.1.0.99.0.UTVN,JPN,1.0,0.0,99.0,0.0,UTVN,Japan,"02 Taxes linked to imports and production and subsidies, total economy",Taxes linked to imports and production minus subsidies: total economy ,Mrd ECU/EUR,2.9523,3.4998,3.7584,4.2043,4.671,4.9836,5.5238,6.3511,7.5839,8.6512,10.5778,11.6993,14.1374,17.8299,18.5854,18.4774,23.225,30.1683,37.1212,39.0641,39.6079,55.0571,57.6724,67.427,87.2248,100.1268,112.1092,128.1148,153.9967,160.859,148.7872,157.4047,178.7936,217.7336,238.7564,243.551,224.3721,238.3349,239.1374,290.7365,342.9792,315.3511,288.647,251.6225,252.2504,253.444,239.1872,214.9757,223.2541,245.6915,279.8718,292.127,321.6606,255.631,268.8279,309.4487,348.9332,335.5545,329.5856,356.0979,366.8835,361.8724,339.7245,311.3531,292.8098,298.8775,303.9402
KOR.1.0.99.0.UTVN,KOR,1.0,0.0,99.0,0.0,UTVN,Korea,"02 Taxes linked to imports and production and subsidies, total economy",Taxes linked to imports and production minus subsidies: total economy ,Mrd ECU/EUR,,,,,,,,,,,0.7588,0.7929,0.7301,0.8638,1.4343,1.738,2.906,3.7414,4.6738,5.6307,5.8394,7.7648,9.3789,12.9802,15.6965,12.4663,11.6787,11.9182,17.3349,20.2191,21.713,24.2398,29.3356,34.4213,37.6402,43.0698,50.6052,53.7968,31.7619,48.2048,66.3361,66.8067,73.8679,66.7218,63.4623,75.0154,85.1705,87.4592,73.6939,66.4658,85.9919,88.7882,96.8386,96.5327,104.6925,124.6852,130.3417,138.6048,139.9087,141.2808,142.8168,158.5018,161.7969,,,,
NZL.1.0.99.0.UTVN,NZL,1.0,0.0,99.0,0.0,UTVN,New Zealand,"02 Taxes linked to imports and production and subsidies, total economy",Taxes linked to imports and production minus subsidies: total economy ,Mrd ECU/EUR,0.33474,0.34506,0.34251,0.38143,0.41386,0.43095,0.45278,0.49448,0.45745,0.49873,0.56652,0.59933,0.66591,0.75368,0.78256,0.68635,0.93725,1.00875,1.05064,1.22296,1.47319,1.86719,2.05171,2.40568,2.83415,2.93053,3.39137,4.51156,5.07248,5.74923,5.07822,4.92099,4.35723,5.09371,5.88529,6.22112,7.00246,7.76103,6.35116,6.92219,7.09982,7.12333,8.11223,9.04805,10.03795,11.2619,10.92076,11.94537,10.70656,10.36831,13.51063,15.46567,17.92394,18.4984,19.74069,21.13684,22.69892,23.86495,23.6437,22.6905,17.51272,21.82306,28.79422,,,,
USA.1.0.99.0.UTVN,USA,1.0,0.0,99.0,0.0,UTVN,United States,"02 Taxes linked to imports and production and subsidies, total economy",Taxes linked to imports and production minus subsidies: total economy ,Mrd ECU/EUR,41.091,42.118,44.97,47.814,50.981,53.937,55.395,60.223,70.205,77.6,84.752,91.45,90.296,90.921,101.949,105.417,126.348,133.697,127.119,125.191,136.843,200.789,230.594,271.817,340.553,375.806,303.28,274.82,291.728,337.135,312.539,346.689,349.193,398.33,431.035,399.914,429.627,509.509,537.963,589.595,717.526,746.938,759.998,668.834,660.592,708.572,753.084,716.717,678.007,694.352,759.789,749.819,839.108,847.894,887.935,1096.213,1126.908,1154.393,1180.21,1304.787,720.328,922.042,1637.344,1655.742,1743.141,1862.764,1958.059
BEL.1.0.99.0.UOGD,BEL,1.0,0.0,99.0,0.0,UOGD,Belgium,"03 Operating surplus, total economy",Gross operating surplus: total economy ,Mrd ECU/EUR,5.6961,5.9594,6.1773,6.4799,7.1926,7.7632,8.0036,8.5084,9.6004,10.7568,11.9248,12.3989,13.9933,16.2237,18.5732,20.0728,23.4172,26.4481,28.9482,31.1633,32.5271,33.5263,34.5002,36.807,40.8129,44.3889,48.2127,50.9111,55.9899,60.8407,64.5975,65.7877,69.758,72.7116,78.9558,85.5409,84.421,85.3469,88.7111,91.2301,98.101,99.0644,100.628,105.1584,114.2759,122.2672,129.1996,138.0767,136.5701,132.4972,143.2708,149.5069,149.7938,152.3882,159.6267,167.3292,173.3097,179.4843,186.9997,197.5511,195.3182,214.3254,244.8714,250.6484,263.1078,275.4232,288.1014
BGR.1.0.99.0.UOGD,BGR,1.0,0.0,99.0,0.0,UOGD,Bulgaria,"03 Operating surplus, total economy",Gross operating surplus: total economy ,Mrd ECU/EUR,,,,,,,,,,,,,,,,,,,,,,,,,,,,,,,,4.09223,3.012,7.11497,6.84359,9.09032,5.98635,6.01201,7.2908,6.553,7.49582,8.29559,9.4388,9.81614,10.88719,12.32634,14.14707,17.26571,19.09843,19.57315,19.83668,21.88703,21.66955,20.29649,20.44554,21.56136,22.74653,23.79893,25.30098,27.54024,27.63597,33.52005,41.54516,42.51292,41.74814,40.36349,41.41853
CZE.1.0.99.0.UOGD,CZE,1.0,0.0,99.0,0.0,UOGD,Czechia,"03 Operating surplus, total economy",Gross operating surplus: total economy ,Mrd ECU/EUR,,,,,,,,,,,,,,,,,,,,,,,,,,,,,,,,,,18.2574,20.4513,23.9851,26.9898,27.9437,31.8351,32.5296,35.5573,40.3964,45.3935,45.8307,49.118,55.939,63.7025,70.9071,81.3577,75.56,80.7939,83.3217,80.1481,78.3418,79.8222,85.3969,88.3886,95.1742,100.5423,108.0969,104.1582,117.6498,139.5136,157.1313,153.3173,156.8574,164.0088
DNK.1.0.99.0.UOGD,DNK,1.0,0.0,99.0,0.0,UOGD,Denmark,"03 Operating surplus, total economy",Gross operating surplus: total economy ,Mrd ECU/EUR,2.6558,2.9013,3.1765,3.3211,3.8204,4.0545,4.2781,4.5636,4.7849,5.5183,5.913,6.3438,7.4661,9.2745,10.2636,11.3716,13.9869,15.0763,16.111,16.937,16.3184,18.2468,21.0143,23.4594,26.6791,29.1683,30.2371,30.582,31.5682,34.5356,37.5048,39.2513,42.4836,43.4997,48.4255,51.7467,53.2824,54.8176,53.5233,56.4499,63.7744,64.1963,65.3269,66.0815,70.6451,73.7026,78.0249,77.2172,80.3743,73.1786,81.5079,83.669,87.4717,89.8999,92.2093,93.4083,96.9648,103.0799,103.4675,105.3975,110.5435,129.2503,149.9946,137.728,141.4797,149.4086,154.5481
DEU.1.0.99.0.UOGD,DEU,1.0,0.0,99.0,0.0,UOGD,Germany,"03 Operating surplus, total economy",Gross operating surplus: total economy ,Mrd ECU/EUR,,,,,,,,,,,,,,,,,,,,,,,,,,,,,,,,576.039,614.249,655.284,704.208,748.619,753.668,760.228,785.183,795.641,798.219,842.341,859.088,863.698,911.077,942.433,1013.066,1069.21,1064.219,969.19,1046.861,1100.102,1092.192,1108.615,1156.753,1182.903,1221.66,1269.446,1275.767,1288.478,1276.068,1406.786,1502.582,1617.9,1577.526,1611.322,1680.505
D_W.1.0.99.0.UOGD,D_W,1.0,0.0,99.0,0.0,UOGD,West Germany,"03 Operating surplus, total economy",Gross operating surplus: total economy ,Mrd ECU/EUR,30.6451,33.2,35.595,37.2905,41.4263,44.8358,46.8905,48.1743,55.601,61.0982,72.1142,79.2435,86.4666,102.6968,115.6538,123.4339,145.3469,162.9391,179.7915,198.4985,205.6163,217.1027,244.1423,275.4234,297.5372,317.4736,353.0565,363.6951,390.8454,427.6155,469.4835,500.5451,,,,,,,,,,,,,,,,,,,,,,,,,,,,,,,,,,,
EST.1.0.99.0.UOGD,EST,1.0,0.0,99.0,0.0,UOGD,Estonia,"03 Operating surplus, total economy",Gross operating surplus: total economy ,Mrd ECU/EUR,,,,,,,,,,,,,,,,,,,,,,,,,,,,,,,,,,0.65846,0.77796,1.12248,1.45189,1.82397,2.13035,2.36653,2.68724,3.07971,3.49249,3.90467,4.39036,5.12995,6.02872,7.08052,6.6504,5.25913,6.14356,7.34436,7.93918,8.3932,8.68189,8.54094,8.84982,9.8968,10.66052,11.21537,11.02856,12.74631,15.0473,14.6101,14.70139,15.48201,16.54071
IRL.1.0.99.0.UOGD,IRL,1.0,0.0,99.0,0.0,UOGD,Ireland,"03 Operating surplus, total economy",Gross operating surplus: total economy ,Mrd ECU/EUR,0.9463,1.0088,1.067,1.1283,1.2357,1.3093,1.2872,1.4177,1.4562,1.657,1.7562,1.9467,2.3875,2.5727,2.4942,3.0825,3.3194,4.5196,5.5373,5.9967,6.0345,7.049,8.5601,9.2222,10.6143,12.2854,12.4683,12.9541,14.483,16.1187,18.2621,18.5588,19.3127,20.3794,21.6725,24.4587,27.2776,34.6341,40.0581,46.0547,55.0503,62.357,70.554,74.3706,77.9561,84.0427,90.2131,95.5504,85.7628,78.2198,82.8932,87.0916,89.4365,95.5912,109.1683,172.9973,169.936,193.3288,215.2372,235.2471,257.4215,310.3696,367.9294,339.088,340.1057,361.4052,380.6198
GRC.1.0.99.0.UOGD,GRC,1.0,0.0,99.0,0.0,UOGD,Greece,"03 Operating surplus, total economy",Gross operating surplus: total economy ,Mrd ECU/EUR,2.7031,3.1269,3.197,3.6641,4.1386,4.7921,5.2683,5.6084,6.1532,7.192,8.2356,8.9751,9.7658,12.2536,14.4276,15.0557,18.2305,19.8785,21.6553,24.5392,25.7908,29.9788,34.7001,33.9926,37.504,38.5599,36.2091,35.3175,39.7487,43.5293,44.9948,50.9257,54.0307,57.0074,60.5654,63.257,68.1764,72.7368,73.7547,77.1478,78.3195,83.8956,87.7089,97.1242,106.5404,107.1675,118.4065,125.8282,129.8119,126.4986,117.2929,104.7228,95.3434,94.2193,89.2139,88.6919,84.6122,86.7008,86.7616,89.5081,83.1014,94.1598,108.7597,115.8415,121.1891,128.2219,134.8862
ESP.1.0.99.0.UOGD,ESP,1.0,0.0,99.0,0.0,UOGD,Spain,"03 Operating surplus, total economy",Gross operating surplus: total economy ,Mrd ECU/EUR,6.2188,7.0936,8.2051,9.4044,10.4262,11.8742,13.3302,14.5864,15.346,17.515,18.9966,20.7604,23.6401,27.9957,36.0739,40.1325,44.4807,48.6351,54.164,66.9043,72.1339,76.6853,85.718,81.5025,97.539,107.563,117.0366,126.7565,146.9899,170.8159,184.4069,197.6244,199.8234,188.2075,192.7653,207.5089,223.9692,223.3669,233.4553,248.897,270.35,299.403,322.291,346.292,367.73,394.545,425.106,462.068,479.591,472.637,459.052,466.833,460.791,457.563,459.281,477.904,500.166,521.853,535.316,540.378,465.129,504.308,585.372,639.168,667.0974,693.8333,721.5209
FRA.1.0.99.0.UOGD,FRA,1.0,0.0,99.0,0.0,UOGD,France,"03 Operating surplus, total economy",Gross operating surplus: total economy ,Mrd ECU/EUR,23.778,24.706,27.339,29.656,32.38,35.222,38.427,42.176,46.89,51.915,53.938,58.53,66.35,78.627,87.606,96.915,108.37,117.12,127.945,142.755,159.85,173.714,185.756,200.028,218.953,241.201,273.043,282.408,308.009,339.433,359.462,366.992,388.82,401.785,416.77,430.512,437.713,448.246,474.549,488.945,523.852,547.02,558.187,572.961,602.623,623.748,660.34,707.67,727.832,678.801,710.423,725.939,719.868,734.922,747.796,769.192,767.96,778.746,793.186,824.34,806.202,886.037,911.715,1003.19,1023.021,1039.176,1079.807
HRV.1.0.99.0.UOGD,HRV,1.0,0.0,99.0,0.0,UOGD,Croatia,"03 Operating surplus, total economy",Gross operating surplus: total economy ,Mrd ECU/EUR,,,,,,,,,,,,,,,,,,,,,,,,,,,,,,,,,,3.26192,4.36535,6.41568,6.88789,7.63768,7.7093,7.09634,7.4807,8.9396,9.69453,10.51196,11.9909,13.35543,14.97904,16.45139,17.97925,16.67185,17.06502,17.51598,16.71621,16.70194,16.25655,16.7311,17.54538,18.42506,18.712,20.08943,18.21963,22.04696,25.97002,29.0892,30.10243,31.76465,33.17102
ITA.1.0.99.0.UOGD,ITA,1.0,0.0,99.0,0.0,UOGD,Italy,"03 Operating surplus, total economy",Gross operating surplus: total economy ,Mrd ECU/EUR,21.578,23.629,25.815,27.911,30.074,32.972,36.341,39.605,44.816,50.312,54.304,55.777,60.2,67.212,78.682,87.511,96.742,106.957,119.924,142.604,171.845,192.32,217.602,248.36,284.646,306.255,342.147,363.853,390.521,437.176,466.645,499.306,504.416,449.332,469.877,467.115,535.093,559.072,564.755,586.025,629.711,667.588,685.349,707.002,735.577,743.944,763.566,794.82,805.411,764.07,777.557,801.653,773.658,775.473,782.01,792.385,827.592,839.763,850.33,855.692,797.081,882.751,981.933,1053.509,1043.096,1061.555,1091.873
CYP.1.0.99.0.UOGD,CYP,1.0,0.0,99.0,0.0,UOGD,Cyprus,"03 Operating surplus, total economy",Gross operating surplus: total economy ,Mrd ECU/EUR,,,,,,,,,,,,,,,,,,,,,,,,,,,,,,,,,,,,3.72942,3.85484,4.09652,4.56244,4.93882,5.3643,5.76774,5.77497,5.75342,6.18773,6.33534,6.7096,6.92653,7.52978,7.11167,7.4752,7.6788,7.46943,7.30295,7.05412,7.45486,8.07008,8.50718,9.0607,9.52476,9.45622,11.42017,12.7391,13.38149,14.21426,15.21819,16.18416
LVA.1.0.99.0.UOGD,LVA,1.0,0.0,99.0,0.0,UOGD,Latvia,"03 Operating surplus, total economy",Gross operating surplus: total economy ,Mrd ECU/EUR,,,,,,,,,,,,,,,,,,,,,,,,,,,,,,,,,0.7112,0.87268,1.42434,1.81509,1.92012,2.41104,2.71199,2.98941,3.87193,4.36203,4.88615,4.84254,5.47988,6.17042,7.34243,9.15696,9.47015,7.9861,8.22321,8.98151,10.21213,10.13962,10.13858,10.0095,9.9659,10.44138,10.73556,10.90241,10.75973,13.11257,13.908,13.9762,12.84069,13.23492,13.77661
LTU.1.0.99.0.UOGD,LTU,1.0,0.0,99.0,0.0,UOGD,Lithuania,"03 Operating surplus, total economy",Gross operating surplus: total economy ,Mrd ECU/EUR,,,,,,,,,,,,,,,,,,,,,,,,,,,,,,,,,,1.34391,1.9537,2.6779,3.44453,4.38362,4.62339,4.61888,6.15837,6.96744,7.61782,8.42024,9.19235,10.45609,11.42676,13.78482,14.95475,12.36179,13.3982,15.65841,17.01651,17.80847,18.24258,18.02828,17.85866,19.40522,20.98715,21.63655,22.18696,24.39717,29.85484,30.80689,30.99032,32.90851,34.58449
LUX.1.0.99.0.UOGD,LUX,1.0,0.0,99.0,0.0,UOGD,Luxembourg,"03 Operating surplus, total economy",Gross operating surplus: total economy ,Mrd ECU/EUR,0.49223,0.46287,0.48709,0.51172,0.57562,0.58708,0.60799,0.60065,0.70449,0.87901,1.00234,0.89485,1.01002,1.37237,1.69295,1.04347,1.40011,1.28981,1.53477,1.7048,1.69489,1.69098,1.92085,2.0972,2.40881,2.53423,2.95588,2.97586,3.48464,4.01681,4.31297,4.82565,4.87647,5.53322,6.20612,6.58464,6.81733,7.24928,7.33891,8.55645,9.50704,9.42947,9.72165,10.41461,11.23136,11.97699,14.42907,15.96754,17.12905,15.83606,18.15082,18.36618,19.47715,20.72166,21.82453,23.9348,24.69031,24.44843,24.07886,24.56715,25.80588,29.71336,31.27032,29.65087,31.32806,32.87799,34.61943
HUN.1.0.99.0.UOGD,HUN,1.0,0.0,99.0,0.0,UOGD,Hungary,"03 Operating surplus, total economy",Gross operating surplus: total economy ,Mrd ECU/EUR,,,,,,,,,,,,,,,,,,,,,,,,,,,,,,,,,,,,14.23028,15.18134,17.70223,18.39508,19.66482,20.94674,24.93769,30.66354,30.40164,33.88645,36.69436,38.31007,41.6663,44.36299,38.51713,40.86699,42.36054,40.214,41.95098,44.80429,48.06229,49.13812,53.36477,57.6556,61.94395,58.76332,68.33836,74.43766,88.27331,86.73239,88.30451,92.98852
MLT.1.0.99.0.UOGD,MLT,1.0,0.0,99.0,0.0,UOGD,Malta,"03 Operating surplus, total economy",Gross operating surplus: total economy ,Mrd ECU/EUR,,,,,,,,,,,,,,,,,,,,,,,,,,,,,,,0.99717,1.08375,1.13828,1.1055,1.2489,1.24381,1.31407,1.46915,1.63072,1.71116,1.99087,1.96225,2.09139,2.1358,2.13752,2.23605,2.30096,2.53352,2.79433,2.75578,3.11143,3.06136,3.33519,3.72023,4.19193,5.01456,5.18707,6.30732,6.62858,6.97788,7.1922,8.87645,9.72419,11.23907,11.66132,12.26821,13.10164
NLD.1.0.99.0.UOGD,NLD,1.0,0.0,99.0,0.0,UOGD,Netherlands,"03 Operating surplus, total economy",Gross operating surplus: total economy ,Mrd ECU/EUR,6.3192,6.5149,6.8728,7.1844,8.3007,9.0432,9.2909,10.2839,11.7229,13.2183,14.2968,15.9089,18.1069,21.5696,28.108,28.2793,35.572,38.6939,42.6127,45.2813,50.2005,55.9164,61.731,68.0914,76.9919,79.6822,83.6519,83.9312,89.0161,97.7654,103.0043,107.7109,111.7284,117.7576,129.6262,139.9946,144.1367,151.9873,161.2807,168.589,180.662,192.894,199.433,203.038,213.726,227.405,248.667,266.336,274.955,255.419,267.402,271.95,270.385,273.266,277.894,295.263,299.861,315.751,328.764,344.713,340.593,385.948,441.318,474.793,496.7397,519.1263,539.2798
AUT.1.0.99.0.UOGD,AUT,1.0,0.0,99.0,0.0,UOGD,Austria,"03 Operating surplus, total economy",Gross operating surplus: total economy ,Mrd ECU/EUR,2.7616,2.9916,3.0843,3.3373,3.5836,3.8331,4.0797,4.2854,4.7508,5.2399,6.0429,6.5199,7.4407,8.5047,10.6046,10.8006,13.0865,15.3649,15.9142,18.5694,20.2043,21.4517,25.9173,30.0466,31.1421,33.206,36.8836,39.2177,41.2331,44.5277,48.4586,51.3998,54.1922,57.5147,60.3452,67.7553,69.0546,70.1574,73.5806,76.8363,82.0797,85.8055,88.4076,91.5284,97.6225,104.529,111.6906,119.5712,120.7142,114.2298,117.887,124.0806,125.124,124.8464,128.752,133.4947,139.8535,144.5846,150.9667,154.2063,156.0174,166.607,180.6413,184.1309,180.1643,183.4839,188.2983
POL.1.0.99.0.UOGD,POL,1.0,0.0,99.0,0.0,UOGD,Poland,"03 Operating surplus, total economy",Gross operating surplus: total economy ,Mrd ECU/EUR,,,,,,,,,,,,,,,,,,,,,,,,,,,,,,,,22.0834,19.9881,38.3478,44.5453,51.552,58.0308,63.4531,70.275,72.2824,88.0709,98.3218,99.4423,92.8294,104.6847,124.7857,139.7829,156.9381,178.2655,162.1962,178.4701,190.5591,196.4649,197.6553,206.7752,220.7246,212.5558,228.3663,242.3063,257.6417,265.1602,280.2057,331.4703,369.4642,389.4856,422.7365,448.474
PRT.1.0.99.0.UOGD,PRT,1.0,0.0,99.0,0.0,UOGD,Portugal,"03 Operating surplus, total economy",Gross operating surplus: total economy ,Mrd ECU/EUR,1.6125,1.5618,1.8646,1.8028,1.9223,2.345,2.3738,2.5244,2.8104,2.8472,3.0452,3.6001,4.1942,4.9642,5.1015,4.2781,5.0798,6.0818,6.7317,7.9955,10.3736,12.6999,11.9724,13.307,16.6063,17.6579,17.4744,18.685,21.422,24.2287,28.2975,31.467,33.5896,32.6715,35.5208,38.1242,39.9242,42.6678,45.0434,48.4977,51.5487,54.6595,56.9691,58.8204,61.4608,62.4705,66.2353,71.5986,72.7046,72.359,73.7641,72.956,72.2824,73.3565,74.3743,76.7492,79.9431,82.3692,84.6238,87.4783,79.9131,86.1458,98.1003,105.6731,108.32,112.3007,117.763
ROM.1.0.99.0.UOGD,ROM,1.0,0.0,99.0,0.0,UOGD,Romania,"03 Operating surplus, total economy",Gross operating surplus: total economy ,Mrd ECU/EUR,,,,,,,,,,,,,,,,,,,,,,,,,,,,,,,8.7497,8.1915,5.711,13.6752,16.1225,16.7687,17.1983,19.8506,19.4717,18.7443,20.6813,22.0507,24.555,26.0688,31.9897,39.0984,49.0434,70.6418,78.7628,71.3454,72.2919,79.5332,80.2677,80.7719,84.1148,89.56,90.2438,99.8027,109.3747,117.768,115.7384,128.7113,153.7214,172.5091,184.1029,196.3698,210.6261
SVN.1.0.99.0.UOGD,SVN,1.0,0.0,99.0,0.0,UOGD,Slovenia,"03 Operating surplus, total economy",Gross operating surplus: total economy ,Mrd ECU/EUR,,,,,,,,,,,,,,,,,,,,,,,,,,,,,,,,2.97481,2.84773,3.5276,4.21933,5.46411,5.78992,6.67787,7.25009,7.82549,7.8485,8.24203,8.89206,9.49784,10.00111,10.50468,11.74282,13.47762,14.45106,13.18887,12.9641,13.4472,13.04004,13.38196,14.01836,14.47272,14.83677,15.92421,16.89354,17.52179,17.62695,19.04552,20.61003,24.36778,23.87528,25.30062,26.94274
SVK.1.0.99.0.UOGD,SVK,1.0,0.0,99.0,0.0,UOGD,Slovakia,"03 Operating surplus, total economy",Gross operating surplus: total economy ,Mrd ECU/EUR,,,,,,,,,,,,,,,,,,,,,,,,,,,,,,,,,,6.3441,6.96921,7.92795,8.52029,9.50162,9.77061,9.70234,10.99424,12.16522,13.23101,15.21055,18.51413,20.51837,24.77152,30.89783,36.87536,34.31917,37.74537,38.67495,40.15496,40.19951,40.53499,42.06626,41.56888,41.7076,43.60065,44.31434,43.80437,48.39447,51.48784,61.49197,63.65192,65.31016,68.45505
FIN.1.0.99.0.UOGD,FIN,1.0,0.0,99.0,0.0,UOGD,Finland,"03 Operating surplus, total economy",Gross operating surplus: total economy ,Mrd ECU/EUR,2.3275,2.6594,2.6986,2.9247,3.1968,3.434,3.5386,3.5057,3.494,4.2191,4.6667,4.6888,5.1161,6.1487,8.3522,8.6454,10.0152,10.2817,10.6256,12.506,14.6788,17.2374,20.1155,21.6182,25.0393,26.4303,26.7158,27.7757,32.3578,37.9617,38.1699,33.1022,29.6629,28.752,34.4672,42.2952,41.8586,45.852,49.6399,52.27,57.47,61.795,62.549,63.08,66.905,68.16,71.571,80.457,81.714,71.005,73.437,75.504,74.046,75.046,76.787,79.685,81.909,89.477,91.049,93.349,95.13,98.335,104.772,106.407,108.043,112.3351,116.979
SWE.1.0.99.0.UOGD,SWE,1.0,0.0,99.0,0.0,UOGD,Sweden,"03 Operating surplus, total economy",Gross operating surplus: total economy ,Mrd ECU/EUR,5.9575,6.2137,6.3458,6.6333,7.4494,7.999,8.292,9.0565,9.5351,10.4529,11.7806,11.5719,13.0217,15.2319,18.6503,21.7963,23.7732,22.3451,23.2095,26.8939,31.178,35.0679,38.1984,39.927,48.2236,51.4111,51.5055,52.2839,58.8045,64.4738,63.2224,67.2006,71.2305,64.5889,70.6431,78.2825,82.3201,84.7936,84.7952,89.5017,97.8217,88.6959,93.5708,98.112,105.4206,107.107,118.1606,122.814,115.3378,99.52,125.8926,137.587,135.4481,136.9606,137.4024,147.1634,145.7354,147.0664,142.178,149.9365,155.9284,178.1026,181.3379,177.5187,180.8831,184.0806,191.6816
GBR.1.0.99.0.UOGD,GBR,1.0,0.0,99.0,0.0,UOGD,United Kingdom,"03 Operating surplus, total economy",Gross operating surplus: total economy ,Mrd ECU/EUR,24.027,24.625,25.656,26.376,28.896,31.196,32.62,34.297,35.108,39.546,45.171,52.187,58.029,61.48,63.702,66.749,74.226,89.89,105.464,128.63,159.039,196.268,223.9,246.51,265.927,299.943,280.199,306.325,366.04,398.686,405.859,424.829,418.096,429.125,460.236,451.296,502.733,595.243,632.51,646.935,720.276,719.975,754.154,728.566,763.589,809.474,848.661,866.877,789.195,678.012,720.443,734.575,822.99,813.356,917.244,1044.631,961.548,947.403,962.14,1003.504,986.117,1070.081,1173.307,1256.62,1315.583,1379.443,1434.13
MKD.1.0.99.0.UOGD,MKD,1.0,0.0,99.0,0.0,UOGD,North Macedonia,"03 Operating surplus, total economy",Gross operating surplus: total economy ,Mrd ECU/EUR,,,,,,,,,,,,,,,,,,,,,,,,,,,,,,,,,,,,,,1.343412,1.294677,1.384243,1.686963,1.792472,1.77764,1.989942,2.213877,2.587859,2.824777,3.30514,3.576356,3.450754,3.612011,3.87312,3.94243,4.54687,4.638757,4.987045,5.144525,5.255326,5.701529,5.880263,5.414971,5.798179,6.5317,,,,
SRB.1.0.99.0.UOGD,SRB,1.0,0.0,99.0,0.0,UOGD,Serbia,"03 Operating surplus, total economy",Gross operating surplus: total economy ,Mrd ECU/EUR,,,,,,,,,,,,,,,,,,,,,,,,,,,,,,,,,,,,,,15.73744,12.23228,12.82854,5.13705,8.7076,9.10694,9.51688,9.76776,9.87333,11.43001,13.40316,15.21613,13.89741,13.8101,16.52674,15.517,16.72989,15.6777,15.73219,16.27226,16.99585,17.91287,18.71745,18.92748,20.81747,23.75449,32.70643,33.51115,36.15776,39.65436
TUR.1.0.99.0.UOGD,TUR,1.0,0.0,99.0,0.0,UOGD,Turkey,"03 Operating surplus, total economy",Gross operating surplus: total economy ,Mrd ECU/EUR,4.9151,5.1535,5.9721,6.9027,7.3476,7.816,9.3151,10.3095,12.1793,13.4294,12.4187,18.1598,17.9321,16.3312,25.5035,31.787,47.6113,48.5609,50.7291,64.1514,52.8775,67.2124,70.5737,77.8199,90.3326,80.7579,74.1177,67.7681,77.908,87.0284,107.8161,103.1769,104.0581,131.0105,102.3553,125.5377,134.5372,150.782,161.9355,153.6117,187.7372,144.061,159.4818,173.8253,205.4373,253.5675,276.4228,313.861,334.0189,290.4393,355.3437,368.578,412.2492,429.2301,423.513,460.85,446.4558,450.9881,398.8977,404.9678,382.3724,447.2652,576.2869,629.872,660.2658,702.7413,886.3188
ISL.1.0.99.0.UOGD,ISL,1.0,0.0,99.0,0.0,UOGD,Iceland,"03 Operating surplus, total economy",Gross operating surplus: total economy ,Mrd ECU/EUR,0.10568,0.10372,0.11731,0.13556,0.17205,0.20595,0.23984,0.25242,0.2081,0.18264,0.2093,0.25006,0.30481,0.34327,0.40476,0.40178,0.53249,0.64056,0.61214,0.62742,0.76473,0.9811,1.00417,1.16632,1.43721,1.38039,1.44079,1.53896,1.57331,1.69965,1.80859,1.81511,1.83011,1.88629,1.98965,1.91415,2.01883,2.40561,2.62405,2.65032,3.06422,3.17267,3.40495,3.22456,3.49388,3.90268,3.85722,4.43679,4.01308,4.08345,4.38594,4.39595,4.44137,4.6325,4.88203,5.76995,6.72936,7.11803,7.01614,7.47726,6.51823,7.62503,9.83831,10.18178,11.62087,13.05017,14.42655
NOR.1.0.99.0.UOGD,NOR,1.0,0.0,99.0,0.0,UOGD,Norway,"03 Operating surplus, total economy",Gross operating surplus: total economy ,Mrd ECU/EUR,2.3988,2.5762,2.6077,2.801,3.0658,3.4124,3.5241,3.6957,4.0657,4.3967,5.0166,5.1961,5.7158,6.9046,9.0587,10.017,11.7616,13.2389,13.8842,15.8306,20.4378,25.2536,28.3747,31.0746,36.568,39.0632,31.419,31.2533,33.0878,39.2156,41.1081,43.2514,43.4245,44.8458,45.9646,49.7228,56.1402,61.2647,53.7987,61.2005,86.8999,89.6103,90.9648,90.3785,99.9073,122.4846,137.778,140.1599,157.3126,124.1513,149.2946,168.6559,186.2919,180.753,168.9884,148.3132,137.0958,151.3289,163.5829,151.3355,127.8415,205.7103,329.2655,223.7569,218.4898,223.2978,233.7483
CHE.1.0.99.0.UOGD,CHE,1.0,0.0,99.0,0.0,UOGD,Switzerland,"03 Operating surplus, total economy",Gross operating surplus: total economy ,Mrd ECU/EUR,5.5102,6.0456,6.5902,7.0968,7.8514,8.3098,9.0344,9.6955,10.7502,11.7157,12.8699,14.7716,16.7829,20.0315,24.0491,24.518,28.6919,30.1177,37.0008,38.157,39.8492,45.1086,50.4797,54.312,61.7806,64.7812,69.8142,72.5663,76.9958,81.4185,90.0943,91.1859,89.827,97.6278,109.3843,112.8182,113.399,110.6174,116.4123,117.3147,127.8792,131.026,129.747,128.1168,133.4372,139.382,149.969,153.6408,164.4622,161.401,188.8576,210.2931,215.1209,212.3482,219.2836,245.2658,245.2842,241.1169,246.5516,251.9203,249.1127,277.1634,316.0183,322.8762,335.8508,347.4234,360.7459
AUS.1.0.99.0.UOGD,AUS,1.0,0.0,99.0,0.0,UOGD,Australia,"03 Operating surplus, total economy",Gross operating surplus: total economy ,Mrd ECU/EUR,8.3559,8.32,9.0715,10.2566,10.8293,10.8346,12.2938,13.052,15.2919,17.52,18.1339,19.5967,21.8762,27.7824,29.8129,30.8882,37.7604,36.3633,40.6978,42.9295,50.8705,68.2828,69.5306,84.0516,101.9403,93.1507,76.7977,80.8314,101.3712,118.2569,101.3213,106.0941,103.4637,112.161,123.8931,120.6426,135.2421,155.2911,138.2795,161.1875,175.8706,177.1286,185.8084,201.9632,224.1091,253.963,271.0001,298.8972,316.5335,316.8662,425.5363,479.9782,523.7302,490.5758,459.299,456.0992,501.6099,530.0152,527.8229,549.1131,582.6202,672.6011,757.4947,,,,
CAN.1.0.99.0.UOGD,CAN,1.0,0.0,99.0,0.0,UOGD,Canada,"03 Operating surplus, total economy",Gross operating surplus: total economy ,Mrd ECU/EUR,26.6464,25.5884,26.2433,28.2871,30.7302,33.0363,36.5817,37.3838,42.4662,45.6411,50.2215,54.9353,58.8174,65.4856,84.0548,89.1648,112.3374,109.8369,106.7911,115.7448,130.3326,,,,,,,,,,,163.0429,149.6586,167.6388,174.7529,170.1192,185.0139,215.3276,205.6869,238.3229,310.3932,317.1384,308.04,310.9761,326.909,378.5744,418.0995,423.9227,428.0106,370.0663,474.7096,511.8055,552.5421,540.3046,535.018,522.0307,525.5734,562.8362,560.4739,595.2659,585.5911,689.2372,835.2732,764.0185,,,
JPN.1.0.99.0.UOGD,JPN,1.0,0.0,99.0,0.0,UOGD,Japan,"03 Operating surplus, total economy",Gross operating surplus: total economy ,Mrd ECU/EUR,25.878,31.667,34.226,39.348,46.157,49.79,58.224,70.902,87.557,103.831,120.81,124.51,152.885,186.514,201.071,194.521,238.359,280.645,364.876,350.597,362.657,495.386,520.122,616.397,739.492,848.424,980.191,999.116,1201.914,1304.958,1156.012,1342.246,1359.14,1702.752,1816.297,1834.854,1694.753,1694.357,1550.696,1843.773,2327.616,2124.547,1974.296,1801.409,1782.412,1734.475,1610.703,1476.762,1489.767,1605.498,1909.479,1924.87,2107.416,1714.855,1594.263,1756.809,1956.229,1882.725,1782.404,1866.143,1738.81,1674.99,1592.382,1580.411,1493.104,1548.991,1582.054
KOR.1.0.99.0.UOGD,KOR,1.0,0.0,99.0,0.0,UOGD,Korea,"03 Operating surplus, total economy",Gross operating surplus: total economy ,Mrd ECU/EUR,,,,,,,,,,,5.0869,5.4653,5.7483,6.6424,9.6901,10.1905,14.9981,18.2261,21.1342,24.5772,24.4513,33.2932,39.7938,50.6156,66.8853,56.4048,54.4385,56.0838,82.8612,97.1894,95.1754,111.0447,132.1506,158.8928,170.4318,191.6861,209.7876,231.9316,164.1176,224.1271,299.062,287.3488,313.8051,288.7289,301.8984,349.2966,383.6983,392.9908,329.8244,316.3969,410.2516,422.8149,462.7861,478.5871,510.8668,597.7782,613.0028,653.4778,653.0019,633.3119,604.1871,652.0043,671.9098,,,,
NZL.1.0.99.0.UOGD,NZL,1.0,0.0,99.0,0.0,UOGD,New Zealand,"03 Operating surplus, total economy",Gross operating surplus: total economy ,Mrd ECU/EUR,1.8986,1.8253,2.0305,2.2141,2.3896,2.5854,2.5678,2.5755,2.3123,2.6052,2.6631,3.1679,3.6758,4.4471,4.6988,4.3078,5.2479,5.4495,5.7676,6.0768,6.7527,9.0954,10.234,12.2282,13.5346,13.866,13.0483,13.5039,16.3417,16.9247,15.2229,15.3554,14.3416,17.9042,20.843,22.327,25.0165,27.8736,23.2687,26.5406,28.2401,29.0219,31.1953,34.7456,38.1241,41.5373,39.4349,44.9024,39.5123,38.6723,48.8002,53.127,59.2429,64.2156,66.7355,70.1712,75.2803,81.7675,79.2641,85.3485,87.001,97.9308,101.9096,,,,
USA.1.0.99.0.UOGD,USA,1.0,0.0,99.0,0.0,UOGD,United States,"03 Operating surplus, total economy",Gross operating surplus: total economy ,Mrd ECU/EUR,188.27,194.51,208.96,221.81,237.37,260.27,280.28,291.8,325.15,344.63,350.22,376.56,391.63,401.51,443.08,478.32,593.09,651.93,666.71,681.12,718.34,1032.28,1241.23,1485.64,1915.5,2110.63,1684.12,1533.72,1640.45,1871.05,1670.38,1761.31,1756.66,2063.26,2206.82,2157.72,2401.66,2889.03,3068.81,3398.63,4146.08,4447.53,4387.58,3856.03,3773.84,4129.08,4450.91,4079.1,3748.28,3979.61,4555.49,4559.27,5257.02,5225.99,5502.29,6725.65,6800.53,6909.14,6970.31,7649.84,7721.69,8475.26,10368.46,10613.66,11169.64,11687.89,12239.84
BEL.1.0.99.0.UQGD,BEL,1.0,0.0,99.0,0.0,UQGD,Belgium,"03 Operating surplus, total economy",Gross operating surplus: total economy :- Adjusted for imputed compensation of self-employed ,Mrd ECU/EUR,4.0597,4.3173,4.4499,4.7033,5.3587,5.8327,5.9486,6.2981,7.186,8.1651,9.1958,9.4156,10.5635,12.2675,13.7593,14.4807,16.6759,18.737,20.4656,22.1602,22.7408,23.1873,24.1683,25.881,28.9477,31.7048,34.6366,36.6763,41.4107,45.1906,47.3245,46.9204,49.5052,50.6184,55.3734,60.9953,59.6766,60.5734,63.6795,65.1478,71.6255,71.8497,72.5691,76.5478,85.0359,92.3797,98.0562,105.5252,102.3422,97.5949,107.5874,112.2922,110.9191,112.2211,118.7105,125.7879,130.7902,135.4414,141.3987,150.1839,147.6392,162.7387,188.3299,188.9037,199.2388,209.3725,220.0414
BGR.1.0.99.0.UQGD,BGR,1.0,0.0,99.0,0.0,UQGD,Bulgaria,"03 Operating surplus, total economy",Gross operating surplus: total economy :- Adjusted for imputed compensation of self-employed ,Mrd ECU/EUR,,,,,,,,,,,,,,,,,,,,,,,,,,,,,,,,,,,,7.81703,5.0538,4.91404,5.54035,4.71495,5.48458,5.94458,6.95106,7.19518,8.05527,9.23198,10.8289,13.50709,14.61123,14.75456,14.67442,16.59484,16.21711,14.27104,13.96161,14.80448,15.81719,15.67858,16.6344,19.22754,18.6048,23.74097,30.03739,29.4758,26.7821,23.76779,23.43018
CZE.1.0.99.0.UQGD,CZE,1.0,0.0,99.0,0.0,UQGD,Czechia,"03 Operating surplus, total economy",Gross operating surplus: total economy :- Adjusted for imputed compensation of self-employed ,Mrd ECU/EUR,,,,,,,,,,,,,,,,,,,,,,,,,,,,,,,,,,16.8475,18.5291,21.5586,24.0782,24.8357,28.1712,28.5889,31.0979,35.338,38.9516,38.6724,41.6605,48.0036,54.7192,61.0638,69.9856,64.6881,68.5017,70.4076,67.3754,66.3634,68.3498,73.6427,75.6917,81.1911,85.0114,91.6327,88.0354,99.8117,119.1524,134.5511,130.07,131.9887,137.6715
DNK.1.0.99.0.UQGD,DNK,1.0,0.0,99.0,0.0,UQGD,Denmark,"03 Operating surplus, total economy",Gross operating surplus: total economy :- Adjusted for imputed compensation of self-employed ,Mrd ECU/EUR,1.9596,2.1318,2.3302,2.4267,2.8295,2.9052,3.0397,3.223,3.3941,3.9874,4.2491,4.5243,5.542,7.018,7.5769,8.3284,10.4417,11.2509,12.1024,12.7918,12.2838,14.0504,16.5513,18.712,21.7719,24.0196,24.8358,24.8265,25.7147,28.7634,31.7229,33.3024,36.1254,36.9552,42.0689,45.1707,46.548,48.1363,46.7034,49.3296,56.6154,56.8562,57.4952,58.0693,62.784,65.6373,69.6586,68.5103,71.3821,64.1989,72.4602,74.5174,78.2594,80.6452,82.8103,83.6597,87.2448,93.1516,93.3436,95.1374,100.1717,118.5556,138.9288,126.5017,129.9214,137.4088,142.1657
DEU.1.0.99.0.UQGD,DEU,1.0,0.0,99.0,0.0,UQGD,Germany,"03 Operating surplus, total economy",Gross operating surplus: total economy :- Adjusted for imputed compensation of self-employed ,Mrd ECU/EUR,,,,,,,,,,,,,,,,,,,,,,,,,,,,,,,,492.985,520.098,551.255,594.182,630.065,634.282,641.611,664.274,671.729,671.609,712.824,726.743,726.416,769.0,795.932,862.936,916.466,907.615,811.388,884.19,932.086,919.881,933.76,978.082,1001.204,1037.907,1083.504,1086.825,1097.118,1089.148,1218.034,1308.571,1414.966,1366.174,1394.457,1458.812
D_W.1.0.99.0.UQGD,D_W,1.0,0.0,99.0,0.0,UQGD,West Germany,"03 Operating surplus, total economy",Gross operating surplus: total economy :- Adjusted for imputed compensation of self-employed ,Mrd ECU/EUR,21.1441,22.6553,24.4262,25.8174,29.5061,32.1378,33.4807,34.6441,41.0053,45.3935,53.3127,58.9591,64.5086,76.5069,85.8343,92.4066,110.8458,125.3554,139.4662,156.1169,160.8681,170.5508,193.5071,221.3768,241.0692,259.3129,289.8038,297.3695,323.0345,357.3465,394.7486,420.2809,,,,,,,,,,,,,,,,,,,,,,,,,,,,,,,,,,,
EST.1.0.99.0.UQGD,EST,1.0,0.0,99.0,0.0,UQGD,Estonia,"03 Operating surplus, total economy",Gross operating surplus: total economy :- Adjusted for imputed compensation of self-employed ,Mrd ECU/EUR,,,,,,,,,,,,,,,,,,,,,,,,,,,,,,,,,,0.59452,0.67085,1.01071,1.30174,1.64081,1.90802,2.13419,2.42266,2.80741,3.20072,3.53243,3.93437,4.70942,5.50015,6.32704,5.94182,4.60903,5.4983,6.62676,7.142,7.5113,7.74564,7.53302,7.75713,8.59886,9.19851,9.5905,9.38798,10.89233,13.03788,12.23158,12.18814,12.87238,13.81114
IRL.1.0.99.0.UQGD,IRL,1.0,0.0,99.0,0.0,UQGD,Ireland,"03 Operating surplus, total economy",Gross operating surplus: total economy :- Adjusted for imputed compensation of self-employed ,Mrd ECU/EUR,0.4437,0.482,0.5068,0.5541,0.598,0.6554,0.5834,0.6873,0.7402,0.8547,0.8518,0.9496,1.2993,1.4278,1.1944,1.5605,1.7085,2.7767,3.5556,3.6678,3.3455,4.0852,5.1549,5.4503,6.5603,8.0247,8.2136,8.5827,9.6626,11.0687,12.6232,13.0454,13.1472,14.2253,15.3496,18.2145,20.5681,27.0029,32.341,37.6993,45.9735,52.4923,60.1893,63.2763,65.7949,71.0407,76.6881,80.0397,69.2677,62.4245,68.3989,72.6359,74.8079,80.5384,93.7411,157.0086,153.2238,176.4526,197.7834,217.3234,238.9612,291.1214,346.9179,316.3618,316.2641,336.5338,354.691
GRC.1.0.99.0.UQGD,GRC,1.0,0.0,99.0,0.0,UQGD,Greece,"03 Operating surplus, total economy",Gross operating surplus: total economy :- Adjusted for imputed compensation of self-employed ,Mrd ECU/EUR,0.6642,1.0476,1.0467,1.4191,1.6593,2.0874,2.2982,2.4505,2.6874,3.447,4.2511,4.8896,5.5378,7.7787,9.0289,9.3686,11.41,11.8796,12.7958,14.6081,16.1417,17.6838,20.4095,19.1288,21.9418,22.5105,22.3097,21.924,24.7176,26.5547,27.4007,33.3292,35.6112,38.6042,41.1657,42.5887,45.9282,48.0717,48.3545,50.595,51.7212,56.8439,58.0285,65.1449,73.0376,69.6507,79.2075,85.0993,87.726,83.2611,76.7978,67.2261,59.941,62.3543,58.5948,60.5988,58.115,60.2998,61.7448,64.5408,58.0158,67.7602,81.7072,87.7467,91.7422,97.6041,103.1212
ESP.1.0.99.0.UQGD,ESP,1.0,0.0,99.0,0.0,UQGD,Spain,"03 Operating surplus, total economy",Gross operating surplus: total economy :- Adjusted for imputed compensation of self-employed ,Mrd ECU/EUR,3.5915,4.1446,4.7747,5.2202,5.6658,6.4966,7.0426,7.4657,8.371,9.8306,10.9854,12.0533,13.9654,16.5961,22.1704,24.2503,26.6745,29.8416,33.6278,41.2044,44.887,46.4753,53.5876,50.4682,62.9406,71.5245,80.3604,87.2925,102.8044,122.2942,130.6419,139.6694,136.3998,129.6746,136.3858,150.5111,165.3649,167.5455,175.5071,189.2166,207.5942,233.8878,254.6921,276.8923,294.4207,317.973,344.6965,377.5246,388.7493,384.1811,371.7938,381.1312,375.4129,370.1955,370.8464,387.5053,407.8652,428.1651,438.5455,439.6878,372.1946,400.0504,476.5029,520.9712,540.5791,560.8771,583.3428
FRA.1.0.99.0.UQGD,FRA,1.0,0.0,99.0,0.0,UQGD,France,"03 Operating surplus, total economy",Gross operating surplus: total economy :- Adjusted for imputed compensation of self-employed ,Mrd ECU/EUR,12.0889,12.2014,13.6598,14.5754,16.2104,18.2414,20.7189,23.4602,25.7363,29.9728,31.9206,35.0933,40.784,49.4935,55.2302,57.0275,63.5571,69.8077,76.6328,86.5001,96.9894,105.6816,114.2064,126.225,142.0484,160.2991,189.1869,198.1104,221.7964,250.2621,265.9456,273.3888,293.5849,305.2054,321.027,333.5023,340.2118,352.7749,378.3274,390.4947,422.6227,443.9394,451.8632,463.7965,488.5798,504.6701,535.9246,578.5307,594.3305,542.921,568.3931,575.8763,563.0658,572.7087,582.0717,600.6951,598.171,604.4058,613.1844,639.9904,625.1744,689.6262,697.1331,776.9006,788.7881,799.3223,834.3947
HRV.1.0.99.0.UQGD,HRV,1.0,0.0,99.0,0.0,UQGD,Croatia,"03 Operating surplus, total economy",Gross operating surplus: total economy :- Adjusted for imputed compensation of self-employed ,Mrd ECU/EUR,,,,,,,,,,,,,,,,,,,,,,,,,,,,,,,,,,,,3.9412,4.09384,4.4467,4.15421,3.51138,3.56357,4.99901,5.17972,5.6472,6.87146,7.77782,9.17913,10.41268,11.67206,10.51978,10.68004,11.28937,11.31849,11.92855,12.2569,12.62971,13.82776,14.98712,15.14217,16.76585,14.86394,18.3364,21.61666,23.9537,24.21117,25.52891,26.66232
ITA.1.0.99.0.UQGD,ITA,1.0,0.0,99.0,0.0,UQGD,Italy,"03 Operating surplus, total economy",Gross operating surplus: total economy :- Adjusted for imputed compensation of self-employed ,Mrd ECU/EUR,10.7056,12.3704,13.8906,14.5975,15.3469,17.2355,19.8187,21.7101,25.3986,29.9909,31.4254,30.7977,33.8869,38.5373,46.0352,48.7762,55.2116,60.5776,68.044,82.5213,99.5995,107.7857,122.7474,136.8923,161.4875,177.3355,203.2955,216.7352,235.1801,267.0861,279.9991,295.2054,298.3103,271.1498,294.562,301.6695,342.1497,355.5195,362.6468,378.3458,413.8671,445.3037,454.4929,461.036,477.8516,485.8845,495.6044,519.2189,522.9098,482.5139,486.8942,508.1219,480.9077,488.0225,494.7529,502.9584,539.9037,555.1302,562.4865,563.1946,536.8969,595.3417,677.7913,735.3317,707.1138,713.6225,736.7677
CYP.1.0.99.0.UQGD,CYP,1.0,0.0,99.0,0.0,UQGD,Cyprus,"03 Operating surplus, total economy",Gross operating surplus: total economy :- Adjusted for imputed compensation of self-employed ,Mrd ECU/EUR,,,,,,,,,,,,,,,,,,,,,,,,,,,,,,,,,,,,2.74319,2.83197,3.01354,3.43959,3.74714,4.06737,4.42243,4.37202,4.16617,4.51345,4.53871,4.953,5.3385,6.06362,5.63874,6.15287,6.38035,6.23097,6.15585,5.96516,6.37429,6.95929,7.34852,7.82008,8.1701,8.07109,9.95718,11.14848,11.71263,12.52369,13.46361,14.35414
LVA.1.0.99.0.UQGD,LVA,1.0,0.0,99.0,0.0,UQGD,Latvia,"03 Operating surplus, total economy",Gross operating surplus: total economy :- Adjusted for imputed compensation of self-employed ,Mrd ECU/EUR,,,,,,,,,,,,,,,,,,,,,,,,,,,,,,,,,0.65388,0.54916,0.72693,1.50848,1.54266,1.966,2.2291,2.44564,3.22854,3.68163,4.23012,4.21903,4.79699,5.42402,6.35366,7.87937,8.07978,6.80095,7.19948,7.92578,9.03952,8.86216,8.78159,8.39852,8.20304,8.60481,8.89634,8.97903,8.57325,10.71324,11.07959,10.6968,9.25866,9.49089,9.88207
LTU.1.0.99.0.UQGD,LTU,1.0,0.0,99.0,0.0,UQGD,Lithuania,"03 Operating surplus, total economy",Gross operating surplus: total economy :- Adjusted for imputed compensation of self-employed ,Mrd ECU/EUR,,,,,,,,,,,,,,,,,,,,,,,,,,,,,,,,,,1.31382,1.83795,2.23626,2.69514,3.32293,3.55973,3.5151,4.96192,5.68032,6.149,6.74973,7.50957,8.63521,9.25635,11.62441,13.04506,10.72045,11.98836,14.19497,15.39669,15.9673,16.2225,15.83522,15.47101,16.87081,18.29007,18.63151,19.09166,20.8784,25.55135,26.05986,25.76888,27.29763,28.67533
LUX.1.0.99.0.UQGD,LUX,1.0,0.0,99.0,0.0,UQGD,Luxembourg,"03 Operating surplus, total economy",Gross operating surplus: total economy :- Adjusted for imputed compensation of self-employed ,Mrd ECU/EUR,0.40034,0.37129,0.39423,0.41509,0.47,0.48075,0.5009,0.49405,0.59161,0.76199,0.87064,0.75282,0.85242,1.1959,1.47336,0.80281,1.12604,0.97978,1.20701,1.37156,1.34505,1.34335,1.58448,1.74691,2.03759,2.16347,2.56326,2.56848,3.07165,3.5768,3.85111,4.34305,4.34563,4.94982,5.57686,5.91346,6.12609,6.55415,6.63527,7.80824,8.71693,8.58118,8.8357,9.5024,10.26037,10.94207,13.35508,14.82741,15.92484,14.59446,16.86188,16.99093,18.05801,19.22597,20.26427,22.31114,23.01214,22.68208,22.21581,22.62878,23.78925,27.5572,28.92524,27.04721,28.59871,30.00944,31.5868
HUN.1.0.99.0.UQGD,HUN,1.0,0.0,99.0,0.0,UQGD,Hungary,"03 Operating surplus, total economy",Gross operating surplus: total economy :- Adjusted for imputed compensation of self-employed ,Mrd ECU/EUR,,,,,,,,,,,,,,,,,,,,,,,,,,,,,,,,,,,,12.27951,13.06179,15.32472,16.0513,17.04345,18.14513,21.74931,26.9514,26.56664,29.41929,32.2902,34.07052,37.08233,39.14149,34.79257,36.97653,38.21488,36.06452,38.47258,41.37269,44.52236,45.36552,49.08002,52.92867,56.58941,53.50956,62.46023,68.00071,81.07881,78.85933,79.98323,84.0731
MLT.1.0.99.0.UQGD,MLT,1.0,0.0,99.0,0.0,UQGD,Malta,"03 Operating surplus, total economy",Gross operating surplus: total economy :- Adjusted for imputed compensation of self-employed ,Mrd ECU/EUR,,,,,,,,,,,,,,,,,,,,,,,,,,,,,,,0.82211,0.88295,0.93017,0.89635,1.02978,1.00702,1.06513,1.20534,1.35509,1.41519,1.67114,1.62649,1.73978,1.79293,1.78209,1.87157,1.91332,2.12755,2.3668,2.31533,2.64414,2.57403,2.82936,3.17779,3.60945,4.39698,4.51565,5.57611,5.76187,5.98928,6.14494,7.72166,8.46816,9.90946,10.23285,10.75193,11.51294
NLD.1.0.99.0.UQGD,NLD,1.0,0.0,99.0,0.0,UQGD,Netherlands,"03 Operating surplus, total economy",Gross operating surplus: total economy :- Adjusted for imputed compensation of self-employed ,Mrd ECU/EUR,4.8597,4.9248,5.1867,5.3692,6.2144,6.7581,6.7885,7.5721,8.7359,9.8828,10.5756,11.6294,13.1811,15.4622,20.4229,19.5773,25.4579,27.4948,30.5224,32.3313,36.2457,41.4738,45.4898,50.956,59.5881,61.7292,63.9928,63.2813,67.9778,76.2921,80.5056,83.8457,85.7881,88.8451,98.6813,107.1584,110.5096,118.0103,126.7586,132.6996,143.6235,155.1972,160.2596,162.5591,171.094,183.0323,201.4536,215.4103,221.3023,200.3588,211.0503,212.2062,208.5321,209.7262,211.9061,227.3012,228.7782,242.3605,251.9117,264.385,259.1998,300.6311,347.8198,372.3284,385.349,401.8143,417.2752
AUT.1.0.99.0.UQGD,AUT,1.0,0.0,99.0,0.0,UQGD,Austria,"03 Operating surplus, total economy",Gross operating surplus: total economy :- Adjusted for imputed compensation of self-employed ,Mrd ECU/EUR,1.5062,1.6555,1.6733,1.8394,1.9807,2.1612,2.3554,2.4535,2.7431,3.1033,3.7936,4.0387,4.7927,5.424,6.9049,6.6004,8.2452,9.9574,10.0326,12.3947,13.592,14.4243,18.1636,21.7037,22.3664,24.0701,27.0481,28.9909,30.7458,33.6429,36.7847,39.1205,40.9978,43.3523,45.732,52.6673,53.5057,54.9768,57.9436,60.7657,65.7471,69.0473,71.1911,73.7688,79.1932,85.4579,91.622,98.7774,98.7702,91.9144,95.3223,101.072,101.8545,101.3559,104.5272,109.465,115.2988,119.6329,125.6235,128.2983,129.3968,138.3304,150.9302,152.8289,146.5483,148.7638,152.5771
POL.1.0.99.0.UQGD,POL,1.0,0.0,99.0,0.0,UQGD,Poland,"03 Operating surplus, total economy",Gross operating surplus: total economy :- Adjusted for imputed compensation of self-employed ,Mrd ECU/EUR,,,,,,,,,,,,,,,,,,,,,,,,,,,,,,,,,11.7451,22.9846,27.8876,33.1087,36.1552,39.8548,45.582,47.3384,59.0353,63.3968,66.2309,64.5359,76.7238,93.1672,106.9546,121.221,136.3962,127.1579,137.8377,148.8668,155.0769,156.442,164.5573,177.034,169.5396,181.9659,192.4234,205.9627,211.4269,223.9317,269.2425,295.5546,304.9062,333.2836,354.1087
PRT.1.0.99.0.UQGD,PRT,1.0,0.0,99.0,0.0,UQGD,Portugal,"03 Operating surplus, total economy",Gross operating surplus: total economy :- Adjusted for imputed compensation of self-employed ,Mrd ECU/EUR,1.03501,0.9494,1.22512,1.10683,1.15921,1.49328,1.43544,1.44563,1.60607,1.50596,1.55799,1.96888,2.34138,2.80371,2.29201,0.77986,1.07225,2.17752,3.40065,4.70594,6.65424,8.12023,7.51337,9.34662,12.60183,13.03789,12.94468,13.71974,16.06832,18.05396,21.23954,22.73963,23.34836,23.05522,25.55292,27.01867,27.72163,29.6628,31.32888,34.14222,36.00005,38.04483,40.13146,41.53445,44.49131,45.15358,48.94607,54.18514,54.94776,54.98016,56.89198,56.629,56.53165,58.06212,59.66827,62.55871,65.13664,66.83048,67.93082,69.94002,62.5022,66.86584,76.95916,84.79338,85.96286,89.031,93.58888
ROM.1.0.99.0.UQGD,ROM,1.0,0.0,99.0,0.0,UQGD,Romania,"03 Operating surplus, total economy",Gross operating surplus: total economy :- Adjusted for imputed compensation of self-employed ,Mrd ECU/EUR,,,,,,,,,,,,,,,,,,,,,,,,,,,,,,,3.3426,3.9253,2.7579,7.0398,8.9937,9.3317,10.1167,13.1161,8.6816,9.2267,7.3803,6.2918,13.7813,13.8667,21.2115,23.2804,31.1487,50.1156,54.1295,51.4392,50.6379,59.4084,60.2106,60.0712,62.4738,69.9018,69.8217,76.4937,84.5905,92.0057,90.4642,101.7349,123.6766,137.9765,145.6661,154.0665,164.4763
SVN.1.0.99.0.UQGD,SVN,1.0,0.0,99.0,0.0,UQGD,Slovenia,"03 Operating surplus, total economy",Gross operating surplus: total economy :- Adjusted for imputed compensation of self-employed ,Mrd ECU/EUR,,,,,,,,,,,,,,,,,,,,,,,,,,,,,,,,,,,,3.3844,3.75692,4.50231,4.97138,5.43151,5.41359,5.71546,6.21787,6.78078,7.12564,7.51327,8.54861,10.0169,10.68968,9.22034,8.83335,9.25729,8.8507,8.92957,9.52432,9.85814,10.05899,10.92978,11.58036,11.83917,11.73828,12.56537,13.50978,16.31012,15.13537,15.94627,17.06571
SVK.1.0.99.0.UQGD,SVK,1.0,0.0,99.0,0.0,UQGD,Slovakia,"03 Operating surplus, total economy",Gross operating surplus: total economy :- Adjusted for imputed compensation of self-employed ,Mrd ECU/EUR,,,,,,,,,,,,,,,,,,,,,,,,,,,,,,,,,,,,7.40453,7.9143,8.74802,8.91485,8.84636,9.98558,11.08466,11.98925,13.71916,16.59131,18.24814,22.12343,27.53317,32.59977,29.53055,32.75258,33.67663,35.15958,35.18491,35.57649,36.98495,36.3905,36.27102,37.84324,38.02303,37.40381,41.39693,43.81997,52.9612,54.53651,55.65693,58.27954
FIN.1.0.99.0.UQGD,FIN,1.0,0.0,99.0,0.0,UQGD,Finland,"03 Operating surplus, total economy",Gross operating surplus: total economy :- Adjusted for imputed compensation of self-employed ,Mrd ECU/EUR,1.1868,1.4493,1.4622,1.5546,1.6861,1.7951,1.8326,1.866,2.0507,2.726,3.0722,2.951,3.3034,4.1134,5.8801,5.6563,6.4364,6.8494,7.5179,9.0948,10.4154,11.8825,14.1997,15.7042,18.3673,19.1796,19.5726,20.1692,24.3693,28.9264,28.594,23.6368,21.5896,22.0154,27.1701,34.0222,33.4528,37.3049,41.2352,43.6115,48.6128,52.7346,53.3948,53.7564,57.2941,58.1917,60.9766,69.3813,69.9482,58.6712,60.979,62.2338,60.4562,61.5569,63.0934,65.6432,67.7332,75.9901,77.0612,78.8109,81.064,83.4086,89.7259,91.5296,93.8028,97.6925,101.8714
SWE.1.0.99.0.UQGD,SWE,1.0,0.0,99.0,0.0,UQGD,Sweden,"03 Operating surplus, total economy",Gross operating surplus: total economy :- Adjusted for imputed compensation of self-employed ,Mrd ECU/EUR,4.5128,4.7486,4.8277,5.0688,5.836,6.3284,6.5867,7.2248,7.4847,8.3398,9.7654,9.5064,10.8832,13.0263,16.1567,18.9182,20.3195,18.7296,19.5954,23.0198,26.9073,30.2536,33.3383,35.36,43.1844,46.1555,46.3305,47.2136,53.389,58.1564,56.5796,60.1318,63.5068,57.1946,62.7356,70.2269,73.0172,75.1551,75.5691,79.6378,86.7589,78.4627,83.0872,87.7307,94.0552,95.7771,106.0427,109.8455,103.0499,88.0112,112.4183,123.306,120.3201,121.4693,122.4752,132.4795,131.6193,133.0201,128.4872,136.3293,141.7561,162.832,166.5489,163.2796,165.9891,168.6325,175.6422
GBR.1.0.99.0.UQGD,GBR,1.0,0.0,99.0,0.0,UQGD,United Kingdom,"03 Operating surplus, total economy",Gross operating surplus: total economy :- Adjusted for imputed compensation of self-employed ,Mrd ECU/EUR,18.97,19.284,20.098,20.571,22.694,24.598,25.62,26.794,27.75,31.421,35.85,41.466,46.585,50.176,50.315,50.42,57.653,72.732,85.477,104.848,126.83,155.581,179.637,199.349,212.276,240.383,222.601,244.744,291.271,312.412,315.768,327.498,322.869,335.006,376.699,367.471,416.674,490.524,527.056,533.525,592.719,587.328,620.584,592.772,613.818,653.746,680.823,685.479,630.76,534.92,562.119,573.415,638.129,629.412,710.534,813.417,742.181,735.885,749.495,771.807,774.574,855.811,943.493,1014.43,1054.37,1105.333,1153.173
MKD.1.0.99.0.UQGD,MKD,1.0,0.0,99.0,0.0,UQGD,North Macedonia,"03 Operating surplus, total economy",Gross operating surplus: total economy :- Adjusted for imputed compensation of self-employed ,Mrd ECU/EUR,,,,,,,,,,,,,,,,,,,,,,,,,,,,,,,,,,,,,,,,,,,,,,,,,,,,2.537646,2.656022,3.178664,3.187486,3.50995,3.69657,3.707346,4.187205,4.585947,4.605089,,,,,,
SRB.1.0.99.0.UQGD,SRB,1.0,0.0,99.0,0.0,UQGD,Serbia,"03 Operating surplus, total economy",Gross operating surplus: total economy :- Adjusted for imputed compensation of self-employed ,Mrd ECU/EUR,,,,,,,,,,,,,,,,,,,,,,,,,,,,,,,,,,,,,,,,,,,,,,,,,,,,,,,9.42871,9.97268,9.88199,10.42024,11.29858,11.53439,11.25688,13.92902,15.98313,23.74638,23.19338,24.86272,27.47036
TUR.1.0.99.0.UQGD,TUR,1.0,0.0,99.0,0.0,UQGD,Turkey,"03 Operating surplus, total economy",Gross operating surplus: total economy :- Adjusted for imputed compensation of self-employed ,Mrd ECU/EUR,,,,,,,,,,,,,,,,,,,,,,,,,,,,,42.6511,37.806,35.7597,11.9585,19.7355,37.7346,44.9006,67.5785,69.023,73.8558,81.365,72.2734,103.4121,81.6464,96.0822,105.5434,137.2529,177.5029,200.481,230.8313,247.7631,207.625,254.2858,269.9762,300.5889,317.1598,319.1159,350.2208,325.7417,339.141,305.7701,307.1047,303.0726,366.2217,488.2575,501.3946,,,
ISL.1.0.99.0.UQGD,ISL,1.0,0.0,99.0,0.0,UQGD,Iceland,"03 Operating surplus, total economy",Gross operating surplus: total economy :- Adjusted for imputed compensation of self-employed ,Mrd ECU/EUR,,,,,,,,,,,0.15233,0.18123,0.23108,0.25837,0.28534,0.30501,0.41534,0.48871,0.45771,0.47604,0.59469,0.77465,0.7865,0.97965,1.21992,1.13379,1.18742,1.21334,1.2074,1.34396,1.43019,1.37574,1.43257,1.55957,1.65031,1.54356,1.64702,2.00939,2.15209,2.11722,2.41587,2.64807,2.85304,2.83154,3.05143,3.33919,3.21607,3.81761,3.68606,3.80491,4.07538,4.04814,4.06522,4.24713,4.45401,5.29126,6.17527,6.49798,6.39134,6.85763,5.96915,7.01453,9.09989,9.43338,10.85036,12.25925,13.61537
NOR.1.0.99.0.UQGD,NOR,1.0,0.0,99.0,0.0,UQGD,Norway,"03 Operating surplus, total economy",Gross operating surplus: total economy :- Adjusted for imputed compensation of self-employed ,Mrd ECU/EUR,1.7697,1.9218,1.8959,2.0469,2.2687,2.5621,2.6069,2.687,2.9623,3.2381,3.807,3.8785,4.3139,5.2952,7.1082,7.7497,9.1216,10.3712,11.0572,13.022,17.3074,21.5497,24.273,26.8062,31.9368,34.1563,26.5707,26.3552,27.8631,33.8985,35.9963,38.1739,38.2971,39.9433,41.0478,44.7197,50.9996,55.7811,48.177,55.364,80.7392,83.1083,83.6672,83.1831,92.7114,114.643,129.3852,131.2558,148.0388,115.1719,139.552,158.1729,174.7938,169.4692,158.2583,137.9653,127.0583,141.2642,153.6831,141.4407,118.8361,195.6022,318.1654,213.1695,207.48,211.642,221.0594
CHE.1.0.99.0.UQGD,CHE,1.0,0.0,99.0,0.0,UQGD,Switzerland,"03 Operating surplus, total economy",Gross operating surplus: total economy :- Adjusted for imputed compensation of self-employed ,Mrd ECU/EUR,,,,,,,,,,,,,,,,,,,,,,,,,,,,,,,,74.1493,72.8127,78.1151,88.4049,90.4557,90.3537,87.2207,92.0905,92.4999,102.9601,104.407,103.042,103.6473,110.0607,116.1993,125.8934,128.8219,138.2826,134.7159,158.7641,176.2831,180.1367,176.9753,183.6548,206.6584,207.5845,204.0046,210.3767,215.331,212.3381,238.6237,271.8339,275.5998,286.3567,294.9339,304.5533
AUS.1.0.99.0.UQGD,AUS,1.0,0.0,99.0,0.0,UQGD,Australia,"03 Operating surplus, total economy",Gross operating surplus: total economy :- Adjusted for imputed compensation of self-employed ,Mrd ECU/EUR,6.6317,6.5482,7.2141,8.2538,8.5417,8.4314,9.7671,10.4421,12.3986,14.3563,14.5241,15.6603,17.5166,22.0771,21.8182,22.5952,27.4395,25.7411,30.2203,32.1246,37.0677,49.8105,49.2729,63.3161,76.5009,70.4481,58.3268,62.9242,80.0455,93.3312,78.3607,81.7894,80.0793,86.4968,96.2517,94.2881,105.1384,121.9215,108.8375,128.115,140.406,143.9789,150.3836,165.5659,184.4749,211.0197,226.9669,252.301,272.0048,270.9738,364.1277,412.9939,453.86,427.1511,398.3575,392.222,437.8219,463.1981,464.8429,484.3579,518.5028,600.5197,679.6678,,,,
CAN.1.0.99.0.UQGD,CAN,1.0,0.0,99.0,0.0,UQGD,Canada,"03 Operating surplus, total economy",Gross operating surplus: total economy :- Adjusted for imputed compensation of self-employed ,Mrd ECU/EUR,17.2486,16.4039,17.2112,19.0024,20.8936,22.9345,26.1487,26.152,30.628,32.6514,38.712,42.3796,46.2243,53.399,69.0988,72.7695,92.0071,89.5134,87.95,96.4582,109.4699,,,,,,,,,,,132.6056,120.4728,134.8799,143.246,141.311,152.5443,176.5423,166.3243,196.2347,261.8792,270.8002,263.1419,267.357,283.6073,329.3707,364.5714,367.9554,373.9175,315.8229,410.8844,447.3288,481.6342,470.3356,468.8898,452.59,457.4414,493.9661,491.4336,521.7732,520.4745,616.2159,,,,,
JPN.1.0.99.0.UQGD,JPN,1.0,0.0,99.0,0.0,UQGD,Japan,"03 Operating surplus, total economy",Gross operating surplus: total economy :- Adjusted for imputed compensation of self-employed ,Mrd ECU/EUR,,,,,,,,,,,,,,,,,,,,,197.234,274.479,292.872,354.943,443.012,541.638,637.547,645.589,799.408,889.015,801.176,935.83,948.889,1198.843,1276.174,1295.564,1221.41,1208.738,1110.764,1331.251,1728.997,1603.824,1523.009,1404.423,1396.229,1356.265,1275.575,1181.647,1188.417,1280.648,1561.827,1568.672,1732.34,1422.945,1323.662,1480.266,1652.923,1594.726,1497.792,1562.262,1439.76,1391.103,1325.126,1334.383,1253.715,1302.699,1329.605
KOR.1.0.99.0.UQGD,KOR,1.0,0.0,99.0,0.0,UQGD,Korea,"03 Operating surplus, total economy",Gross operating surplus: total economy :- Adjusted for imputed compensation of self-employed ,Mrd ECU/EUR,,,,,,,,,,,,,,,,,,,,,,,,,,,,,,,,,,,,,,,,,,,,,160.2144,184.4613,203.9595,218.771,186.9108,189.2244,261.7155,269.3742,291.9884,305.9721,327.0273,389.2784,403.2249,433.4995,428.774,404.5308,379.424,423.9595,439.5788,,,,
NZL.1.0.99.0.UQGD,NZL,1.0,0.0,99.0,0.0,UQGD,New Zealand,"03 Operating surplus, total economy",Gross operating surplus: total economy :- Adjusted for imputed compensation of self-employed ,Mrd ECU/EUR,,,,,,,,,,,,,,,,,,,,,,,,,,,10.29427,10.53529,12.78768,13.22208,11.91442,12.1266,11.3413,14.38262,16.59337,17.92819,19.9975,22.31348,18.68229,21.62975,23.66661,24.46754,26.02483,28.98022,31.48911,33.72419,32.03597,36.64277,31.84519,31.01401,39.39499,42.53179,47.21884,53.0744,54.96337,58.10497,59.32705,64.01908,62.08165,66.6768,66.67937,74.15557,76.55083,,,,
USA.1.0.99.0.UQGD,USA,1.0,0.0,99.0,0.0,UQGD,United States,"03 Operating surplus, total economy",Gross operating surplus: total economy :- Adjusted for imputed compensation of self-employed ,Mrd ECU/EUR,150.86,157.01,170.61,183.1,197.45,219.45,238.78,248.83,278.02,293.2,296.45,320.43,335.0,345.56,379.23,412.16,514.81,566.62,580.0,589.79,616.91,892.6,1067.84,1278.28,1663.32,1839.0,1464.3,1331.69,1424.85,1626.97,1447.02,1515.01,1517.34,1776.67,1916.02,1886.45,2111.83,2550.73,2714.21,3017.69,3675.03,3950.04,3913.3,3430.69,3363.8,3702.85,4005.85,3660.96,3361.84,3578.64,4128.5,4151.94,4802.42,4785.49,5052.47,6163.22,6224.19,6330.99,6387.46,7027.44,7084.63,7779.42,9570.82,9824.59,10346.04,10834.55,11353.45
BEL.1.0.99.0.UQND,BEL,1.0,0.0,99.0,0.0,UQND,Belgium,"03 Operating surplus, total economy",Net operating surplus: total economy :- Adjusted for imputed compensation of self-employed ,Mrd ECU/EUR,2.1084,2.30714,2.32923,2.40293,2.81626,3.09456,3.00044,3.12048,3.66421,4.26557,4.73381,4.59857,5.03733,6.0768,6.05516,5.94549,6.86674,6.99115,7.60569,8.37191,8.66441,7.93156,8.98056,10.07801,12.40969,14.04061,16.07575,17.25252,21.48457,23.69856,24.01351,21.88137,22.52021,21.40733,24.02291,26.66865,24.40188,24.71342,26.13691,25.03307,29.01148,27.04924,26.10995,27.39294,33.56506,38.01704,39.8688,43.85007,36.36602,33.52005,40.98534,42.61519,38.57776,38.17598,43.60147,48.73185,51.87832,52.86104,55.51821,60.65543,55.00018,64.80233,80.29405,73.64997,79.52073,85.39965,91.72816
BGR.1.0.99.0.UQND,BGR,1.0,0.0,99.0,0.0,UQND,Bulgaria,"03 Operating surplus, total economy",Net operating surplus: total economy :- Adjusted for imputed compensation of self-employed ,Mrd ECU/EUR,,,,,,,,,,,,,,,,,,,,,,,,,,,,,,,,,,,,6.94263,4.41751,4.30533,4.19382,3.20626,3.65253,3.93512,4.645,4.51,5.13093,5.81221,6.98583,9.09444,10.03135,9.47345,8.84227,10.67506,10.37521,8.53318,7.64273,8.28347,8.93484,8.38108,8.89704,11.01639,10.03898,14.30288,18.71996,16.84104,13.72252,10.10965,9.16351
CZE.1.0.99.0.UQND,CZE,1.0,0.0,99.0,0.0,UQND,Czechia,"03 Operating surplus, total economy",Net operating surplus: total economy :- Adjusted for imputed compensation of self-employed ,Mrd ECU/EUR,,,,,,,,,,,,,,,,,,,,,,,,,,,,,,,,,,8.64053,9.17587,11.23749,12.45099,12.14826,14.31478,14.19676,15.12979,17.68992,18.94532,18.38103,20.34765,24.47639,28.75955,32.40235,36.05814,31.8318,33.68866,34.19858,31.59802,31.18574,34.00344,37.64679,38.03613,40.84079,41.46753,44.84626,39.13889,44.70995,54.97046,64.7705,60.8614,60.39815,63.38341
DNK.1.0.99.0.UQND,DNK,1.0,0.0,99.0,0.0,UQND,Denmark,"03 Operating surplus, total economy",Net operating surplus: total economy :- Adjusted for imputed compensation of self-employed ,Mrd ECU/EUR,1.20166,1.28426,1.38752,1.36895,1.66253,1.58113,1.56292,1.59911,1.67111,2.08829,2.11021,2.14175,2.83047,3.85845,3.68042,3.80017,5.16501,5.40114,5.81191,5.9865,5.04984,5.87863,7.68291,8.89081,11.10984,12.36617,12.3983,11.34895,11.22096,13.17896,14.61531,15.07602,16.8652,16.34109,20.30772,21.8658,22.52518,22.91585,20.53908,21.64601,27.76479,26.15573,25.20507,24.42463,27.81875,29.67356,32.20428,28.58559,27.48977,22.11042,29.39744,30.99932,33.60965,35.94392,38.01452,38.32873,40.38691,44.95415,43.42281,42.43082,45.82804,61.56226,76.19095,57.42699,57.99232,62.8414,64.88297
DEU.1.0.99.0.UQND,DEU,1.0,0.0,99.0,0.0,UQND,Germany,"03 Operating surplus, total economy",Net operating surplus: total economy :- Adjusted for imputed compensation of self-employed ,Mrd ECU/EUR,,,,,,,,,,,,,,,,,,,,,,,,,,,,,,,,258.4716,261.0829,262.7552,291.5758,305.5645,307.9503,316.3032,331.8803,326.3192,311.4789,341.238,347.6698,343.8013,379.1315,399.0686,455.5866,488.3858,461.7271,354.7843,417.7559,449.5099,420.0539,419.0805,447.8055,454.3079,474.6271,496.8656,470.5182,451.1168,420.9816,507.2478,511.5284,556.9804,481.4903,490.125,539.7524
D_W.1.0.99.0.UQND,D_W,1.0,0.0,99.0,0.0,UQND,West Germany,"03 Operating surplus, total economy",Net operating surplus: total economy :- Adjusted for imputed compensation of self-employed ,Mrd ECU/EUR,14.9387,15.3207,15.9245,16.2921,18.9,20.3476,20.4763,20.8265,25.8193,28.5542,32.1306,34.1201,36.523,42.6666,45.3568,47.8883,59.3287,66.9904,74.1362,83.2184,80.1852,82.4649,94.0277,112.0224,123.9524,136.5245,156.1796,155.0015,174.2919,198.9924,221.8196,230.693,,,,,,,,,,,,,,,,,,,,,,,,,,,,,,,,,,,
EST.1.0.99.0.UQND,EST,1.0,0.0,99.0,0.0,UQND,Estonia,"03 Operating surplus, total economy",Net operating surplus: total economy :- Adjusted for imputed compensation of self-employed ,Mrd ECU/EUR,,,,,,,,,,,,,,,,,,,,,,,,,,,,,,,,,,0.298632,0.291662,0.490912,0.709909,0.984599,1.187995,1.32099,1.519855,1.765814,2.056618,2.265131,2.488475,3.076222,3.578946,4.062235,3.458215,2.095233,2.973698,3.979156,4.293899,4.391297,4.52574,4.094422,4.238227,4.830459,5.123113,5.1172,4.73748,5.873128,7.190878,5.837384,4.981605,5.173273,5.591767
IRL.1.0.99.0.UQND,IRL,1.0,0.0,99.0,0.0,UQND,Ireland,"03 Operating surplus, total economy",Net operating surplus: total economy :- Adjusted for imputed compensation of self-employed ,Mrd ECU/EUR,0.311,0.3338,0.3364,0.361,0.3842,0.4178,0.3276,0.4065,0.4459,0.4979,0.4605,0.5016,0.7913,0.8988,0.5723,0.8918,0.9261,1.8309,2.3329,2.1939,1.4553,2.0048,2.707,2.8092,3.8426,5.0464,5.0384,5.2965,6.2187,7.2377,8.3713,8.413,8.2188,9.1643,9.6669,12.0525,13.6687,18.8034,23.3034,27.0604,33.4004,38.277,44.3935,45.5842,46.0172,48.2323,49.9858,52.6945,43.2852,38.0915,44.297,48.5451,49.1139,52.2258,61.8267,96.267,83.8384,98.3157,112.973,125.211,132.114,178.6863,224.916,188.1049,184.1052,206.0682,222.6776
GRC.1.0.99.0.UQND,GRC,1.0,0.0,99.0,0.0,UQND,Greece,"03 Operating surplus, total economy",Net operating surplus: total economy :- Adjusted for imputed compensation of self-employed ,Mrd ECU/EUR,0.33763,0.69484,0.63781,0.96828,1.1546,1.5133,1.63354,1.70693,1.83718,2.47899,3.10584,3.57401,4.04314,5.98816,6.70632,6.83611,8.27761,8.14298,8.59192,9.69622,10.82604,11.37482,13.10723,11.42463,13.6662,13.99966,14.10306,13.74532,15.80809,16.68317,17.06289,21.93027,23.39963,25.94968,27.64497,27.96364,30.00253,30.90831,30.57789,30.96153,30.95351,34.41351,33.66191,39.00178,45.23755,40.69956,47.66006,51.14071,50.92797,45.1639,38.97063,31.22031,25.64593,29.83336,27.85646,31.14355,29.60419,32.32711,34.17845,37.58129,31.47622,40.89776,53.36282,58.23813,61.74432,66.96451,71.50178
ESP.1.0.99.0.UQND,ESP,1.0,0.0,99.0,0.0,UQND,Spain,"03 Operating surplus, total economy",Net operating surplus: total economy :- Adjusted for imputed compensation of self-employed ,Mrd ECU/EUR,1.9477,2.3421,2.7993,3.0283,3.1378,3.6907,3.9401,4.1738,4.8479,5.8315,6.3835,6.9901,8.3046,9.936,13.364,13.7151,14.7762,16.8867,19.6049,23.0559,24.8659,23.2402,27.6954,24.9024,33.3618,39.3261,47.8312,53.2334,64.0596,77.559,80.979,85.3235,79.9779,75.4211,82.2113,93.9736,104.1713,104.4879,109.4006,117.7736,128.5022,148.1938,161.8901,176.3223,184.3387,197.476,213.9095,236.7386,239.2823,231.2141,214.3168,220.6322,214.5929,211.0605,210.1354,222.6083,238.4412,252.6801,257.6735,252.8628,180.6986,197.8104,254.6179,285.2552,294.2206,305.296,319.146
FRA.1.0.99.0.UQND,FRA,1.0,0.0,99.0,0.0,UQND,France,"03 Operating surplus, total economy",Net operating surplus: total economy :- Adjusted for imputed compensation of self-employed ,Mrd ECU/EUR,4.7963,4.3382,5.0633,4.8638,5.5958,6.7201,8.1781,9.7497,10.8684,14.0884,15.501,16.5725,19.0002,23.3158,23.8218,17.4037,17.1312,18.7581,19.8404,22.4783,21.5268,21.0285,22.0009,29.4436,38.8926,49.5224,71.9645,76.601,94.2981,113.2802,117.5492,115.4179,127.6998,130.7506,141.7837,149.7298,151.0366,162.9711,183.0774,186.5159,205.2254,215.1469,212.9493,215.706,228.2328,230.2061,244.762,271.2044,269.5167,214.237,231.1617,227.2874,206.2211,211.5141,215.5725,230.7054,220.9994,214.6262,208.4172,217.3882,188.8148,228.8444,195.0605,248.0935,245.9871,241.4029,262.8697
HRV.1.0.99.0.UQND,HRV,1.0,0.0,99.0,0.0,UQND,Croatia,"03 Operating surplus, total economy",Net operating surplus: total economy :- Adjusted for imputed compensation of self-employed ,Mrd ECU/EUR,,,,,,,,,,,,,,,,,,,,,,,,,,,,,,,,,,,,0.96639,1.11067,1.11004,0.5799,-0.02978,-0.34541,0.23204,0.23738,0.23735,0.76609,2.1253,2.72223,3.38341,3.96011,2.40149,2.52345,3.34707,3.60593,4.37351,4.74414,5.02947,5.88148,6.66807,6.51661,7.34596,5.34901,8.25199,10.61023,12.24285,11.69694,12.17313,12.41962
ITA.1.0.99.0.UQND,ITA,1.0,0.0,99.0,0.0,UQND,Italy,"03 Operating surplus, total economy",Net operating surplus: total economy :- Adjusted for imputed compensation of self-employed ,Mrd ECU/EUR,5.5206,6.7498,7.6165,7.3411,7.0921,8.3681,10.4818,11.6841,14.2678,17.5614,16.9434,15.3291,17.0574,19.5881,22.8606,19.9833,24.5774,25.7371,30.6908,40.6278,50.0021,48.3092,54.7453,59.9027,76.0833,85.1057,104.7622,112.118,123.3557,142.1793,143.1527,146.3055,144.8209,129.8543,151.1862,164.3467,185.4697,189.2471,189.9865,198.8667,223.1756,243.9895,241.2431,239.0901,244.5727,241.701,240.0291,251.5952,243.4351,196.4622,191.9001,202.9588,169.6263,177.828,183.5033,188.0034,223.9732,234.5456,236.4042,232.1516,203.9897,247.0105,303.3457,350.8878,318.4788,314.7248,325.7991
CYP.1.0.99.0.UQND,CYP,1.0,0.0,99.0,0.0,UQND,Cyprus,"03 Operating surplus, total economy",Net operating surplus: total economy :- Adjusted for imputed compensation of self-employed ,Mrd ECU/EUR,,,,,,,,,,,,,,,,,,,,,,,,,,,,,,,,,,,,1.69027,1.70067,1.80178,2.15121,2.43166,2.66077,2.96898,2.85365,2.57843,2.80265,2.72026,3.0226,3.29613,3.81394,3.34583,3.72228,3.89181,3.70505,3.63175,3.47125,3.89563,4.51657,4.81682,5.17787,5.45377,5.26592,6.98595,7.70144,8.07313,8.63966,9.39562,10.11294
LVA.1.0.99.0.UQND,LVA,1.0,0.0,99.0,0.0,UQND,Latvia,"03 Operating surplus, total economy",Net operating surplus: total economy :- Adjusted for imputed compensation of self-employed ,Mrd ECU/EUR,,,,,,,,,,,,,,,,,,,,,,,,,,,,,,,,,0.637382,0.369358,0.345275,0.532972,0.47913,0.728171,0.896583,1.030698,1.599308,1.989844,2.485338,2.498456,2.921528,3.255279,3.623019,4.461982,4.189164,3.16432,3.523504,4.002105,4.769769,4.461886,4.248814,3.785969,3.588494,3.827665,3.880971,3.745045,3.045554,4.854126,4.634558,3.8696,2.052095,1.891438,1.959186
LTU.1.0.99.0.UQND,LTU,1.0,0.0,99.0,0.0,UQND,Lithuania,"03 Operating surplus, total economy",Net operating surplus: total economy :- Adjusted for imputed compensation of self-employed ,Mrd ECU/EUR,,,,,,,,,,,,,,,,,,,,,,,,,,,,,,,,,,0.91077,,1.15841,1.51233,1.91761,2.08997,1.9531,3.11444,3.72618,4.08396,4.55999,5.17135,6.04346,6.34653,8.23817,9.10321,6.73602,7.95741,9.98135,10.9372,11.2739,11.35078,10.80383,10.27725,11.47797,12.60178,12.49504,12.59087,13.73006,17.06964,16.58011,15.27336,15.8663,16.36073
LUX.1.0.99.0.UQND,LUX,1.0,0.0,99.0,0.0,UQND,Luxembourg,"03 Operating surplus, total economy",Net operating surplus: total economy :- Adjusted for imputed compensation of self-employed ,Mrd ECU/EUR,0.30092,0.27563,0.29631,0.31187,0.34382,0.33949,0.35507,0.33455,0.40259,0.54131,0.62787,0.48682,0.56872,0.82509,1.05533,0.37461,0.67907,0.51446,0.70248,0.79786,0.72619,0.69519,0.9441,1.04605,1.25241,1.32092,1.66288,1.5843,2.03358,2.41569,2.55486,2.94621,2.77067,3.25271,3.74277,3.94354,4.10471,4.53652,4.49735,5.53164,6.17803,5.77898,5.7978,6.3191,6.88797,7.34067,9.61078,10.90821,11.76714,10.21596,12.23008,11.92613,12.72461,13.63687,14.41177,16.08534,16.51254,15.92298,15.02591,15.06018,15.81055,18.8573,19.10144,18.51751,19.76493,20.87198,22.03163
HUN.1.0.99.0.UQND,HUN,1.0,0.0,99.0,0.0,UQND,Hungary,"03 Operating surplus, total economy",Net operating surplus: total economy :- Adjusted for imputed compensation of self-employed ,Mrd ECU/EUR,,,,,,,,,,,,,,,,,,,,,,,,,,,,,,,,,,,,5.50671,5.77954,7.32308,7.89612,8.12173,8.38302,10.85547,14.82806,14.18556,16.16194,18.02677,19.41557,20.66194,21.60377,17.9074,19.08331,19.97114,17.78968,20.27902,23.38697,25.85299,26.10289,28.4362,31.35702,33.26191,29.33228,35.33652,36.73739,43.60858,37.35879,37.10556,38.95484
MLT.1.0.99.0.UQND,MLT,1.0,0.0,99.0,0.0,UQND,Malta,"03 Operating surplus, total economy",Net operating surplus: total economy :- Adjusted for imputed compensation of self-employed ,Mrd ECU/EUR,,,,,,,,,,,,,,,,,,,,,,,,,,,,,,,,,,,,0.567904,0.603237,0.70109,0.822393,0.847345,1.039923,0.960806,1.07856,1.146174,1.129064,1.211741,1.229767,1.398685,1.5948,1.507325,1.811066,1.682848,1.887065,2.190943,2.574103,3.290105,3.315247,4.199861,4.267996,4.361693,4.37889,5.776676,6.210118,7.305328,7.455789,7.81039,8.406153
NLD.1.0.99.0.UQND,NLD,1.0,0.0,99.0,0.0,UQND,Netherlands,"03 Operating surplus, total economy",Net operating surplus: total economy :- Adjusted for imputed compensation of self-employed ,Mrd ECU/EUR,3.1722,3.0554,3.1531,3.1589,3.7719,4.0691,3.8377,4.3508,5.1309,5.8707,5.9452,6.1647,6.9232,8.182,11.2567,8.8732,12.7133,12.7528,14.1535,14.272,16.3237,19.7112,20.9876,24.8992,32.312,33.1524,32.9806,29.6247,32.3034,38.3904,39.7595,40.6544,39.5032,38.6217,46.6335,51.6884,54.2379,61.1704,67.3456,69.0516,74.5255,80.6322,80.7956,79.7241,85.273,94.1893,108.6896,117.9113,118.4323,93.6188,101.4813,102.3212,97.6961,96.9502,98.0691,112.1242,111.3732,122.1435,126.3377,133.03,121.9198,156.0091,190.4348,205.2804,206.9844,216.4341,225.2934
AUT.1.0.99.0.UQND,AUT,1.0,0.0,99.0,0.0,UQND,Austria,"03 Operating surplus, total economy",Net operating surplus: total economy :- Adjusted for imputed compensation of self-employed ,Mrd ECU/EUR,0.50412,0.5668,0.49229,0.53203,0.57015,0.59428,0.65214,0.60045,0.71476,0.93102,1.37728,1.26835,1.61855,1.63656,2.12528,1.33823,2.21372,2.71332,2.02666,3.6618,3.77983,3.48878,5.58053,7.86735,7.63558,8.57554,9.99005,10.67911,11.72798,13.24045,14.82829,15.50575,15.17065,14.91876,15.77758,20.97924,21.24751,22.38014,24.13657,25.35986,28.50759,30.09783,30.90886,32.05084,35.93948,40.52637,44.87304,49.74613,47.06183,38.52306,40.41221,44.03957,42.26853,39.75445,40.93398,44.15006,47.61338,49.51937,52.58691,51.51845,49.62205,54.59856,58.96834,53.46941,43.72691,43.63067,44.94705
POL.1.0.99.0.UQND,POL,1.0,0.0,99.0,0.0,UQND,Poland,"03 Operating surplus, total economy",Net operating surplus: total economy :- Adjusted for imputed compensation of self-employed ,Mrd ECU/EUR,,,,,,,,,,,,,,,,,,,,,,,,,,,,,,,,,,,,17.3253,17.744,19.847,23.7468,24.76,32.966,32.8982,36.1155,36.723,48.2252,59.595,70.0703,81.1241,91.9046,90.1847,96.9044,107.5921,111.9559,111.3357,117.3501,127.3273,119.0371,128.4089,135.8214,145.7347,149.3668,158.2817,198.3012,215.9956,214.6178,236.5862,249.853
PRT.1.0.99.0.UQND,PRT,1.0,0.0,99.0,0.0,UQND,Portugal,"03 Operating surplus, total economy",Net operating surplus: total economy :- Adjusted for imputed compensation of self-employed ,Mrd ECU/EUR,0.47482,0.34067,0.58877,0.3974,0.40413,0.66689,0.53131,0.44774,0.43427,0.20388,0.1268,0.38053,0.53395,0.75925,-0.04581,-1.7919,-1.61885,-0.5992,0.43077,1.70838,3.05255,3.91529,2.77611,4.71306,7.74189,7.63812,6.94471,7.36343,8.80557,9.89049,12.19922,12.51112,11.97853,11.71094,13.70184,12.92421,12.91156,14.21604,15.13131,16.54718,16.45027,16.89017,17.6252,18.11924,20.00504,19.5999,22.09327,26.07463,24.97732,24.64378,25.98154,25.4255,26.07225,28.31403,29.74279,32.11417,33.77888,34.08723,33.099,33.23351,23.86696,25.55671,30.51197,35.36421,35.26484,37.05594,40.23552
ROM.1.0.99.0.UQND,ROM,1.0,0.0,99.0,0.0,UQND,Romania,"03 Operating surplus, total economy",Net operating surplus: total economy :- Adjusted for imputed compensation of self-employed ,Mrd ECU/EUR,,,,,,,,,,,,,,,,,,,,,,,,,,,,,,,,,,,,2.1581,2.5485,5.5907,0.629,2.017,-0.7829,-2.7485,2.895,3.1168,9.764,8.9909,14.8121,30.7153,32.8011,31.0108,28.9574,35.1451,35.9643,33.8079,34.7543,41.1719,39.1322,43.9965,49.3942,54.4353,51.7746,59.6349,74.5132,101.9808,105.0149,108.0992,112.8222
SVN.1.0.99.0.UQND,SVN,1.0,0.0,99.0,0.0,UQND,Slovenia,"03 Operating surplus, total economy",Net operating surplus: total economy :- Adjusted for imputed compensation of self-employed ,Mrd ECU/EUR,,,,,,,,,,,,,,,,,,,,,,,,,,,,,,,,,,,,0.444831,0.558363,1.087614,1.252494,1.539462,1.378932,1.490401,1.78292,2.163648,2.185535,2.230649,2.933613,3.978154,4.155825,2.476025,1.864272,2.074297,1.516654,1.519664,2.027875,2.196143,2.299148,3.012965,3.396621,3.351507,3.015631,3.115014,2.632426,4.794574,3.179219,3.437748,3.943334
SVK.1.0.99.0.UQND,SVK,1.0,0.0,99.0,0.0,UQND,Slovakia,"03 Operating surplus, total economy",Net operating surplus: total economy :- Adjusted for imputed compensation of self-employed ,Mrd ECU/EUR,,,,,,,,,,,,,,,,,,,,,,,,,,,,,,,,,,,,2.06925,2.50994,3.09972,3.3815,3.58856,4.21262,5.21411,5.75488,6.64259,8.74804,9.85117,12.70526,16.42806,19.59438,15.79534,18.99171,19.54649,20.58889,20.2741,20.55265,21.74655,20.70925,19.96303,20.87537,20.11369,18.72423,22.01283,21.71146,30.85276,31.57105,31.1882,32.23017
FIN.1.0.99.0.UQND,FIN,1.0,0.0,99.0,0.0,UQND,Finland,"03 Operating surplus, total economy",Net operating surplus: total economy :- Adjusted for imputed compensation of self-employed ,Mrd ECU/EUR,0.61778,0.80661,0.75636,0.77997,0.83585,0.86462,0.80688,0.80688,0.9985,1.56903,1.73353,1.41889,1.61137,2.049,3.05805,2.20862,2.15142,2.14167,2.92568,4.04395,4.27341,4.28063,5.51333,6.34019,7.38605,7.06709,7.21967,6.76742,8.96738,10.46228,8.33548,3.18141,4.00336,6.58788,10.23788,15.48681,14.77046,17.92072,21.12166,22.23046,25.50785,28.08257,27.98579,27.60637,29.85812,29.18772,30.54662,36.91735,35.11922,23.1772,25.67197,25.66483,22.17115,22.49288,23.69038,25.84518,27.37325,34.5151,33.90524,33.48792,34.53595,35.17358,37.54592,35.93563,36.77917,39.49272,42.09148
SWE.1.0.99.0.UQND,SWE,1.0,0.0,99.0,0.0,UQND,Sweden,"03 Operating surplus, total economy",Net operating surplus: total economy :- Adjusted for imputed compensation of self-employed ,Mrd ECU/EUR,2.60107,2.64211,2.50062,2.54921,3.05143,3.24638,3.16382,3.50666,3.6316,4.23362,5.31471,4.72981,5.5772,7.10061,9.24474,10.70301,10.20997,8.21415,9.88548,12.0697,14.35208,15.58042,18.25107,19.85539,25.31001,26.51488,26.52337,26.74483,30.51384,31.96728,29.13215,30.52637,33.45917,30.92917,36.12526,42.70674,41.12306,41.73994,40.77553,41.4541,43.3358,35.78682,37.77272,41.35873,46.28856,46.85065,54.52659,55.38713,46.16736,34.12815,52.20097,58.69555,51.06316,50.09648,51.713,60.26795,57.51278,55.96759,51.67003,58.58039,60.51948,73.24253,69.75661,65.10945,63.43058,62.80895,66.6621
GBR.1.0.99.0.UQND,GBR,1.0,0.0,99.0,0.0,UQND,United Kingdom,"03 Operating surplus, total economy",Net operating surplus: total economy :- Adjusted for imputed compensation of self-employed ,Mrd ECU/EUR,10.4569,10.2102,10.5653,10.4793,11.7969,12.8039,12.8691,13.5284,14.6983,17.1208,19.6096,22.6952,25.7661,27.7759,23.1133,18.439,22.6732,33.5688,40.4436,49.821,55.1366,67.9931,86.7776,104.3241,111.7756,131.7135,120.5379,138.093,165.1213,176.7527,173.5844,171.387,171.5226,188.0648,224.8136,221.201,262.4338,313.2696,339.1752,329.0973,357.9753,341.8327,364.4229,347.1078,353.4265,380.5129,389.6629,378.5233,347.8827,270.8801,286.3616,292.5641,327.3558,323.9219,378.1323,431.168,388.125,386.66,389.8553,393.3984,391.3477,446.6167,501.5584,545.4829,556.7658,584.8699,618.8408
MKD.1.0.99.0.UQND,MKD,1.0,0.0,99.0,0.0,UQND,North Macedonia,"03 Operating surplus, total economy",Net operating surplus: total economy :- Adjusted for imputed compensation of self-employed ,Mrd ECU/EUR,,,,,,,,,,,,,,,,,,,,,,,,,,,,,,,,,,,,,,,,,,,,,,,,,,,,1.106748,1.182146,1.697654,1.640785,1.935418,2.074611,2.136525,2.429087,2.757609,2.716021,,,,,,
SRB.1.0.99.0.UQND,SRB,1.0,0.0,99.0,0.0,UQND,Serbia,"03 Operating surplus, total economy",Net operating surplus: total economy :- Adjusted for imputed compensation of self-employed ,Mrd ECU/EUR,,,,,,,,,,,,,,,,,,,,,,,,,,,,,,,,,,,,,,,,,,,,,,,,,,,,,,,4.800513,5.387048,5.119515,5.248162,5.542903,5.069695,4.436072,6.136445,7.175017,,,,
TUR.1.0.99.0.UQND,TUR,1.0,0.0,99.0,0.0,UQND,Turkey,"03 Operating surplus, total economy",Net operating surplus: total economy :- Adjusted for imputed compensation of self-employed ,Mrd ECU/EUR,,,,,,,,,,,,,,,,,,,,,,,,,,,,,,,,,,,,,,,,,,,,,,,,,,132.665,167.1548,184.4043,202.1869,216.477,216.8264,236.8079,208.252,224.5575,199.3352,192.0543,195.3639,245.954,327.7815,,,,
ISL.1.0.99.0.UQND,ISL,1.0,0.0,99.0,0.0,UQND,Iceland,"03 Operating surplus, total economy",Net operating surplus: total economy :- Adjusted for imputed compensation of self-employed ,Mrd ECU/EUR,,,,,,,,,,,0.037711,0.056037,0.081787,0.059323,0.032753,0.046699,0.10162,0.117039,0.081323,0.069062,0.125372,0.164579,0.114625,0.306807,0.491972,0.355525,0.412932,0.37735,0.301218,0.399463,0.491124,0.4224,0.51983,0.694474,0.823937,0.739476,0.841313,1.170583,1.249301,1.06685,1.183212,1.464504,1.498415,1.415901,1.598298,1.517693,1.410659,1.567023,2.016593,2.099417,2.150015,2.142727,2.121074,2.247459,2.326419,2.976609,3.507932,3.336309,3.213652,3.575378,2.724758,3.380568,4.828547,4.807235,5.760349,6.766002,7.729678
NOR.1.0.99.0.UQND,NOR,1.0,0.0,99.0,0.0,UQND,Norway,"03 Operating surplus, total economy",Net operating surplus: total economy :- Adjusted for imputed compensation of self-employed ,Mrd ECU/EUR,1.0092,1.1173,1.0183,1.1045,1.2644,1.4327,1.3696,1.2537,1.4243,1.548,1.8498,1.7751,1.975,2.6006,3.5603,3.6366,4.0003,4.3198,4.7925,6.5066,9.9351,12.5416,13.7904,15.4057,19.2319,20.2241,12.5987,11.4547,11.386,16.2975,18.5839,20.3076,19.9009,21.2533,21.9791,24.4628,29.4477,32.5469,24.7473,29.8105,52.7315,53.3461,51.0485,52.1195,61.5919,80.263,92.3293,89.9143,103.4122,69.7204,87.8259,102.0577,113.1078,107.3469,95.6669,75.8851,65.7856,78.7734,89.5824,75.381,53.4045,122.0385,236.7825,,,,
CHE.1.0.99.0.UQND,CHE,1.0,0.0,99.0,0.0,UQND,Switzerland,"03 Operating surplus, total economy",Net operating surplus: total economy :- Adjusted for imputed compensation of self-employed ,Mrd ECU/EUR,,,,,,,,,,,,,,,,,,,,,,,,,,,,,,,,24.43965,22.90158,25.55282,32.3257,32.80871,33.42886,32.77265,35.37269,32.07779,36.9544,32.2151,26.68168,28.0851,34.0178,38.28115,46.45037,48.85043,50.07354,37.34755,51.4911,54.17513,57.11786,52.88686,54.95043,61.32408,63.3735,60.63388,68.1962,64.5927,53.32149,76.4701,85.44353,74.95767,78.41281,80.82309,86.27377
AUS.1.0.99.0.UQND,AUS,1.0,0.0,99.0,0.0,UQND,Australia,"03 Operating surplus, total economy",Net operating surplus: total economy :- Adjusted for imputed compensation of self-employed ,Mrd ECU/EUR,3.4516,3.3446,3.8106,4.5415,4.3562,4.0482,4.9922,5.1683,6.5814,7.3417,7.1253,7.5407,8.9593,11.0364,8.9118,9.1258,11.7088,10.0058,14.1485,15.3435,16.7508,21.3239,17.6582,29.012,35.2734,31.5673,25.1556,29.8416,40.0117,45.4489,35.235,36.2063,36.798,39.58,44.4367,44.7098,49.9007,58.7678,51.5537,62.4609,65.9592,71.5688,74.3669,85.0752,95.0587,110.6338,119.9536,135.0526,153.4062,148.8841,206.6624,237.1218,251.904,232.4165,203.4031,187.4965,229.1155,243.5564,251.5937,267.0725,300.2625,349.5158,,,,,
CAN.1.0.99.0.UQND,CAN,1.0,0.0,99.0,0.0,UQND,Canada,"03 Operating surplus, total economy",Net operating surplus: total economy :- Adjusted for imputed compensation of self-employed ,Mrd ECU/EUR,5.383,4.8101,5.4944,6.6432,7.5378,8.3801,10.0956,8.6111,11.1191,11.191,14.5835,15.8147,18.7399,24.5708,32.5597,32.9505,41.0603,38.2211,40.1206,46.5146,52.2527,,,,,,,,,,,56.8616,49.5338,59.3017,69.2071,71.4197,76.9438,88.3337,77.4681,98.4281,141.397,144.1508,139.4835,149.6164,163.9827,193.9638,210.5221,207.4858,209.3411,146.5508,213.7591,243.812,252.6159,244.5375,248.4412,211.2728,216.5709,251.3967,249.9634,263.2522,264.1889,338.8058,,,,,
JPN.1.0.99.0.UQND,JPN,1.0,0.0,99.0,0.0,UQND,Japan,"03 Operating surplus, total economy",Net operating surplus: total economy :- Adjusted for imputed compensation of self-employed ,Mrd ECU/EUR,,,,,,,,,,,,,,,,,,,,,59.9488,77.8262,81.7462,97.1609,133.7153,197.497,236.8933,223.5711,300.2026,334.9917,300.7959,327.1024,288.9535,335.3968,330.1696,361.0182,373.9255,321.2936,266.0819,314.7876,482.6918,469.7547,483.7145,475.9423,491.3465,457.6241,414.5046,387.127,326.4772,293.3666,477.9369,454.3938,540.272,472.0735,424.2261,526.2608,586.3691,568.1857,482.4323,460.113,326.5054,321.8777,267.6046,346.8687,305.998,336.9153,352.7532
KOR.1.0.99.0.UQND,KOR,1.0,0.0,99.0,0.0,UQND,Korea,"03 Operating surplus, total economy",Net operating surplus: total economy :- Adjusted for imputed compensation of self-employed ,Mrd ECU/EUR,,,,,,,,,,,,,,,,,,,,,,,,,,,,,,,,,,,,,,,,,,,,,52.0452,56.1888,60.1689,74.9716,57.3862,61.5491,105.6024,102.0634,103.1697,111.1118,115.8799,142.8329,151.8551,167.4496,152.315,112.068,82.3302,104.5337,,,,,
NZL.1.0.99.0.UQND,NZL,1.0,0.0,99.0,0.0,UQND,New Zealand,"03 Operating surplus, total economy",Net operating surplus: total economy :- Adjusted for imputed compensation of self-employed ,Mrd ECU/EUR,,,,,,,,,,,,,,,,,,,,,,,,,,,5.6174,5.67866,7.30829,7.4989,6.61668,6.62066,6.26415,8.54785,10.03979,10.99771,12.13733,13.59085,11.20807,13.62344,15.00427,15.7696,16.73463,18.8503,20.22912,20.89204,19.25646,22.65147,18.09859,17.46911,23.08636,25.31161,27.66321,33.33693,34.07735,35.53942,35.48625,39.02055,35.61163,39.09817,38.77711,42.45045,,,,,
USA.1.0.99.0.UQND,USA,1.0,0.0,99.0,0.0,UQND,United States,"03 Operating surplus, total economy",Net operating surplus: total economy :- Adjusted for imputed compensation of self-employed ,Mrd ECU/EUR,86.576,90.865,101.344,110.172,120.436,137.186,149.688,151.575,167.85,171.016,162.587,178.292,191.466,200.49,205.763,219.929,282.06,312.63,323.198,316.981,309.206,456.192,519.761,646.274,904.931,1000.122,767.976,699.017,761.419,866.129,749.277,762.571,777.611,919.715,1028.599,1028.371,1186.213,1457.891,1545.934,1705.095,2038.819,2164.129,2159.888,1910.924,1899.185,2118.514,2314.095,2017.193,1757.926,1878.538,2325.411,2374.316,2797.772,2766.389,2930.017,3528.791,3506.601,3543.516,3582.44,3921.057,3912.232,4505.257,5470.098,5581.656,5958.982,6248.107,6586.586
BEL.1.0.99.0.UKCT,BEL,1.0,0.0,99.0,0.0,UKCT,Belgium,"05 Consumption of fixed capital, total economy",Consumption of fixed capital at current prices: total economy ,Mrd ECU/EUR,1.9513,2.0102,2.1206,2.3004,2.5424,2.7382,2.9481,3.1776,3.5218,3.8995,4.462,4.817,5.5261,6.1907,7.7041,8.5352,9.8091,11.7459,12.86,13.7883,14.0764,15.2557,15.1877,15.803,16.538,17.6642,18.5608,19.4238,19.9262,21.492,23.311,25.039,26.985,29.2111,31.3505,34.3267,35.2748,35.86,37.5426,40.1147,42.614,44.8005,46.4591,49.1549,51.4708,54.3627,58.1874,61.6751,65.9762,64.0748,66.6021,69.677,72.3413,74.0451,75.109,77.056,78.9119,82.5804,85.8805,89.5285,92.639,97.9364,108.0359,115.2537,119.7181,123.9729,128.3133
BGR.1.0.99.0.UKCT,BGR,1.0,0.0,99.0,0.0,UKCT,Bulgaria,"05 Consumption of fixed capital, total economy",Consumption of fixed capital at current prices: total economy ,Mrd ECU/EUR,,,,,,,,,,,,,,,,,,,,,,,,,,,,,,,,0.5613,0.50927,1.2288,0.83229,0.8744,0.63629,0.60871,1.34653,1.50869,1.83205,2.00946,2.30606,2.68518,2.92433,3.41978,3.84307,4.41265,4.57988,5.28111,5.83214,5.91979,5.8419,5.73786,6.31889,6.52101,6.88235,7.2975,7.73736,8.21115,8.56582,9.43809,11.31743,12.63477,13.05958,13.65813,14.26667
CZE.1.0.99.0.UKCT,CZE,1.0,0.0,99.0,0.0,UKCT,Czechia,"05 Consumption of fixed capital, total economy",Consumption of fixed capital at current prices: total economy ,Mrd ECU/EUR,,,,,,,,,,,,,,,,,,,,,,,,,,,,,,,,,,8.20696,9.3532,10.32107,11.62718,12.68739,13.85639,14.39217,15.96807,17.64804,20.00627,20.29133,21.31285,23.52723,25.95964,28.66148,33.92741,32.85633,34.81306,36.209,35.77743,35.17767,34.34634,35.99587,37.65555,40.35029,43.54384,46.7864,48.8965,55.10171,64.18193,69.78059,69.20865,71.59058,74.28809
DNK.1.0.99.0.UKCT,DNK,1.0,0.0,99.0,0.0,UKCT,Denmark,"05 Consumption of fixed capital, total economy",Consumption of fixed capital at current prices: total economy ,Mrd ECU/EUR,0.75794,0.84755,0.94272,1.05777,1.16695,1.32404,1.47673,1.62389,1.72303,1.89907,2.13885,2.38254,2.71148,3.15952,3.89653,4.52822,5.27672,5.84975,6.29051,6.80528,7.23398,8.17173,8.86835,9.82121,10.66203,11.65341,12.43754,13.47759,14.49371,15.58448,17.10757,18.22638,19.26024,20.6141,21.76122,23.30487,24.02281,25.22045,26.16431,27.68361,28.85059,30.70048,32.29008,33.64464,34.9653,35.96371,37.45427,39.92473,43.89234,42.08849,43.06274,43.5181,44.6498,44.70131,44.79583,45.33098,46.85791,48.19746,49.92079,52.70662,54.34363,56.99333,62.73782,69.07468,71.92907,74.56745,77.28268
DEU.1.0.99.0.UKCT,DEU,1.0,0.0,99.0,0.0,UKCT,Germany,"05 Consumption of fixed capital, total economy",Consumption of fixed capital at current prices: total economy ,Mrd ECU/EUR,,,,,,,,,,,,,,,,,,,,,,,,,,,,,,,,234.5134,259.0148,288.4995,302.6057,324.5002,326.3315,325.3079,332.3937,345.41,360.13,371.586,379.073,382.615,389.869,396.863,407.349,428.08,445.888,456.604,466.434,482.576,499.827,514.68,530.276,546.896,563.28,586.638,616.307,646.001,668.166,710.786,797.043,857.986,884.6833,904.3323,919.0595
D_W.1.0.99.0.UKCT,D_W,1.0,0.0,99.0,0.0,UKCT,West Germany,"05 Consumption of fixed capital, total economy",Consumption of fixed capital at current prices: total economy ,Mrd ECU/EUR,6.2054,7.3345,8.5018,9.5253,10.6061,11.7903,13.0044,13.8176,15.186,16.8394,21.1821,24.839,27.9856,33.8403,40.4776,44.5183,51.5171,58.365,65.33,72.8986,80.6829,88.0859,99.4794,109.3545,117.1168,122.7884,133.6242,142.368,148.7426,158.3541,172.929,189.588,,,,,,,,,,,,,,,,,,,,,,,,,,,,,,,,,,,
EST.1.0.99.0.UKCT,EST,1.0,0.0,99.0,0.0,UKCT,Estonia,"05 Consumption of fixed capital, total economy",Consumption of fixed capital at current prices: total economy ,Mrd ECU/EUR,,,,,,,,,,,,,,,,,,,,,,,,,,,,,,,,,,0.295885,0.379184,0.519799,0.591831,0.656215,0.720029,0.8132,0.9028,1.0416,1.1441,1.2673,1.4459,1.6332,1.9212,2.2648,2.4836,2.5138,2.5246,2.6476,2.8481,3.12,3.2199,3.4386,3.5189,3.7684,4.0754,4.4733,4.6505,5.0192,5.847,6.3942,7.206532,7.699112,8.219375
IRL.1.0.99.0.UKCT,IRL,1.0,0.0,99.0,0.0,UKCT,Ireland,"05 Consumption of fixed capital, total economy",Consumption of fixed capital at current prices: total economy ,Mrd ECU/EUR,0.1327,0.1481,0.1704,0.1931,0.2138,0.2377,0.2558,0.2808,0.2943,0.3568,0.3913,0.448,0.508,0.5291,0.6221,0.6687,0.7823,0.9458,1.2227,1.4739,1.8902,2.0803,2.4479,2.6411,2.7177,2.9782,3.1752,3.2862,3.4439,3.831,4.2519,4.6324,4.9284,5.061,5.6826,6.162,6.8995,8.1995,9.0376,10.6389,12.5731,14.2153,15.7959,17.6921,19.7776,22.8084,26.7023,27.3452,25.9824,24.333,24.1019,24.0909,25.694,28.3125,31.9144,60.7416,69.3854,78.1369,84.8104,92.1124,106.8473,112.4351,122.0019,128.2569,132.1589,130.4656,132.0134
GRC.1.0.99.0.UKCT,GRC,1.0,0.0,99.0,0.0,UKCT,Greece,"05 Consumption of fixed capital, total economy",Consumption of fixed capital at current prices: total economy ,Mrd ECU/EUR,0.32659,0.35276,0.40892,0.45087,0.50474,0.57409,0.6647,0.74353,0.85024,0.96804,1.1453,1.3156,1.49469,1.79049,2.32259,2.53245,3.13237,3.73664,4.20391,4.91188,5.31564,6.30898,7.30232,7.70412,8.27564,8.51087,8.20666,8.17869,8.9095,9.87152,10.33784,11.39888,12.21152,12.65454,13.52069,14.62504,15.92567,17.1634,17.7766,19.63343,20.76766,22.43044,24.36657,26.14314,27.80009,28.95113,31.54741,33.95857,36.79803,38.09721,37.82717,36.00578,34.29511,32.52091,30.73832,29.45522,28.51077,27.97269,27.56638,26.95947,26.53958,26.86244,28.34436,29.50859,29.99792,30.63962,31.61941
ESP.1.0.99.0.UKCT,ESP,1.0,0.0,99.0,0.0,UKCT,Spain,"05 Consumption of fixed capital, total economy",Consumption of fixed capital at current prices: total economy ,Mrd ECU/EUR,1.6439,1.8025,1.9753,2.1919,2.528,2.8058,3.1025,3.2918,3.5231,3.9992,4.6019,5.0633,5.6608,6.6601,8.8065,10.5352,11.8982,12.955,14.0229,18.1486,20.0211,23.2351,25.8923,25.5659,29.5788,32.1984,32.5292,34.059,38.7448,44.7352,49.6628,54.3459,56.4219,54.2535,54.1745,56.5375,61.1936,63.0576,66.1065,71.443,79.092,85.694,92.802,100.57,110.082,120.497,130.787,140.786,149.467,152.967,157.477,160.499,160.82,159.135,160.711,164.897,169.424,175.485,180.872,186.825,191.496,202.24,221.885,235.716,246.3585,255.5812,264.1967
FRA.1.0.99.0.UKCT,FRA,1.0,0.0,99.0,0.0,UKCT,France,"05 Consumption of fixed capital, total economy",Consumption of fixed capital at current prices: total economy ,Mrd ECU/EUR,7.2927,7.8633,8.5964,9.7116,10.6146,11.5212,12.5408,13.7105,14.8679,15.8845,16.4196,18.5208,21.7838,26.1776,31.4084,39.6238,46.426,51.0496,56.7924,64.0218,75.4626,84.6531,92.2055,96.7814,103.1559,110.7767,117.2224,121.5094,127.4983,136.9818,148.3965,157.9709,165.8851,174.4548,179.2433,183.7725,189.1753,189.8039,195.25,203.9788,217.3973,228.7925,238.9139,248.0905,260.347,274.464,291.1626,307.3263,324.8138,328.684,337.2314,348.5889,356.8447,361.1946,366.4992,369.9897,377.1716,389.7796,404.7672,422.6022,436.3596,460.7818,502.0726,528.8071,542.801,557.9194,571.525
HRV.1.0.99.0.UKCT,HRV,1.0,0.0,99.0,0.0,UKCT,Croatia,"05 Consumption of fixed capital, total economy",Consumption of fixed capital at current prices: total economy ,Mrd ECU/EUR,,,,,,,,,,,,,,,,,,,,,,,,,,,,,,,,,,,,2.97481,2.98317,3.33666,3.57431,3.54116,3.90899,4.76697,4.94234,5.40985,6.10537,5.65252,6.4569,7.02928,7.71196,8.1183,8.15659,7.94229,7.71256,7.55504,7.51275,7.60024,7.94628,8.31906,8.62556,9.4199,9.51493,10.08441,11.00642,11.71085,12.51423,13.35578,14.2427
ITA.1.0.99.0.UKCT,ITA,1.0,0.0,99.0,0.0,UKCT,Italy,"05 Consumption of fixed capital, total economy",Consumption of fixed capital at current prices: total economy ,Mrd ECU/EUR,5.185,5.6205,6.2741,7.2564,8.2548,8.8674,9.3369,10.026,11.1308,12.4295,14.4821,15.4687,16.8295,18.9493,23.1746,28.7929,30.6342,34.8405,37.3531,41.8935,49.5974,59.4765,68.0021,76.9896,85.4042,92.2298,98.5333,104.6172,111.8244,124.9068,136.8464,148.8999,153.4895,141.2956,143.3758,137.3228,156.6801,166.2724,172.6603,179.4791,190.6915,201.3142,213.2498,221.9459,233.2789,244.1835,255.5753,267.6237,279.4747,286.0517,294.9941,305.1631,311.2814,310.1945,311.2496,314.955,315.9305,320.5846,326.0823,331.043,332.9072,348.3312,374.4456,384.4439,388.6351,398.8977,410.9685
CYP.1.0.99.0.UKCT,CYP,1.0,0.0,99.0,0.0,UKCT,Cyprus,"05 Consumption of fixed capital, total economy",Consumption of fixed capital at current prices: total economy ,Mrd ECU/EUR,0.01622,0.017985,0.01985,0.021004,0.019494,0.024092,0.026041,0.029599,0.028705,0.033773,0.036056,0.041205,0.046983,0.116166,0.10685,0.086847,0.090055,0.10603,0.13097,0.16378,0.222818,0.285252,0.332466,0.400259,0.49346,0.42824,0.453411,0.442947,0.566425,0.594451,0.68634,0.729334,0.8281,0.876379,0.972466,1.052915,1.131305,1.211752,1.288383,1.315481,1.406597,1.453444,1.518376,1.587742,1.710799,1.818445,1.930404,2.042377,2.24968,2.29291,2.43059,2.48854,2.52592,2.5241,2.49391,2.47866,2.44272,2.5317,2.64221,2.71633,2.80517,2.97123,3.44704,3.6395,3.884026,4.067983,4.241193
LVA.1.0.99.0.UKCT,LVA,1.0,0.0,99.0,0.0,UKCT,Latvia,"05 Consumption of fixed capital, total economy",Consumption of fixed capital at current prices: total economy ,Mrd ECU/EUR,,,,,,,,,,,,,,,,,,,,,,,,,,,,,,,,,0.0165,0.179798,0.381655,0.975505,1.063531,1.237824,1.332522,1.414939,1.629231,1.691782,1.744781,1.72057,1.875457,2.168744,2.73064,3.417389,3.890618,3.636628,3.675976,3.923679,4.269754,4.400275,4.53278,4.61255,4.61455,4.77715,5.01537,5.23399,5.5277,5.85911,6.44503,6.8272,7.206568,7.599453,7.92288
LTU.1.0.99.0.UKCT,LTU,1.0,0.0,99.0,0.0,UKCT,Lithuania,"05 Consumption of fixed capital, total economy",Consumption of fixed capital at current prices: total economy ,Mrd ECU/EUR,,,,,,,,,,,,,,,,,,,,,,,,,,,,,,,,,,0.40305,,1.07785,1.18281,1.40532,1.46976,1.562,1.84748,1.95414,2.06504,2.18973,2.33823,2.59175,2.90982,3.38624,3.94185,3.98443,4.03095,4.21362,4.45949,4.6934,4.87172,5.03139,5.19376,5.39284,5.68829,6.13647,6.50079,7.14834,8.48171,9.47975,10.49552,11.43132,12.3146
LUX.1.0.99.0.UKCT,LUX,1.0,0.0,99.0,0.0,UKCT,Luxembourg,"05 Consumption of fixed capital, total economy",Consumption of fixed capital at current prices: total economy ,Mrd ECU/EUR,0.099418,0.09566,0.097918,0.103228,0.126181,0.141256,0.145829,0.159496,0.189022,0.220674,0.242771,0.265999,0.283701,0.370807,0.418028,0.428205,0.446967,0.465324,0.504527,0.573705,0.618861,0.648164,0.640384,0.700857,0.785181,0.842554,0.900375,0.984179,1.038068,1.161105,1.296243,1.396833,1.574966,1.697113,1.834093,1.969913,2.021378,2.017632,2.137918,2.2766,2.5389,2.8022,3.0379,3.1833,3.3724,3.6014,3.7443,3.9192,4.1577,4.3785,4.6318,5.0648,5.3334,5.5891,5.8525,6.2258,6.4996,6.7591,7.1899,7.5686,7.9787,8.6999,9.8238,8.5297,8.833777,9.137465,9.555175
HUN.1.0.99.0.UKCT,HUN,1.0,0.0,99.0,0.0,UKCT,Hungary,"05 Consumption of fixed capital, total economy",Consumption of fixed capital at current prices: total economy ,Mrd ECU/EUR,,,,,,,,,,,,,,,,,,,,,,,,,,,,,,,,,,,,6.7728,7.28225,8.00163,8.15518,8.92172,9.7621,10.89385,12.12334,12.38108,13.25735,14.26343,14.65494,16.42039,17.53772,16.88517,17.89322,18.24375,18.27484,18.19356,17.98572,18.66937,19.26263,20.64382,21.57164,23.3275,24.17729,27.12371,31.26332,37.47023,41.50055,42.87766,45.11826
MLT.1.0.99.0.UKCT,MLT,1.0,0.0,99.0,0.0,UKCT,Malta,"05 Consumption of fixed capital, total economy",Consumption of fixed capital at current prices: total economy ,Mrd ECU/EUR,,,,,,,,,,,,,,,,,,,,,,,,,,,,,,,,,,,,0.439114,0.461891,0.504254,0.532698,0.56785,0.631212,0.665681,0.661221,0.646751,0.653027,0.659828,0.68355,0.72886,0.772,0.808,0.83307,0.89118,0.94229,0.98685,1.03535,1.10687,1.2004,1.37625,1.49387,1.62759,1.76605,1.94498,2.25804,2.60413,2.777059,2.941539,3.106789
NLD.1.0.99.0.UKCT,NLD,1.0,0.0,99.0,0.0,UKCT,Netherlands,"05 Consumption of fixed capital, total economy",Consumption of fixed capital at current prices: total economy ,Mrd ECU/EUR,1.6876,1.8694,2.0336,2.2103,2.4425,2.689,2.9508,3.2213,3.605,4.0121,4.6304,5.4647,6.2579,7.2803,9.1663,10.7041,12.7447,14.742,16.369,18.0593,19.9219,21.7626,24.5022,26.0568,27.2761,28.5768,31.0122,33.6566,35.6744,37.9017,40.7461,43.1913,46.2849,50.2235,52.0478,55.4699,56.2717,56.8399,59.413,63.648,69.098,74.565,79.464,82.835,85.821,88.843,92.764,97.499,102.87,106.74,109.569,109.885,110.836,112.776,113.837,115.177,117.405,120.217,125.574,131.355,137.28,144.622,157.385,167.048,178.3646,185.3802,191.9819
AUT.1.0.99.0.UKCT,AUT,1.0,0.0,99.0,0.0,UKCT,Austria,"05 Consumption of fixed capital, total economy",Consumption of fixed capital at current prices: total economy ,Mrd ECU/EUR,1.0021,1.0887,1.181,1.3074,1.4106,1.5669,1.7033,1.8531,2.0284,2.1723,2.4163,2.7703,3.1742,3.7874,4.7796,5.2622,6.0315,7.2441,8.0059,8.7329,9.8122,10.9355,12.5831,13.8363,14.7308,15.4946,17.058,18.3118,19.0178,20.4025,21.9564,23.6148,25.8272,28.4336,29.9544,31.688,32.2582,32.5967,33.8071,35.4058,37.2395,38.9495,40.2822,41.718,43.2537,44.9315,46.749,49.0313,51.7084,53.3913,54.9101,57.0324,59.586,61.6015,63.5932,65.3149,67.6854,70.1135,73.0366,76.7798,79.7747,83.7318,91.9619,99.3595,102.8213,105.1331,107.6301
POL.1.0.99.0.UKCT,POL,1.0,0.0,99.0,0.0,UKCT,Poland,"05 Consumption of fixed capital, total economy",Consumption of fixed capital at current prices: total economy ,Mrd ECU/EUR,,,,,,,,,,,,,,,,,,,,,,,,,,,,,,,,,,,,15.7834,18.4112,20.0078,21.8352,22.5784,26.0693,30.4986,30.1154,27.8129,28.4986,33.5723,36.8843,40.097,44.4916,36.9732,40.9333,41.2747,43.121,45.1063,47.2072,49.7068,50.5025,53.557,56.602,60.228,62.0601,65.65,70.9413,79.559,90.2884,96.6974,104.2557
PRT.1.0.99.0.UKCT,PRT,1.0,0.0,99.0,0.0,UKCT,Portugal,"05 Consumption of fixed capital, total economy",Consumption of fixed capital at current prices: total economy ,Mrd ECU/EUR,0.56019,0.60873,0.63635,0.70942,0.75508,0.8264,0.90414,0.99789,1.1718,1.30207,1.43119,1.58835,1.80743,2.04445,2.33782,2.57176,2.6911,2.77672,2.96989,2.99756,3.6017,4.20494,4.73726,4.63356,4.85994,5.39978,5.99997,6.35631,7.26275,8.16347,9.04032,10.22851,11.36983,11.34427,11.85108,14.09446,14.81007,15.44676,16.19757,17.59504,19.54978,21.15466,22.50626,23.41521,24.48627,25.55368,26.8528,28.11051,29.97044,30.33638,30.91044,31.2035,30.4594,29.74809,29.92548,30.44454,31.35776,32.74325,34.83182,36.70651,38.63524,41.30913,46.44719,49.42917,50.69802,51.97506,53.35336
ROM.1.0.99.0.UKCT,ROM,1.0,0.0,99.0,0.0,UKCT,Romania,"05 Consumption of fixed capital, total economy",Consumption of fixed capital at current prices: total economy ,Mrd ECU/EUR,,,,,,,,,,,,,,,,,,,,,,,,,,,,,,,,,,,,7.17369,7.56822,7.52549,8.05258,7.20976,8.16322,9.04023,10.88637,10.74988,11.44754,14.28955,16.33665,19.40024,21.32834,20.42845,21.68051,24.26329,24.24627,26.26328,27.71954,28.72992,30.68952,32.49719,35.19628,37.5704,38.68958,42.09999,49.16336,35.99571,40.65124,45.96726,51.65409
SVN.1.0.99.0.UKCT,SVN,1.0,0.0,99.0,0.0,UKCT,Slovenia,"05 Consumption of fixed capital, total economy",Consumption of fixed capital at current prices: total economy ,Mrd ECU/EUR,,,,,,,,,,,,,,,,,,,,,,,,,,,,,,,,1.99963,2.15517,2.06908,2.43191,2.93957,3.19856,3.4147,3.71889,3.89204,4.03466,4.22506,4.43495,4.61713,4.9401,5.28262,5.615,6.03875,6.53385,6.74432,6.96908,7.18299,7.33405,7.40991,7.49644,7.662,7.75984,7.91682,8.18374,8.48766,8.72265,9.45036,10.87735,11.51555,11.95615,12.50852,13.12237
SVK.1.0.99.0.UKCT,SVK,1.0,0.0,99.0,0.0,UKCT,Slovakia,"05 Consumption of fixed capital, total economy",Consumption of fixed capital at current prices: total economy ,Mrd ECU/EUR,,,,,,,,,,,,,,,,,,,,,,,,,,,,,,,,,,4.61865,4.88235,5.33528,5.40436,5.6483,5.53335,5.2578,5.77295,5.87055,6.23437,7.07657,7.84326,8.39697,9.41817,11.10511,13.00539,13.73521,13.76087,14.13014,14.57069,14.91081,15.02384,15.2384,15.68125,16.30799,16.96787,17.90934,18.67958,19.3841,22.10851,22.10844,22.96545,24.46874,26.04936
FIN.1.0.99.0.UKCT,FIN,1.0,0.0,99.0,0.0,UKCT,Finland,"05 Consumption of fixed capital, total economy",Consumption of fixed capital at current prices: total economy ,Mrd ECU/EUR,0.56897,0.64273,0.70583,0.77467,0.85022,0.93044,1.02569,1.05916,1.0522,1.15699,1.33864,1.53216,1.692,2.06436,2.82206,3.44765,4.28498,4.70772,4.59223,5.05084,6.14203,7.60183,8.68642,9.36405,10.98129,12.11253,12.35296,13.40177,15.40188,18.46408,20.25851,20.45538,17.58625,15.42753,16.93218,18.53539,18.68239,19.38421,20.11358,21.381,23.105,24.652,25.409,26.15,27.436,29.004,30.43,32.464,34.829,35.494,35.307,36.569,38.285,39.064,39.403,39.798,40.36,41.475,43.156,45.323,46.528,48.235,52.18,55.594,57.02359,58.19981,59.77991
SWE.1.0.99.0.UKCT,SWE,1.0,0.0,99.0,0.0,UKCT,Sweden,"05 Consumption of fixed capital, total economy",Consumption of fixed capital at current prices: total economy ,Mrd ECU/EUR,1.9117,2.1065,2.3271,2.5196,2.7845,3.082,3.4229,3.7182,3.8531,4.1062,4.4506,4.7766,5.306,5.9257,6.912,8.2152,10.1095,10.5154,9.7099,10.9501,12.5552,14.6731,15.0872,15.5046,17.8744,19.6406,19.8071,20.4688,22.8751,26.1892,27.4475,29.6055,30.0476,26.2654,26.6103,27.5202,31.8942,33.4151,34.7936,38.1837,43.4231,42.6759,45.3145,46.3719,47.7666,48.9265,51.5161,54.4584,56.8825,53.883,60.2174,64.6104,69.2569,71.3729,70.7622,72.2116,74.1065,77.0525,76.8171,77.7489,81.2366,89.5895,96.7923,98.1702,102.5586,105.8236,108.9801
GBR.1.0.99.0.UKCT,GBR,1.0,0.0,99.0,0.0,UKCT,United Kingdom,"05 Consumption of fixed capital, total economy",Consumption of fixed capital at current prices: total economy ,Mrd ECU/EUR,8.513,9.0736,9.5332,10.0921,10.8966,11.7937,12.7513,13.266,13.0522,14.3001,16.2409,18.7712,20.8193,22.4004,27.202,31.9805,34.9799,39.1637,45.033,55.027,71.693,87.5878,92.8589,95.0247,100.5,108.6699,102.0635,106.6512,126.1497,135.6591,142.184,156.1112,151.3462,146.9412,151.8853,146.2696,154.2406,177.2545,187.8809,204.4281,234.7436,245.4951,256.1609,245.6642,260.3916,273.2334,291.1606,306.9556,282.8775,264.0404,275.7576,280.8508,310.7734,305.49,332.402,382.2492,354.0561,349.2255,359.6393,378.4087,383.2263,409.1941,441.9345,468.9473,497.6044,520.463,534.3317
MKD.1.0.99.0.UKCT,MKD,1.0,0.0,99.0,0.0,UKCT,North Macedonia,"05 Consumption of fixed capital, total economy",Consumption of fixed capital at current prices: total economy ,Mrd ECU/EUR,,,,,,,,,,,,,,,,,,,,,,,,,,,,,,,,,,,,,,0.672389,0.617909,0.654831,0.728094,0.765205,0.800773,0.898126,0.942984,1.00615,1.03699,1.291123,1.37133,1.371443,1.441257,1.430898,1.473877,1.48101,1.546701,1.574532,1.621959,1.570822,1.758119,1.828338,1.889068,2.045752,,,,,
SRB.1.0.99.0.UKCT,SRB,1.0,0.0,99.0,0.0,UKCT,Serbia,"05 Consumption of fixed capital, total economy",Consumption of fixed capital at current prices: total economy ,Mrd ECU/EUR,,,,,,,,,,,,,,,,,,,,,,,,,,,,,,,,,,,,,,,,,,,,,,3.136745,3.558925,4.612276,5.241096,4.740005,4.350687,5.15963,4.837338,4.780791,4.628195,4.585629,4.762471,5.172076,5.755675,6.4647,6.820806,7.792578,8.808111,,,,
TUR.1.0.99.0.UKCT,TUR,1.0,0.0,99.0,0.0,UKCT,Turkey,"05 Consumption of fixed capital, total economy",Consumption of fixed capital at current prices: total economy ,Mrd ECU/EUR,,,,,,,,,,,,,,,,,,,,,,,,,,,,,,,,,,,,,,,,,,,,,,,,,,74.96,87.131,85.5719,98.402,100.6828,102.2895,113.4129,117.4897,114.5835,106.4349,115.0504,107.7087,120.2676,160.476,,,,
ISL.1.0.99.0.UKCT,ISL,1.0,0.0,99.0,0.0,UKCT,Iceland,"05 Consumption of fixed capital, total economy",Consumption of fixed capital at current prices: total economy ,Mrd ECU/EUR,0.052422,0.051912,0.055173,0.06207,0.072414,0.086211,0.100005,0.107927,0.104155,0.100518,0.114621,0.125192,0.149295,0.19905,0.252583,0.258307,0.313716,0.371673,0.376388,0.406979,0.469319,0.610069,0.671873,0.672848,0.727952,0.778261,0.774491,0.835987,0.906182,0.944497,0.939068,0.953339,0.912741,0.865096,0.826373,0.804083,0.805702,0.838809,0.902787,1.050366,1.232659,1.183563,1.354628,1.415641,1.453133,1.821501,1.805415,2.25059,1.66947,1.705498,1.925368,1.90541,1.944146,1.999672,2.127594,2.314647,2.66734,3.161668,3.177686,3.282254,3.244388,3.633964,4.271345,4.626144,5.090012,5.493253,5.885694
NOR.1.0.99.0.UKCT,NOR,1.0,0.0,99.0,0.0,UKCT,Norway,"05 Consumption of fixed capital, total economy",Consumption of fixed capital at current prices: total economy ,Mrd ECU/EUR,0.76053,0.80445,0.87756,0.94235,1.00426,1.12936,1.2373,1.43328,1.53799,1.69009,1.95717,2.10347,2.33887,2.69464,3.54784,4.11317,5.12126,6.05143,6.26474,6.51535,7.37224,9.00814,10.4826,11.40048,12.70489,13.93218,13.97197,14.90049,16.47716,17.60104,17.41232,17.86626,18.3962,18.68996,19.06869,20.25695,21.55189,23.2342,23.42972,25.5535,28.00768,29.76218,32.61875,31.06355,31.1195,34.38008,37.05594,41.34145,44.62662,45.45148,51.72609,56.11523,61.68597,62.12231,62.59138,62.08014,61.27268,62.49075,64.1007,66.05962,65.43169,73.56373,81.38294,,,,
CHE.1.0.99.0.UKCT,CHE,1.0,0.0,99.0,0.0,UKCT,Switzerland,"05 Consumption of fixed capital, total economy",Consumption of fixed capital at current prices: total economy ,Mrd ECU/EUR,1.8943,2.1244,2.3007,2.5077,2.8559,3.1007,3.404,3.6917,4.1704,4.5745,5.303,6.2252,7.2388,8.6108,10.3545,10.4843,11.738,12.8501,15.9156,16.1314,16.9824,19.6072,23.0629,25.9718,27.691,30.0184,33.0505,36.0343,39.325,42.5436,47.1258,49.7096,49.9111,52.5623,56.0792,57.647,56.9249,54.4481,56.7178,60.4221,66.0057,72.1919,76.3603,75.5622,76.0429,77.9182,79.443,79.9715,88.209,97.3684,107.273,122.108,123.0189,124.0884,128.7044,145.3343,144.211,143.3707,142.1805,150.7383,159.0167,162.1536,186.3904,200.6422,207.9439,214.1108,218.2795
AUS.1.0.99.0.UKCT,AUS,1.0,0.0,99.0,0.0,UKCT,Australia,"05 Consumption of fixed capital, total economy",Consumption of fixed capital at current prices: total economy ,Mrd ECU/EUR,3.1801,3.2036,3.4035,3.7124,4.1856,4.3832,4.7749,5.2738,5.8172,7.0146,7.3988,8.1196,8.5572,11.0407,12.9064,13.4694,15.7307,15.7353,16.0718,16.7811,20.3169,28.4867,31.6147,34.3041,41.2275,38.8809,33.1712,33.0826,40.0338,47.8823,43.1257,45.5831,43.2813,46.9168,51.8151,49.5782,55.2378,63.1537,57.2838,65.6541,74.4468,72.4101,76.0167,80.4907,89.4161,100.3859,107.0133,117.2484,118.5986,122.0896,157.4653,175.8721,201.9559,194.7346,194.9544,204.7256,208.7064,219.6418,213.2492,217.2854,218.2403,251.004,,,,,
CAN.1.0.99.0.UKCT,CAN,1.0,0.0,99.0,0.0,UKCT,Canada,"05 Consumption of fixed capital, total economy",Consumption of fixed capital at current prices: total economy ,Mrd ECU/EUR,11.8656,11.5938,11.7168,12.3593,13.3559,14.5543,16.0531,17.5409,19.5088,21.4604,24.1285,26.5649,27.4844,28.8282,36.5391,39.8189,50.9469,51.2924,47.8294,49.9436,57.2172,,,,,,,,,,,75.7439,70.939,75.5782,74.0389,69.8913,75.6005,88.2086,88.8563,97.8066,120.4822,126.6494,123.6584,117.7406,119.6246,135.4069,154.0493,160.4696,164.5764,169.2721,197.1253,203.5168,229.0183,225.7982,220.4486,241.3172,240.8705,242.5695,241.4702,258.521,256.2856,277.41,,,,,
JPN.1.0.99.0.UKCT,JPN,1.0,0.0,99.0,0.0,UKCT,Japan,"05 Consumption of fixed capital, total economy",Consumption of fixed capital at current prices: total economy ,Mrd ECU/EUR,6.488,8.081,9.478,11.164,14.003,15.952,18.37,21.628,26.411,31.68,37.248,42.249,53.184,64.678,73.683,74.299,88.063,106.011,131.862,129.615,137.285,196.653,211.126,257.782,309.297,344.141,400.653,422.018,499.206,554.024,500.38,608.727,659.935,863.446,946.004,934.545,847.484,887.444,844.682,1016.463,1246.305,1134.069,1039.294,928.48,904.882,898.641,861.071,794.52,861.94,987.281,1083.89,1114.278,1192.068,950.871,899.435,954.005,1066.554,1026.54,1015.36,1102.149,1113.254,1069.225,1057.522,987.514,947.717,965.783,976.852
KOR.1.0.99.0.UKCT,KOR,1.0,0.0,99.0,0.0,UKCT,Korea,"05 Consumption of fixed capital, total economy",Consumption of fixed capital at current prices: total economy ,Mrd ECU/EUR,,,,,,,,,,,0.5563,0.631,0.6632,0.8369,1.1974,1.3252,2.0341,2.6549,3.1028,4.0097,4.7935,6.5578,8.523,11.2998,14.1937,12.2196,11.9879,12.9257,19.9453,24.5755,26.1045,29.93,38.2054,46.7175,48.8471,62.2625,73.3791,81.1982,62.7334,81.639,107.3093,105.8586,111.1755,105.3402,108.1692,128.2725,143.7907,143.7995,129.5246,127.6753,156.1131,167.3108,188.8186,194.8603,211.1474,246.4455,251.3698,266.0499,276.459,292.4628,297.0938,319.4258,,,,,
NZL.1.0.99.0.UKCT,NZL,1.0,0.0,99.0,0.0,UKCT,New Zealand,"05 Consumption of fixed capital, total economy",Consumption of fixed capital at current prices: total economy ,Mrd ECU/EUR,0.38413,0.41686,0.44532,0.475,0.51397,0.56807,0.66797,0.6871,0.6387,0.7039,0.78989,0.84209,0.94719,1.13272,1.48605,1.72314,1.91722,2.20037,2.36904,2.5451,2.84195,3.66543,4.07197,4.24656,4.64421,4.98086,4.67687,4.85663,5.47939,5.72317,5.29775,5.50594,5.07715,5.83477,6.55359,6.93047,7.86017,8.72263,7.47422,8.00631,8.66234,8.69794,9.2902,10.12992,11.25999,12.83215,12.77952,13.9913,13.7466,13.54489,16.30864,17.22019,19.55563,19.73747,20.88602,22.56555,23.84079,24.99853,26.47002,27.57864,27.90226,31.70512,,,,,
USA.1.0.99.0.UKCT,USA,1.0,0.0,99.0,0.0,UKCT,United States,"05 Consumption of fixed capital, total economy",Consumption of fixed capital at current prices: total economy ,Mrd ECU/EUR,64.287,66.149,69.265,72.927,77.014,82.265,89.092,97.253,110.174,122.185,133.864,142.138,143.532,145.069,173.467,192.227,232.75,253.989,256.806,272.813,307.709,436.411,548.081,632.006,758.388,838.877,696.32,632.675,663.433,760.842,697.747,752.44,739.733,856.958,887.425,858.083,925.62,1092.841,1168.271,1312.596,1636.211,1785.907,1753.416,1519.765,1464.617,1584.333,1691.759,1643.77,1603.916,1700.105,1803.093,1777.62,2004.647,2019.1,2122.456,2634.434,2717.59,2787.471,2805.022,3106.382,3172.398,3274.158,4100.723,4242.932,4387.054,4586.439,4766.864
EU27.1.0.0.0.NPCN,EU27,1.0,0.0,0.0,0.0,NPCN,European Union,01 Population,Population: 0 to 14 years ,1000 persons,,,,,,,,,,,,,,,,,,,,,,,,,,,,,,,,,,,,,,,,,,71574.032,70939.696,70358.232,69779.808,69163.375,68634.155,68263.888,68022.37,67997.15,68033.364,68012.559,67938.562,67846.715,67770.633,67722.316,67724.831,67747.74,67698.136,67551.856,,,,,,,
EU15.1.0.0.0.NPCN,EU15,1.0,0.0,0.0,0.0,NPCN,European Union (15 countries),01 Population,Population: 0 to 14 years ,1000 persons,,78925.953,79454.187,80089.872,80826.136,81596.286,82355.82,83110.132,83761.98,84263.195,84465.287,84668.669,84724.411,84520.791,84059.333,83351.052,82406.553,81307.637,80066.283,78674.384,77283.69,75913.843,74509.303,73099.101,71694.578,70449.835,69370.106,68369.136,67633.767,67179.266,66890.909,66568.754,66296.303,66115.387,65787.145,65340.242,64869.718,64466.349,64101.131,63848.637,63605.932,63436.643,63341.294,63182.397,63009.074,62822.217,62670.712,62687.374,62843.56,63024.801,63175.766,63270.506,63337.848,63399.512,63450.965,63514.832,63625.77,63675.528,63596.611,63408.307,63116.439,62738.671,62654.951,,,,
EA19.1.0.0.0.NPCN,EA19,1.0,0.0,0.0,0.0,NPCN,Euro area (19 countries),01 Population,Population: 0 to 14 years ,1000 persons,,,,,,,,,,,,,,,,,,,,,,,,,,,,,,,,,,55953.527,55461.588,54892.884,54330.987,53817.797,53354.521,53005.759,52744.843,52573.025,52448.336,52256.72,52045.232,51829.949,51662.848,51616.421,51685.045,51798.615,51855.971,51864.653,51830.741,51782.821,51726.085,51666.654,51634.415,51581.231,51461.241,51279.971,51050.911,50755.003,50616.139,,,,
EA20.1.0.0.0.NPCN,EA20,1.0,0.0,0.0,0.0,NPCN,Euro area,01 Population,Population: 0 to 14 years ,1000 persons,,,,,,,,,,,,,,,,,,,,,,,,,,,,,,,,,,,,,,,,,,53292.7,53159.318,52957.192,52735.926,52513.462,52339.316,52286.755,52351.167,52460.974,52513.775,52514.692,52470.285,52411.225,52344.787,52275.73,52233.397,52170.289,52040.712,51850.705,51612.24,51309.283,51166.644,,,,
EA12.1.0.0.0.NPCN,EA12,1.0,0.0,0.0,0.0,NPCN,Euro area (12 countries),01 Population,Population: 0 to 14 years ,1000 persons,,63788.502,64349.974,64945.223,65557.672,66152.49,66739.307,67301.816,67771.908,68137.077,68248.329,68381.828,68407.751,68249.813,67910.472,67386.635,66686.665,65879.65,64945.153,63853.89,62753.111,61675.337,60561.351,59410.07,58209.726,57113.31,56145.852,55216.717,54488.629,53980.795,53589.151,53120.392,52688.575,52375.689,51961.254,51474.788,50996.023,50569.128,50198.684,49945.417,49779.29,49704.679,49679.877,49585.242,49461.521,49326.589,49231.533,49244.811,49355.349,49491.921,49567.178,49588.916,49560.616,49516.564,49459.558,49395.235,49352.637,49284.427,49149.423,48955.56,48717.948,48417.383,48266.759,,,,
DU15.1.0.0.0.NPCN,DU15,1.0,0.0,0.0,0.0,NPCN,EU15 (including D_W West-Germany),01 Population,Population: 0 to 14 years ,1000 persons,,75169.984,75586.168,76104.928,76754.673,77486.301,78229.515,78954.0,79604.654,80124.251,80386.652,80726.183,80819.44,80687.144,80313.903,79709.427,78862.385,77851.883,76674.542,75338.902,73998.91,72656.019,71273.188,69871.404,68477.725,67246.435,66179.647,65096.722,64405.056,63938.3,63725.326,63471.55,63316.453,63270.582,63070.127,62976.832,62621.852,,,,,,,,,,,,,,,,,,,,,,,,,,,,,,
DA12.1.0.0.0.NPCN,DA12,1.0,0.0,0.0,0.0,NPCN,EA12 (including D_W West-Germany),01 Population,Population: 0 to 14 years ,1000 persons,,60032.534,60481.955,60960.279,61486.209,62042.505,62613.002,63145.684,63614.582,63998.132,64169.693,64439.342,64502.78,64416.166,64165.042,63745.01,63142.497,62423.896,61553.412,60518.408,59468.331,58417.513,57325.236,56182.372,54992.872,53909.91,52955.393,51944.303,51259.917,50739.829,50423.568,50023.187,49708.725,49530.883,49244.236,49111.378,48748.158,,,,,,,,,,,,,,,,,,,,,,,,,,,,,,
BEL.1.0.0.0.NPCN,BEL,1.0,0.0,0.0,0.0,NPCN,Belgium,01 Population,Population: 0 to 14 years ,1000 persons,2154.074,2181.63,2196.319,2211.532,2234.499,2259.022,2277.259,2287.54,2289.389,2285.621,2277.809,2269.572,2257.046,2237.474,2210.849,2177.162,2140.01,2100.912,2060.456,2019.014,1982.317,1956.398,1932.124,1907.276,1880.07,1848.657,1822.719,1806.722,1801.538,1800.873,1806.216,1816.266,1825.335,1830.106,1828.817,1821.92,1814.111,1809.257,1806.277,1805.017,1804.937,1805.168,1803.972,1800.069,1796.149,1795.48,1796.915,1799.092,1807.666,1823.555,1849.765,1874.084,1886.242,1895.965,1905.53,1916.044,1924.581,1930.881,1936.754,1940.84,1938.776,1933.544,1935.086,,,,
BGR.1.0.0.0.NPCN,BGR,1.0,0.0,0.0,0.0,NPCN,Bulgaria,01 Population,Population: 0 to 14 years ,1000 persons,2050.901,2047.132,2037.736,2026.149,2008.718,1985.411,1964.134,1948.575,1939.566,1940.244,1937.879,1930.202,1922.393,1920.664,1930.82,1941.505,1949.231,1957.76,1955.195,1954.608,1961.71,1966.154,1970.477,1966.328,1953.055,1936.432,1921.229,1910.117,1896.483,1844.564,1772.157,1713.875,1649.65,1594.086,1550.697,1504.731,1459.436,1412.532,1364.132,1320.817,1283.72,1219.833,1152.177,1110.809,1072.079,1038.643,1012.991,994.68,982.4,977.044,975.66,977.544,988.321,992.471,982.562,969.973,958.562,950.473,941.075,928.069,920.847,918.67,914.977,,,,
CZE.1.0.0.0.NPCN,CZE,1.0,0.0,0.0,0.0,NPCN,Czechia,01 Population,Population: 0 to 14 years ,1000 persons,2452.874,2408.402,2353.033,2309.65,2285.296,2261.543,2228.401,2191.701,2156.456,2127.402,2098.359,2078.719,2080.913,2106.237,2158.694,2222.013,2280.95,2332.869,2372.487,2397.806,2410.846,2416.958,2422.373,2425.982,2424.774,2417.181,2402.367,2377.596,2339.13,2284.363,2214.174,2148.22,2092.674,2037.189,1978.929,1920.642,1867.969,1818.856,1773.252,1729.338,1684.623,1641.07,1603.501,1568.967,1537.06,1509.957,1485.789,1473.678,1474.831,1485.494,1507.848,1531.503,1550.769,1568.876,1589.25,1612.381,1635.495,1658.976,1681.869,1701.631,,,,,,,
DNK.1.0.0.0.NPCN,DNK,1.0,0.0,0.0,0.0,NPCN,Denmark,01 Population,Population: 0 to 14 years ,1000 persons,1154.357,1138.806,1126.862,1122.089,1124.996,1131.981,1142.796,1152.404,1153.733,1150.956,1148.036,1147.064,1148.634,1149.029,1147.056,1143.432,1136.85,1126.203,1111.157,1091.918,1068.151,1037.592,1006.309,980.839,960.045,942.923,926.542,909.619,895.294,884.93,877.093,874.287,878.754,885.907,895.084,910.298,928.314,944.567,959.916,974.396,987.759,999.786,1009.124,1015.312,1017.862,1017.012,1015.016,1012.035,1009.002,1004.702,998.203,990.773,982.027,973.133,965.659,961.461,960.921,961.069,959.02,955.294,950.951,947.307,946.645,,,,
DEU.1.0.0.0.NPCN,DEU,1.0,0.0,0.0,0.0,NPCN,Germany,01 Population,Population: 0 to 14 years ,1000 persons,15496.988,15940.969,16332.019,16716.944,17061.463,17350.985,17619.305,17842.132,18017.326,18150.945,18136.636,18057.486,17946.971,17704.647,17368.43,16927.626,16415.168,15904.754,15400.741,14907.482,14470.78,14060.824,13628.115,13184.698,12755.854,12435.4,12260.459,12175.413,12256.712,12500.966,12786.583,13017.205,13170.85,13274.805,13301.018,13266.41,13212.866,13142.828,13039.227,12938.528,12837.128,12698.043,12517.212,12288.845,12043.384,11787.265,11545.619,11361.531,11210.401,11080.87,10953.134,10828.32,10727.955,10662.668,10664.578,10783.925,10964.847,11110.164,11231.287,11341.037,11434.529,11542.368,11767.956,,,,
D_W.1.0.0.0.NPCN,D_W,1.0,0.0,0.0,0.0,NPCN,West Germany,01 Population,Population: 0 to 14 years ,1000 persons,11824.0,12185.0,12464.0,12732.0,12990.0,13241.0,13493.0,13686.0,13860.0,14012.0,14058.0,14115.0,14042.0,13871.0,13623.0,13286.0,12871.0,12449.0,12009.0,11572.0,11186.0,10803.0,10392.0,9957.0,9539.0,9232.0,9070.0,8903.0,9028.0,9260.0,9621.0,9920.0,10191.0,10430.0,10584.0,10903.0,10965.0,,,,,,,,,,,,,,,,,,,,,,,,,,,,,,
EST.1.0.0.0.NPCN,EST,1.0,0.0,0.0,0.0,NPCN,Estonia,01 Population,Population: 0 to 14 years ,1000 persons,278.267,282.381,286.47,289.742,292.231,294.477,295.634,295.78,296.939,298.232,299.587,303.172,306.911,309.01,310.201,311.06,311.883,313.187,314.857,316.782,319.933,324.294,329.017,333.354,336.941,339.949,342.581,345.261,347.675,349.436,349.208,345.102,334.309,320.15,308.047,297.232,286.63,276.375,266.016,255.455,246.305,238.095,229.62,220.9,212.715,206.01,201.46,199.135,199.05,200.655,202.86,204.849,206.214,207.424,208.843,210.552,212.527,214.418,216.325,218.063,218.587,218.135,220.859,,,,
IRL.1.0.0.0.NPCN,IRL,1.0,0.0,0.0,0.0,NPCN,Ireland,01 Population,Population: 0 to 14 years ,1000 persons,875.9,878.5,883.25,888.95,893.8,897.7,901.75,906.05,910.2,915.7,923.8,934.3,946.2,958.85,972.3,985.65,997.65,1008.35,1019.95,1030.245,1037.895,1046.55,1052.45,1051.8,1043.832,1022.031,1011.766,1008.071,988.867,968.991,951.735,938.707,926.883,911.854,893.18,873.589,856.718,843.854,835.114,830.267,828.153,827.558,830.161,837.196,846.295,856.613,870.783,893.402,919.757,942.693,962.687,978.967,989.382,994.972,999.21,1002.955,1008.363,1012.258,1014.026,1015.718,1013.123,1011.532,1015.97,,,,
GRC.1.0.0.0.NPCN,GRC,1.0,0.0,0.0,0.0,NPCN,Greece,01 Population,Population: 0 to 14 years ,1000 persons,,2197.064,2182.169,2173.308,2178.299,2184.444,2187.258,2192.255,2200.508,2202.275,2166.463,2201.634,2193.811,2181.075,2165.919,2160.391,2175.822,2193.319,2205.423,2213.581,2199.782,2178.59,2156.174,2131.243,2107.105,2114.607,2117.513,2080.667,2041.01,1999.232,1973.57,1945.941,1901.36,1855.185,1806.826,1756.784,1706.863,1664.571,1629.452,1599.533,1577.501,1638.64,1701.187,1683.399,1663.584,1647.056,1633.528,1623.023,1621.071,1625.546,1627.895,1627.167,1620.849,1607.861,1589.011,1567.341,1555.716,1550.668,1541.871,1532.297,1519.127,1469.861,1410.173,,,,
ESP.1.0.0.0.NPCN,ESP,1.0,0.0,0.0,0.0,NPCN,Spain,01 Population,Population: 0 to 14 years ,1000 persons,8268.929,8428.86,8502.03,8578.381,8663.708,8756.172,8869.905,9007.471,9141.731,9257.831,9368.5,9508.071,9590.788,9655.287,9723.025,9780.41,9829.78,9870.522,9871.92,9820.47,9731.484,9622.417,9484.18,9325.244,9155.161,8967.939,8758.25,8526.103,8278.022,8014.392,7729.444,7456.619,7223.154,7004.478,6789.844,6589.544,6409.161,6255.142,6129.178,6032.162,5967.867,5948.8,6003.129,6108.458,6212.7,6320.987,6453.03,6604.081,6758.847,6884.558,6973.746,7045.32,7078.725,7066.183,7040.028,7012.858,6983.649,6955.401,6913.942,6859.616,6773.516,6651.095,6562.369,,,,
FRA.1.0.0.0.NPCN,FRA,1.0,0.0,0.0,0.0,NPCN,France,01 Population,Population: 0 to 14 years ,1000 persons,12492.066,12653.309,12771.324,12875.216,12921.071,12945.733,12968.271,12987.76,13003.528,13033.786,13070.94,13127.665,13180.975,13205.937,13167.353,13078.166,12966.612,12851.662,12731.569,12597.847,12502.026,12438.803,12394.346,12340.298,12259.536,12173.829,12076.498,11969.037,11875.043,11822.831,11814.892,11837.121,11853.531,11835.235,11792.462,11725.843,11648.626,11576.952,11537.249,11550.107,11596.113,11640.018,11668.191,11685.821,11699.675,11715.959,11755.219,11811.006,11881.009,11966.95,12038.419,12099.858,12161.83,12259.995,12336.363,12314.738,12252.622,12200.265,12146.623,12076.892,12003.767,11920.878,11825.572,,,,
HRV.1.0.0.0.NPCN,HRV,1.0,0.0,0.0,0.0,NPCN,Croatia,01 Population,Population: 0 to 14 years ,1000 persons,,,,,,,,,,,,,,,,,,,,,,,,,,,,,,,,,,,,,,,,,,719.675,710.982,700.473,690.694,683.513,676.468,670.335,666.123,662.359,657.805,650.04,639.544,628.403,618.703,609.076,598.982,589.058,579.472,570.734,561.329,554.28,550.505,,,,
ITA.1.0.0.0.NPCN,ITA,1.0,0.0,0.0,0.0,NPCN,Italy,01 Population,Population: 0 to 14 years ,1000 persons,12432.9,12468.6,12436.25,12447.75,12532.75,12662.1,12797.65,12941.75,13063.85,13162.2,13225.45,13243.39,13283.161,13365.991,13432.158,13436.738,13380.46,13281.708,13118.369,12872.066,12569.866,12234.301,11904.016,11601.027,11283.257,10964.027,10637.02,10299.118,9982.923,9676.622,9387.855,9001.601,8685.751,8558.785,8444.705,8352.914,8284.615,8234.534,8191.056,8157.897,8133.236,8109.397,8114.697,8143.83,8180.039,8219.568,8246.97,8283.405,8339.531,8393.518,8427.593,8437.063,8434.724,8415.215,8360.2,8274.088,8169.244,8059.079,7937.28,7799.72,7682.05,7563.17,7416.947,,,,
CYP.1.0.0.0.NPCN,CYP,1.0,0.0,0.0,0.0,NPCN,Cyprus,01 Population,Population: 0 to 14 years ,1000 persons,,,,,,,,,,,,,,,,,,,,,,,,,,,,,,,,,,158.414,160.529,161.541,161.713,161.404,160.241,158.436,156.484,153.654,150.754,148.634,146.733,145.02,143.497,142.071,140.974,140.778,141.078,141.777,142.015,140.696,139.402,139.372,139.423,139.798,140.747,141.794,143.044,144.494,146.756,,,,
LVA.1.0.0.0.NPCN,LVA,1.0,0.0,0.0,0.0,NPCN,Latvia,01 Population,Population: 0 to 14 years ,1000 persons,,,,,,,,,,,511.035,511.939,514.549,515.743,515.976,516.046,514.68,512.869,511.388,511.632,515.202,520.324,526.335,533.547,540.774,546.977,553.034,559.895,567.147,571.331,571.01,569.473,560.592,544.382,529.104,513.887,497.445,479.333,458.867,438.072,418.408,398.316,378.61,360.983,344.7,330.169,318.697,310.443,305.828,302.439,297.419,293.353,292.239,293.35,296.052,298.99,301.924,304.439,305.186,305.134,304.083,301.485,300.234,,,,
LTU.1.0.0.0.NPCN,LTU,1.0,0.0,0.0,0.0,NPCN,Lithuania,01 Population,Population: 0 to 14 years ,1000 persons,,,,,,,,,,,847.49,850.022,852.07,848.641,841.145,832.454,823.346,814.774,806.372,802.016,802.661,804.044,806.148,809.142,812.387,815.578,819.24,823.945,829.433,832.998,833.738,833.147,829.453,820.226,805.993,790.187,774.582,758.47,740.212,720.136,698.447,671.166,640.425,612.175,586.275,559.289,532.837,509.144,489.624,475.856,462.228,449.24,440.373,433.121,426.789,422.366,419.717,418.136,417.243,416.422,416.489,417.229,422.256,,,,
LUX.1.0.0.0.NPCN,LUX,1.0,0.0,0.0,0.0,NPCN,Luxembourg,01 Population,Population: 0 to 14 years ,1000 persons,67.3,68.1,69.5,71.0,72.6,74.1,75.099,75.499,75.299,75.099,75.052,75.052,74.573,73.754,72.75,71.73,70.61,69.23,67.819,68.014,68.336,67.321,66.237,64.988,63.904,63.072,62.615,62.696,63.445,64.717,66.264,67.981,69.756,71.636,73.5,75.228,76.755,78.218,79.705,81.26,82.604,83.535,84.203,84.809,85.497,86.17,86.891,87.546,88.206,88.852,89.577,90.009,90.604,91.894,93.151,94.319,95.407,96.523,97.865,99.342,100.736,102.034,103.744,,,,
HUN.1.0.0.0.NPCN,HUN,1.0,0.0,0.0,0.0,NPCN,Hungary,01 Population,Population: 0 to 14 years ,1000 persons,2527.364,2520.078,2494.676,2452.805,2408.902,2361.836,2317.026,2283.412,2249.018,2202.384,2151.481,2108.877,2086.672,2082.27,2100.717,2142.676,2189.545,2236.982,2279.822,2319.766,2348.738,2359.529,2356.249,2337.348,2311.74,2288.56,2268.467,2245.8,2218.026,2166.672,2099.27,2043.37,1995.546,1950.953,1910.65,1875.277,1841.605,1808.606,1777.63,1745.845,1710.623,1676.055,1646.901,1619.903,1592.907,1566.57,1541.549,1519.228,1500.705,1484.732,1467.033,1448.75,1434.215,1424.124,1419.704,1417.464,1413.808,1410.468,1407.407,1404.142,1400.683,1395.708,1392.76,,,,
MLT.1.0.0.0.NPCN,MLT,1.0,0.0,0.0,0.0,NPCN,Malta,01 Population,Population: 0 to 14 years ,1000 persons,,,,,,,,,,,,,,,,,,75.871,75.963,76.311,76.873,77.619,,,80.233,81.566,82.535,82.598,82.756,83.054,83.109,82.906,82.712,82.378,81.653,80.088,80.069,80.57,79.392,78.134,77.399,76.633,75.167,73.629,71.971,70.173,68.294,66.428,64.913,63.775,62.762,61.954,61.588,61.842,62.706,63.677,64.561,65.414,66.256,67.364,67.988,67.898,68.416,,,,
NLD.1.0.0.0.NPCN,NLD,1.0,0.0,0.0,0.0,NPCN,Netherlands,01 Population,Population: 0 to 14 years ,1000 persons,3443.76,3453.385,3439.847,3439.902,3453.484,3474.461,3494.152,3508.264,3519.526,3537.31,3557.509,3568.817,3565.946,3543.809,3505.489,3463.209,3411.39,3347.274,3281.372,3216.182,3159.172,3103.88,3038.328,2966.573,2890.117,2819.22,2766.874,2732.112,2714.148,2712.229,2726.601,2751.624,2777.987,2803.397,2827.05,2843.094,2854.587,2872.142,2899.42,2930.727,2961.541,2987.893,3004.168,3012.896,3012.139,2996.579,2971.6,2947.169,2929.391,2917.984,2909.993,2901.867,2887.291,2863.998,2838.57,2813.419,2790.77,2772.196,2751.222,2732.959,2718.915,2712.096,2719.919,,,,
AUT.1.0.0.0.NPCN,AUT,1.0,0.0,0.0,0.0,NPCN,Austria,01 Population,Population: 0 to 14 years ,1000 persons,1553.51,1589.456,1615.872,1638.801,1667.412,1698.122,1729.419,1760.482,1786.74,1807.165,1819.263,1823.899,1822.719,1812.961,1792.645,1760.725,1721.088,1678.141,1630.781,1582.063,1541.4,1511.616,1480.33,1443.473,1410.301,1383.801,1362.814,1346.405,1337.957,1338.323,1345.497,1362.757,1387.111,1406.126,1414.955,1415.839,1410.822,1400.463,1388.451,1377.374,1365.465,1352.476,1342.531,1334.564,1326.436,1317.815,1303.953,1286.259,1269.185,1253.164,1239.787,1229.27,1221.749,1219.104,1222.429,1236.43,1255.294,1268.371,1275.847,1280.876,1284.274,1288.539,1303.317,,,,
POL.1.0.0.0.NPCN,POL,1.0,0.0,0.0,0.0,NPCN,Poland,01 Population,Population: 0 to 14 years ,1000 persons,10075.191,10227.441,10230.7,10166.338,10107.474,9955.733,9749.712,9552.143,9366.286,9153.136,8932.144,8744.835,8580.055,8438.917,8351.889,8326.031,8359.186,8439.515,8531.332,8650.184,8798.042,8952.055,9122.906,9318.441,9515.25,9673.848,9787.664,9834.094,9845.237,9760.303,9567.827,9466.792,9343.959,9194.222,9016.941,8800.334,8562.111,8307.787,8015.282,7721.486,7438.188,7166.837,6921.744,6692.218,6478.704,6283.206,6105.768,5961.619,5865.159,5824.29,5811.852,5783.8,5752.953,5730.798,5716.758,5711.822,5720.589,5759.556,5810.29,5847.931,5810.45,5747.593,5702.348,,,,
PRT.1.0.0.0.NPCN,PRT,1.0,0.0,0.0,0.0,NPCN,Portugal,01 Population,Population: 0 to 14 years ,1000 persons,2592.423,2600.138,2615.84,2620.025,2617.31,2610.555,2598.645,2587.745,2576.0,2544.945,2492.895,2464.665,2459.67,2443.015,2448.615,2507.745,2554.275,2562.635,2559.245,2544.03,2519.445,2493.638,2470.636,2442.262,2409.668,2369.21,2317.753,2258.096,2192.503,2120.494,2037.26,1959.671,1899.919,1854.577,1817.412,1781.617,1750.733,1726.209,1707.309,1695.471,1685.078,1679.191,1681.127,1681.801,1678.297,1672.366,1662.984,1650.412,1637.41,1624.489,1606.583,1588.663,1571.079,1545.504,1514.674,1482.804,1457.044,1436.322,1416.38,1399.628,1383.187,1365.94,1359.647,,,,
ROM.1.0.0.0.NPCN,ROM,1.0,0.0,0.0,0.0,NPCN,Romania,01 Population,Population: 0 to 14 years ,1000 persons,,,,,,,,,5154.793,5212.761,5243.444,5243.789,5243.756,5246.313,5284.073,5382.656,5502.819,5620.679,5746.286,5847.231,5932.066,6031.757,6000.292,5827.79,5688.517,5610.459,5573.766,5562.445,5558.665,5533.624,5452.223,5288.934,5105.874,4953.718,4804.08,4652.039,4504.304,4385.503,4298.859,4210.689,4103.511,3952.215,3830.83,3788.375,3753.985,3662.347,3578.545,3470.233,3297.039,3213.992,3201.793,3190.884,3161.929,3117.109,3087.847,3073.898,3062.99,3059.074,3050.561,3036.81,3029.161,3057.983,3080.2,,,,
SVN.1.0.0.0.NPCN,SVN,1.0,0.0,0.0,0.0,NPCN,Slovenia,01 Population,Population: 0 to 14 years ,1000 persons,441.542,441.41,440.608,439.036,436.57,433.188,428.767,423.535,418.291,414.076,411.626,411.232,412.637,415.351,418.619,421.85,424.906,427.846,430.511,432.764,434.49,435.543,435.842,435.695,434.718,433.562,432.226,430.047,426.453,421.221,414.655,405.964,395.539,384.821,373.999,364.525,354.432,343.23,333.349,324.501,316.89,310.064,302.92,295.314,289.094,284.95,282.15,280.738,282.225,285.665,289.064,292.501,296.122,299.574,302.681,305.35,307.492,309.636,312.191,314.754,316.767,317.835,317.734,,,,
SVK.1.0.0.0.NPCN,SVK,1.0,0.0,0.0,0.0,NPCN,Slovakia,01 Population,Population: 0 to 14 years ,1000 persons,1281.41,1319.027,1326.585,1326.982,1327.263,1322.636,1310.099,1292.727,1273.515,1256.229,1244.091,1232.765,1222.105,1218.924,1224.728,1234.914,1246.351,1260.745,1275.543,1289.362,1299.949,1309.878,1323.789,1339.31,1352.79,1363.447,1370.682,1371.553,1365.861,1353.776,1338.237,1315.992,1290.189,1267.468,1241.01,1210.638,1180.093,1149.288,1117.76,1085.607,1051.622,1020.42,990.963,959.843,932.224,907.748,884.38,863.652,847.082,837.527,833.383,832.064,831.574,830.251,830.053,831.112,836.136,844.964,853.872,860.881,866.007,870.545,873.124,,,,
FIN.1.0.0.0.NPCN,FIN,1.0,0.0,0.0,0.0,NPCN,Finland,01 Population,Population: 0 to 14 years ,1000 persons,1346.813,1328.493,1305.556,1283.414,1261.278,1239.096,1220.595,1204.867,1187.812,1164.202,1134.013,1107.28,1085.894,1067.014,1050.938,1037.085,1023.8,1011.144,997.509,982.898,970.609,961.001,954.416,951.19,950.923,951.519,951.572,952.278,956.462,961.125,963.236,964.901,966.939,969.505,971.487,972.007,970.169,964.959,956.248,947.073,939.667,933.96,929.298,923.553,917.329,910.732,904.043,897.886,892.876,889.743,888.0,888.33,890.187,893.207,895.815,896.315,895.101,892.301,886.329,876.635,865.949,856.328,846.061,,,,
SWE.1.0.0.0.NPCN,SWE,1.0,0.0,0.0,0.0,NPCN,Sweden,01 Population,Population: 0 to 14 years ,1000 persons,1678.735,1651.108,1628.815,1613.086,1610.119,1619.626,1634.676,1649.041,1656.642,1664.598,1676.441,1684.359,1687.633,1688.462,1690.717,1695.244,1696.212,1691.179,1677.451,1654.46,1628.356,1600.676,1571.153,1545.119,1527.531,1516.567,1507.859,1502.202,1504.387,1514.969,1535.026,1562.664,1591.55,1620.746,1649.092,1664.014,1663.394,1657.939,1651.457,1644.082,1635.25,1625.537,1616.1,1605.458,1591.286,1572.179,1555.182,1545.66,1542.067,1545.922,1557.201,1574.615,1598.065,1628.98,1664.067,1699.588,1739.068,1777.836,1807.203,1827.275,1836.309,1838.45,1834.098,,,,
GBR.1.0.0.0.NPCN,GBR,1.0,0.0,0.0,0.0,NPCN,United Kingdom,01 Population,Population: 0 to 14 years ,1000 persons,12208.677,12347.537,12348.536,12409.474,12533.349,12692.189,12839.041,13006.871,13179.697,13310.565,13392.482,13455.419,13480.393,13433.487,13311.087,13125.741,12886.825,12610.606,12332.523,12074.117,11834.074,11600.237,11370.491,11163.073,10997.277,10877.036,10789.854,10740.599,10745.457,10798.571,10889.639,11011.411,11137.424,11233.045,11281.716,11291.142,11281.987,11294.715,11291.074,11284.744,11203.635,11106.641,11036.193,10976.386,10938.406,10906.437,10868.982,10884.868,10937.142,10982.256,11053.185,11116.203,11197.14,11280.835,11361.682,11458.548,11573.144,11652.196,11680.966,11670.178,11611.23,11535.529,11607.449,,,,
ALB.1.0.0.0.NPCN,ALB,1.0,0.0,0.0,0.0,NPCN,Albania,01 Population,Population: 0 to 14 years ,1000 persons,,,,,,,,,,,,,,,,,,,,,,,,,,,,,,,,,,,,,,,,,,897.431,876.421,851.728,826.359,796.094,762.367,728.979,699.01,670.966,641.913,614.108,591.53,573.825,557.319,540.157,526.859,514.53,500.187,486.137,473.108,461.727,449.658,,,,
MNE.1.0.0.0.NPCN,MNE,1.0,0.0,0.0,0.0,NPCN,Montenegro,01 Population,Population: 0 to 14 years ,1000 persons,,,,,,,,,,,,,,,,,,,,,,,,,,,,,,,,,,,,,,,,,127.061,127.618,128.032,128.488,128.014,126.162,124.151,122.533,121.448,121.038,120.083,118.403,117.092,116.059,115.275,114.556,113.705,112.866,112.092,111.614,111.321,110.985,110.517,,,,
MKD.1.0.0.0.NPCN,MKD,1.0,0.0,0.0,0.0,NPCN,North Macedonia,01 Population,Population: 0 to 14 years ,1000 persons,,,,,,,,,,,,,,,,,,,,,,,,,,,,,,,,,,,469.374,467.796,465.268,460.155,452.917,445.068,437.119,429.272,418.241,406.613,397.451,388.459,378.889,369.756,361.994,355.201,349.757,345.046,341.261,338.691,336.992,335.294,333.2,331.783,330.155,327.563,324.376,312.876,309.283,305.997,,,
SRB.1.0.0.0.NPCN,SRB,1.0,0.0,0.0,0.0,NPCN,Serbia,01 Population,Population: 0 to 14 years ,1000 persons,,,,,,,,,,,,,,,,,,,,,,,,,,,,,,,,,,,,,,,,1262.123,1236.648,1216.834,1204.118,1193.12,1183.096,1172.487,1157.943,1142.76,1127.901,1115.001,1078.519,1042.284,1033.872,1027.931,1024.132,1022.024,1016.587,1008.736,1000.598,992.594,984.658,977.123,966.15,,,,
TUR.1.0.0.0.NPCN,TUR,1.0,0.0,0.0,0.0,NPCN,Turkey,01 Population,Population: 0 to 14 years ,1000 persons,11314.0,11670.0,12002.0,12343.0,12693.0,13053.0,13390.0,13722.0,14062.0,14410.0,14767.0,15075.0,15365.0,15659.0,15958.0,16263.0,16512.0,16736.0,16963.0,17192.0,17424.0,17715.0,18019.0,18328.0,18640.0,18956.0,18346.0,18486.0,18641.0,18709.0,18934.0,19005.0,19070.0,19137.0,19088.0,19027.0,18946.0,18851.0,18918.0,18917.0,18905.0,18906.0,18906.0,18907.0,18936.0,18964.0,18981.0,18990.0,18715.489,18823.96,18868.958,18882.578,18871.877,18853.496,18856.122,18874.325,18906.001,18979.635,19108.909,19198.337,19140.291,19022.1,18855.537,,,,
ISL.1.0.0.0.NPCN,ISL,1.0,0.0,0.0,0.0,NPCN,Iceland,01 Population,Population: 0 to 14 years ,1000 persons,61.244,62.578,63.719,64.707,65.625,66.366,67.024,67.634,67.786,67.409,66.703,66.139,66.086,66.184,65.999,65.524,64.97,64.243,63.419,62.939,62.762,62.663,62.801,63.177,63.369,63.246,63.002,62.813,62.989,63.329,63.578,64.0,64.76,65.527,65.727,65.318,64.905,64.69,64.642,64.893,65.472,66.053,66.192,65.944,65.648,65.45,65.41,65.723,66.282,66.539,66.543,66.438,66.374,66.638,66.906,66.771,66.678,67.112,67.612,68.018,68.604,69.396,70.155,,,,
NOR.1.0.0.0.NPCN,NOR,1.0,0.0,0.0,0.0,NPCN,Norway,01 Population,Population: 0 to 14 years ,1000 persons,928.422,924.122,918.804,916.452,917.742,921.597,927.027,932.926,938.373,944.497,948.985,951.712,955.025,956.817,956.067,953.482,948.182,940.163,930.493,918.943,905.686,891.713,877.58,862.271,845.489,830.731,818.259,807.85,802.406,801.07,803.313,809.817,819.323,830.145,840.119,849.262,858.743,868.278,877.664,888.563,898.574,904.366,908.314,910.432,909.927,908.065,906.371,906.654,909.797,914.971,919.717,922.642,925.48,929.093,931.597,932.997,935.655,938.322,936.946,932.543,925.859,918.789,916.027,,,,
CHE.1.0.0.0.NPCN,CHE,1.0,0.0,0.0,0.0,NPCN,Switzerland,01 Population,Population: 0 to 14 years ,1000 persons,1280.452,1304.275,1343.394,1372.663,1394.69,1412.619,1429.257,1443.494,1454.252,1461.597,1469.046,1474.654,1471.871,1462.379,1448.07,1421.905,1383.469,1345.782,1311.477,1277.586,1247.53,1222.199,1199.263,1177.373,1157.434,1141.224,1129.473,1123.548,1125.127,1132.383,1143.842,1165.435,1192.096,1214.389,1230.874,1242.261,1248.867,1249.603,1248.102,1248.306,1248.128,1235.894,1223.16,1217.689,1209.485,1199.463,1188.095,1179.718,1178.255,1180.483,1186.019,1192.733,1197.626,1206.44,1218.629,1230.887,1245.892,1262.023,1276.401,1289.332,1300.595,1312.957,1323.201,,,,
AUS.1.0.0.0.NPCN,AUS,1.0,0.0,0.0,0.0,NPCN,Australia,01 Population,Population: 0 to 14 years ,1000 persons,3098.493,3179.76,3210.11,3257.631,3310.744,3354.472,3414.083,3449.56,3480.682,3540.725,3599.693,3741.111,3786.49,3806.487,3817.968,3813.339,3780.864,3757.452,3736.908,3712.317,3704.888,3719.41,3738.824,3744.848,3729.658,3719.411,3693.431,3693.188,3711.975,3739.956,3770.262,3799.305,3822.167,3841.013,3863.172,3885.08,3901.489,3912.456,3923.286,3936.697,3951.788,3962.42,3967.138,3971.947,3978.807,3992.889,4024.624,4073.879,4129.468,4178.369,4216.155,4268.803,4340.96,4408.824,4469.62,4536.057,4604.367,4661.285,4709.345,4745.541,4754.725,4755.036,,,,,
CAN.1.0.0.0.NPCN,CAN,1.0,0.0,0.0,0.0,NPCN,Canada,01 Population,Population: 0 to 14 years ,1000 persons,6162.344,6303.266,6417.093,6512.46,6582.212,6634.699,6655.597,6638.004,6599.602,6546.849,6475.437,6386.13,6289.173,6191.349,6101.603,6010.254,5913.349,5810.105,5699.815,5609.226,5552.835,5529.107,5524.308,5520.819,5511.563,5495.086,5505.433,5550.036,5614.784,5692.239,5762.636,5833.992,5899.239,5943.517,5967.744,5980.153,5981.785,5968.119,5938.75,5901.262,5867.317,5838.967,5809.438,5771.998,5724.734,5672.859,5634.741,5618.83,5618.246,5621.163,5625.497,5644.558,5682.173,5728.03,5772.921,5829.829,5888.954,5939.134,5986.778,6022.952,6030.0,6046.022,,,,,
JPN.1.0.0.0.NPCN,JPN,1.0,0.0,0.0,0.0,NPCN,Japan,01 Population,Population: 0 to 14 years ,1000 persons,27593.422,27593.422,26813.802,25970.279,25159.2,24740.388,24108.237,24004.025,24009.924,24185.904,24404.158,24744.32,25532.788,25999.773,26396.956,26773.494,27029.107,27183.458,27240.479,27197.222,27059.584,27137.251,26794.14,26453.978,26056.794,25603.573,25004.849,24334.356,23580.298,22808.543,22163.612,21583.895,21063.058,20599.054,20182.959,19800.531,19467.329,19154.931,18843.669,18568.083,18339.205,18137.658,17949.228,17765.783,17606.273,17465.969,17337.755,17226.152,17102.756,16908.597,16723.963,16583.424,16431.649,16280.136,16050.727,15829.366,15677.702,15510.276,15319.915,15099.695,14863.0,14625.0,14358.0,13961.0,,,
KOR.1.0.0.0.NPCN,KOR,1.0,0.0,0.0,0.0,NPCN,Korea,01 Population,Population: 0 to 14 years ,1000 persons,10532.167,11007.104,11412.575,11788.349,12151.701,12511.908,12848.456,13130.407,13388.936,13566.849,13637.612,13692.047,13785.936,13776.897,13717.893,13543.145,13364.512,13203.635,13047.379,12937.245,12882.99,12857.386,12819.151,12733.967,12525.854,12240.14,11966.869,11684.896,11427.319,11202.19,10916.156,10825.073,10762.977,10693.987,10595.137,10470.052,10318.189,10162.31,10032.206,9942.061,9881.84,9792.4,9658.627,9507.71,9326.886,9101.423,8846.984,8596.603,8354.044,8104.352,7875.449,7674.345,7484.734,7302.965,7121.788,6947.223,6794.423,6659.669,6521.567,6376.975,6224.752,6039.053,,,,,
MEX.1.0.0.0.NPCN,MEX,1.0,0.0,0.0,0.0,NPCN,Mexico,01 Population,Population: 0 to 14 years ,1000 persons,17015.84,17676.774,18365.789,19072.612,19783.19,20487.703,21179.616,21860.758,22539.911,23230.078,24240.142,24987.853,25719.902,26427.359,27105.704,27749.403,28353.656,28913.342,29136.855,29755.711,30245.873,30622.874,30978.248,31313.746,31616.95,31877.803,32098.615,32284.108,32432.292,32532.513,32607.914,32689.685,32798.72,32927.454,33056.848,33179.475,33320.51,33464.391,33582.114,33638.314,33662.077,33686.743,33699.426,33702.172,33698.667,33677.671,33659.92,33650.72,33645.507,33638.319,33625.325,33605.256,33577.342,33542.613,33497.851,33438.974,33364.562,33271.925,33159.801,33030.493,32889.224,,,,,,
NZL.1.0.0.0.NPCN,NZL,1.0,0.0,0.0,0.0,NPCN,New Zealand,01 Population,Population: 0 to 14 years ,1000 persons,,812.455,829.41,844.677,858.66,870.77,880.922,889.267,895.737,900.93,907.042,915.427,924.35,931.717,936.03,933.415,921.355,903.057,883.207,864.415,849.375,839.36,831.435,823.38,813.81,802.455,791.785,783.127,777.767,778.512,794.002,810.76,819.495,829.965,841.39,853.535,864.51,872.91,876.825,878.03,877.98,880.39,886.785,891.545,891.665,889.275,889.785,893.39,898.335,904.645,909.42,910.265,909.3,910.24,913.93,920.4,930.745,941.645,951.225,961.22,967.19,966.14,,,,,
USA.1.0.0.0.NPCN,USA,1.0,0.0,0.0,0.0,NPCN,United States,01 Population,Population: 0 to 14 years ,1000 persons,,57966.251,58423.896,58947.967,59342.115,59498.487,59402.17,59113.912,58712.678,58337.876,58074.382,57626.747,56835.929,55909.942,55007.355,54090.346,53204.629,52491.014,51917.328,51583.6,51482.482,51502.805,51610.955,51687.645,51720.405,51746.526,51909.894,52369.691,53053.682,53904.73,54920.614,55954.262,56883.822,57686.069,58276.031,58728.427,59137.942,59527.8,59963.569,60364.918,60613.38,60755.557,60845.121,60889.689,60834.662,60766.837,60848.456,61044.597,61248.415,61396.542,61441.298,61403.661,61358.996,61334.585,61305.654,61276.765,61266.041,61194.766,60996.135,60851.039,60507.276,59928.437,59437.387,58927.898,,,
EU27.1.0.0.0.NPAN,EU27,1.0,0.0,0.0,0.0,NPAN,European Union,01 Population,Population: 15 to 64 years ,1000 persons,,,,,,,,,,,,,,,,,,,,,,,,,,,,,,,,,,,,,,,,,,289496.228,290046.465,291137.938,292223.535,293074.512,293846.357,294756.284,295468.091,295531.01,294838.288,294001.127,293247.447,292269.727,291247.057,290540.41,289885.462,289020.921,288365.564,287855.696,286941.665,285895.999,287037.491,288175.368,288638.069,288723.57,288588.095
EU15.1.0.0.0.NPAN,EU15,1.0,0.0,0.0,0.0,NPAN,European Union (15 countries),01 Population,Population: 15 to 64 years ,1000 persons,,206823.535,208585.376,210245.892,211429.457,212492.78,213424.067,213960.26,214486.399,215315.99,215927.078,216831.529,218005.833,219245.458,220436.881,221614.416,222930.655,224341.66,225908.758,227772.557,230029.846,232563.002,235046.343,237401.928,239414.879,240679.447,241566.671,242482.73,243401.426,244469.231,245540.34,246625.089,247755.397,248635.285,249287.544,249898.565,250527.925,251109.881,251622.051,252167.523,252775.93,253502.769,254558.663,255893.438,257219.391,258493.728,259684.319,261130.596,262342.712,262852.459,262707.785,262473.673,262176.953,261857.544,261629.759,261823.775,262146.328,262167.306,262358.484,262650.247,262535.286,262383.208,263475.464,264878.047,265751.381,266319.686,266715.603
EA19.1.0.0.0.NPAN,EA19,1.0,0.0,0.0,0.0,NPAN,Euro area (19 countries),01 Population,Population: 15 to 64 years ,1000 persons,,,,,,,,,,,,,,,,,,,,,,,,,,,,,,,,,,212828.877,213350.717,213798.465,214273.667,214724.017,215093.593,215454.415,215825.187,216268.03,217031.006,218064.284,219051.341,219826.346,220521.826,221502.92,222351.608,222585.339,222106.513,221518.42,221187.997,220715.952,220233.92,220105.35,220041.51,219771.146,219698.375,219743.215,219494.06,219093.318,219795.996,220911.325,221447.68,221653.875,221695.099
EA20.1.0.0.0.NPAN,EA20,1.0,0.0,0.0,0.0,NPAN,Euro area,01 Population,Population: 15 to 64 years ,1000 persons,,,,,,,,,,,,,,,,,,,,,,,,,,,,,,,,,,,,,,,,,,219147.766,219908.34,220939.39,221927.657,222703.062,223399.458,224379.938,225226.537,225460.041,224980.945,224388.295,224041.673,223543.962,223027.908,222855.035,222740.92,222411.765,222281.099,222279.821,221989.05,221551.229,222229.966,223350.163,223886.762,224082.469,224113.493
EA12.1.0.0.0.NPAN,EA12,1.0,0.0,0.0,0.0,NPAN,Euro area (12 countries),01 Population,Population: 15 to 64 years ,1000 persons,,164631.037,165900.842,167289.207,168285.191,169230.842,170053.145,170557.311,171099.509,171914.917,172503.07,173293.661,174440.088,175647.965,176802.812,177909.593,179093.518,180329.207,181693.409,183315.433,185312.051,187599.972,189834.667,191902.712,193657.479,194775.419,195566.205,196387.251,197232.389,198227.856,199223.236,200262.637,201377.988,202216.998,202756.788,203213.576,203693.962,204140.413,204495.363,204809.689,205135.474,205564.551,206312.736,207333.587,208324.455,209119.645,209835.202,210826.347,211678.536,211932.159,211526.166,211020.409,210753.861,210360.268,209966.099,209924.453,209953.272,209772.499,209758.681,209834.203,209623.456,209281.323,209957.302,211011.283,211556.151,211787.831,211850.451
DU15.1.0.0.0.NPAN,DU15,1.0,0.0,0.0,0.0,NPAN,EU15 (including D_W West-Germany),01 Population,Population: 15 to 64 years ,1000 persons,,195696.231,197685.895,199357.177,200620.698,201742.112,202623.35,203034.913,203473.126,204254.496,205178.966,206430.844,207588.909,208831.577,210002.702,211152.601,212405.834,213771.195,215267.755,217056.901,219254.559,221672.099,224055.735,226290.945,228238.725,229487.937,230361.664,231231.009,232157.367,233233.694,234695.213,235955.853,237151.026,238046.948,238650.236,240162.035,240758.574,,,,,,,,,,,,,,,,,,,,,,,,,,,,,,
DA12.1.0.0.0.NPAN,DA12,1.0,0.0,0.0,0.0,NPAN,EA12 (including D_W West-Germany),01 Population,Population: 15 to 64 years ,1000 persons,,153503.733,155001.362,156400.491,157476.431,158480.174,159252.428,159631.964,160086.236,160853.423,161754.958,162892.976,164023.164,165234.084,166368.633,167447.778,168568.697,169758.742,171052.406,172599.777,174536.764,176709.069,178844.059,180791.729,182481.325,183583.909,184361.198,185135.53,185988.33,186992.319,188378.109,189593.402,190773.617,191628.661,192119.48,193477.047,193924.612,,,,,,,,,,,,,,,,,,,,,,,,,,,,,,
BEL.1.0.0.0.NPAN,BEL,1.0,0.0,0.0,0.0,NPAN,Belgium,01 Population,Population: 15 to 64 years ,1000 persons,5903.989,5891.006,5890.959,5926.831,5971.782,6008.854,6030.336,6048.417,6064.854,6079.89,6084.595,6098.519,6132.447,6165.774,6208.561,6258.802,6304.991,6348.455,6385.921,6423.89,6471.031,6501.444,6535.184,6586.214,6626.914,6646.672,6650.295,6653.583,6665.781,6674.496,6673.793,6674.986,6681.929,6693.531,6702.675,6703.817,6703.182,6706.149,6708.71,6715.128,6723.898,6743.339,6774.421,6804.809,6835.178,6878.878,6941.503,7011.714,7074.056,7124.469,7198.835,7260.22,7278.591,7286.626,7290.967,7311.229,7327.769,7331.328,7342.243,7363.089,7382.818,7403.221,7454.939,7500.414,7522.915,7528.181,7531.946
BGR.1.0.0.0.NPAN,BGR,1.0,0.0,0.0,0.0,NPAN,Bulgaria,01 Population,Population: 15 to 64 years ,1000 persons,5225.626,5284.402,5344.899,5405.772,5471.698,5531.324,5579.879,5625.483,5669.206,5706.918,5737.532,5763.918,5785.509,5806.209,5828.205,5832.79,5837.207,5848.485,5849.816,5848.376,5848.518,5871.277,5917.266,5967.806,6003.668,6004.468,5993.569,5987.042,5982.074,5906.383,5797.516,5743.918,5692.199,5657.087,5650.137,5639.246,5627.563,5612.889,5593.034,5574.854,5558.466,5455.185,5347.528,5327.037,5307.489,5283.694,5252.708,5214.454,5170.341,5122.14,5065.482,5000.019,4887.02,4758.805,4661.513,4563.054,4465.57,4371.72,4278.856,4188.42,4125.0,4076.515,4059.169,4048.321,4021.529,3998.905,3965.359
CZE.1.0.0.0.NPAN,CZE,1.0,0.0,0.0,0.0,NPAN,Czechia,01 Population,Population: 15 to 64 years ,1000 persons,6237.402,6254.536,6321.898,6384.432,6435.468,6477.738,6518.011,6551.62,6578.028,6599.461,6571.626,6540.799,6550.664,6552.039,6539.053,6519.324,6503.439,6491.085,6487.602,6497.293,6506.913,6534.522,6586.966,6640.712,6679.775,6697.628,6707.258,6720.475,6747.495,6791.392,6822.141,6851.85,6904.841,6957.116,7005.121,7042.355,7067.008,7090.221,7114.471,7139.764,7156.08,7163.011,7177.379,7204.812,7231.591,7256.24,7284.136,7327.812,7375.286,7380.507,7348.318,7295.382,7225.49,7148.816,7083.122,7027.27,6970.169,6920.909,6884.659,6861.115,6755.365,6656.407,6761.531,6856.192,6856.192,6842.48,6828.795
DNK.1.0.0.0.NPAN,DNK,1.0,0.0,0.0,0.0,NPAN,Denmark,01 Population,Population: 15 to 64 years ,1000 persons,2940.03,2975.559,3011.982,3042.274,3065.701,3084.835,3101.67,3118.388,3133.581,3150.015,3175.777,3196.865,3209.911,3225.414,3235.494,3238.873,3245.174,3257.975,3275.05,3295.442,3316.783,3339.229,3360.006,3375.204,3387.762,3399.274,3412.613,3428.993,3440.752,3449.501,3462.639,3477.009,3488.962,3500.511,3511.225,3525.987,3540.508,3548.196,3553.336,3556.969,3560.685,3565.733,3570.339,3573.797,3578.12,3584.655,3593.369,3605.51,3620.351,3629.215,3631.16,3628.867,3625.603,3628.531,3638.885,3659.247,3682.292,3698.293,3708.553,3713.101,3714.322,3723.681,3752.12,3778.385,3795.388,3810.569,3828.098
DEU.1.0.0.0.NPAN,DEU,1.0,0.0,0.0,0.0,NPAN,Germany,01 Population,Population: 15 to 64 years ,1000 persons,48958.723,48862.304,48857.481,48951.716,48984.76,49100.668,49210.717,49066.347,49000.273,49280.495,49350.113,49367.685,49639.924,49922.881,50088.179,50067.815,50117.821,50302.465,50586.003,51002.657,51603.287,52317.903,52963.608,53500.983,53831.155,53931.51,54003.007,54077.721,54204.059,54493.537,54792.127,55023.236,55349.371,55613.337,55686.309,55774.529,55907.35,55980.345,55991.033,55952.361,55851.746,55772.013,55719.012,55595.924,55359.153,55063.395,54746.15,54495.824,54275.817,54006.059,53319.945,52856.736,53038.575,53198.955,53347.162,53708.241,53978.88,53937.13,53877.874,53764.818,53545.183,53299.643,53481.766,53744.289,53671.189,53476.411,53243.836
D_W.1.0.0.0.NPAN,D_W,1.0,0.0,0.0,0.0,NPAN,West Germany,01 Population,Population: 15 to 64 years ,1000 persons,37596.0,37735.0,37958.0,38063.0,38176.0,38350.0,38410.0,38141.0,37987.0,38219.0,38602.0,38967.0,39223.0,39509.0,39654.0,39606.0,39593.0,39732.0,39945.0,40287.0,40828.0,41427.0,41973.0,42390.0,42655.0,42740.0,42798.0,42826.0,42960.0,43258.0,43947.0,44354.0,44745.0,45025.0,45049.0,46038.0,46138.0,,,,,,,,,,,,,,,,,,,,,,,,,,,,,,
EST.1.0.0.0.NPAN,EST,1.0,0.0,0.0,0.0,NPAN,Estonia,01 Population,Population: 15 to 64 years ,1000 persons,804.702,811.313,821.456,832.687,844.784,856.143,865.54,872.238,879.555,889.207,899.959,909.956,918.18,926.475,934.508,941.833,948.858,955.901,962.385,967.349,972.769,980.648,989.728,997.591,1005.247,1014.437,1023.514,1031.469,1036.625,1038.444,1037.389,1031.25,1011.274,984.126,962.494,945.043,931.623,922.459,917.339,929.161,941.235,937.85,933.965,930.255,926.635,922.26,915.36,908.66,904.805,901.23,896.38,889.27,880.146,870.655,862.286,856.369,850.863,846.538,845.537,844.767,842.471,841.404,853.682,856.243,857.955,858.041,858.127
IRL.1.0.0.0.NPAN,IRL,1.0,0.0,0.0,0.0,NPAN,Ireland,01 Population,Population: 15 to 64 years ,1000 persons,1637.3,1629.95,1635.25,1643.95,1651.25,1657.05,1663.5,1671.65,1679.65,1690.0,1704.5,1726.25,1755.65,1788.05,1822.0,1856.5,1889.15,1919.05,1950.65,1981.391,2009.091,2037.5,2062.55,2086.45,2110.98,2130.579,2139.83,2142.278,2141.813,2144.06,2161.405,2191.839,2225.254,2256.404,2287.549,2323.205,2366.258,2412.831,2457.222,2501.775,2550.759,2607.192,2664.344,2715.238,2771.804,2844.263,2938.179,3030.917,3082.186,3090.117,3078.877,3064.928,3055.357,3054.687,3063.978,3084.312,3118.198,3155.691,3200.538,3252.176,3293.837,3340.351,3409.995,3474.785,3540.806,3586.836,3626.291
GRC.1.0.0.0.NPAN,GRC,1.0,0.0,0.0,0.0,NPAN,Greece,01 Population,Population: 15 to 64 years ,1000 persons,,5502.137,5548.586,5568.512,5575.642,5592.388,5631.249,5674.082,5700.735,5695.213,5653.642,5645.14,5681.175,5704.283,5721.591,5779.423,5869.344,5936.798,6010.638,6088.822,6175.633,6266.758,6336.132,6408.836,6472.612,6505.555,6536.989,6592.028,6649.419,6720.405,6824.359,6930.716,7005.078,7062.627,7110.84,7158.801,7203.335,7248.111,7294.187,7317.804,7333.186,7311.309,7279.564,7288.044,7301.981,7321.994,7345.798,7367.695,7383.183,7385.007,7365.541,7314.645,7230.053,7134.209,7049.601,6972.58,6913.957,6874.059,6839.294,6814.549,6782.443,6708.841,6675.297,6648.596,6625.309,6608.746,6594.206
ESP.1.0.0.0.NPAN,ESP,1.0,0.0,0.0,0.0,NPAN,Spain,01 Population,Population: 15 to 64 years ,1000 persons,19527.066,19806.716,19925.256,20055.81,20212.496,20390.896,20566.183,20742.612,20912.522,21042.386,21161.757,21389.206,21602.974,21832.974,22064.512,22295.774,22527.878,22765.064,23017.367,23294.786,23580.987,23867.728,24154.104,24419.337,24670.889,24903.714,25110.013,25304.313,25489.841,25673.681,25858.493,26089.33,26371.63,26647.568,26898.383,27116.07,27305.839,27471.366,27605.162,27725.983,27840.826,27998.012,28391.735,28959.428,29550.913,30085.152,30578.634,31165.995,31613.128,31744.205,31706.453,31641.859,31496.228,31200.215,30927.06,30795.037,30750.238,30764.455,30880.381,31124.704,31324.447,31396.08,31638.942,32126.181,32543.822,32901.804,33184.759
FRA.1.0.0.0.NPAN,FRA,1.0,0.0,0.0,0.0,NPAN,France,01 Population,Population: 15 to 64 years ,1000 persons,29042.868,29281.098,29881.132,30494.994,30840.021,31143.319,31399.527,31626.352,31856.186,32126.511,32438.895,32751.199,33043.546,33331.407,33604.951,33828.801,34062.375,34318.672,34562.337,34830.482,35196.056,35683.642,36185.309,36639.115,37052.273,37333.473,37522.317,37743.754,37972.281,38176.544,38313.458,38393.918,38496.293,38601.065,38694.121,38798.085,38914.29,39035.136,39149.476,39302.915,39523.326,39780.85,40061.613,40360.365,40670.762,40995.701,41316.645,41576.014,41745.86,41860.39,41972.434,41995.702,41920.616,41918.268,41915.875,41833.028,41744.21,41687.102,41692.603,41699.388,41738.863,41827.847,41903.307,41936.83,41987.154,42037.538,42087.983
HRV.1.0.0.0.NPAN,HRV,1.0,0.0,0.0,0.0,NPAN,Croatia,01 Population,Population: 15 to 64 years ,1000 persons,,,,,,,,,,,,,,,,,,,,,,,,,,,,,,,,,,,,,,,,,,2879.736,2877.334,2875.105,2876.316,2876.716,2877.632,2877.018,2874.929,2874.702,2874.432,2869.875,2853.675,2828.01,2793.988,2749.685,2699.41,2640.618,2582.724,2536.606,2494.99,2457.912,2433.971,2438.838,2439.082,2428.594,2418.394
ITA.1.0.0.0.NPAN,ITA,1.0,0.0,0.0,0.0,NPAN,Italy,01 Population,Population: 15 to 64 years ,1000 persons,33093.0,33288.8,33555.75,33829.6,34068.0,34255.3,34400.45,34501.45,34588.2,34665.7,34733.45,34795.95,34898.574,35029.203,35160.659,35326.091,35511.339,35697.322,35898.199,36152.926,36444.225,36792.743,37199.777,37615.546,38000.991,38234.605,38364.549,38502.058,38630.526,38761.222,38881.546,39089.047,39226.824,39187.127,39123.11,39005.899,38874.532,38769.072,38658.912,38533.35,38405.022,38287.376,38216.717,38299.434,38459.873,38509.542,38506.841,38659.759,38910.206,39068.909,39187.662,39202.917,39126.193,39036.138,38880.093,38704.045,38554.415,38429.627,38310.76,38153.207,37856.491,37573.536,37480.37,37483.913,37456.523,37372.997,37256.236
CYP.1.0.0.0.NPAN,CYP,1.0,0.0,0.0,0.0,NPAN,Cyprus,01 Population,Population: 15 to 64 years ,1000 persons,,,,,,,,,,,,,,,,,,,,,,,,,,,,,,,,,,398.608,408.158,417.479,426.429,434.909,443.266,451.51,459.46,467.408,475.694,484.565,494.018,504.026,515.294,530.011,547.8,566.22,583.744,600.629,609.488,604.518,591.738,582.311,581.496,584.589,590.155,597.158,602.867,607.464,614.638,622.629,630.412,636.716,643.083
LVA.1.0.0.0.NPAN,LVA,1.0,0.0,0.0,0.0,NPAN,Latvia,01 Population,Population: 15 to 64 years ,1000 persons,,,,,,,,,,,1565.078,1574.925,1584.115,1597.13,1612.705,1626.488,1638.464,1650.119,1660.891,1667.374,1672.166,1680.641,1693.005,1705.047,1716.362,1729.458,1744.147,1760.678,1775.309,1781.047,1777.191,1761.158,1725.946,1686.333,1656.019,1633.061,1617.558,1606.493,1600.587,1599.954,1594.923,1582.327,1570.503,1560.004,1546.378,1532.09,1518.181,1504.936,1485.921,1454.406,1417.478,1386.014,1362.415,1338.597,1314.385,1292.706,1270.366,1249.426,1233.071,1218.492,1203.811,1190.345,1185.878,1183.506,1177.588,1171.7,1165.842
LTU.1.0.0.0.NPAN,LTU,1.0,0.0,0.0,0.0,NPAN,Lithuania,01 Population,Population: 15 to 64 years ,1000 persons,,,,,,,,,,,1976.497,2003.444,2022.417,2043.746,2070.461,2100.674,2131.725,2161.283,2189.1,2209.962,2227.746,2251.54,2279.248,2309.24,2337.601,2363.966,2390.545,2416.389,2440.313,2456.258,2460.189,2458.024,2448.144,2430.069,2410.836,2391.063,2371.038,2352.228,2336.092,2324.326,2317.443,2307.117,2296.346,2284.871,2263.168,2229.708,2198.566,2178.645,2161.764,2140.737,2089.953,2034.555,2006.482,1987.013,1967.766,1943.895,1911.761,1877.703,1854.686,1845.239,1838.153,1830.867,1843.235,1869.409,1860.062,1850.762,1847.06
LUX.1.0.0.0.NPAN,LUX,1.0,0.0,0.0,0.0,NPAN,Luxembourg,01 Population,Population: 15 to 64 years ,1000 persons,213.697,214.497,215.997,216.897,217.897,219.097,219.797,219.797,219.797,220.797,204.323,224.114,227.827,231.501,236.259,240.464,242.851,244.191,245.45,245.504,246.123,248.293,250.058,251.877,253.667,255.046,256.707,258.635,260.073,261.852,264.341,266.803,269.126,271.374,273.637,276.163,278.845,281.516,284.379,287.733,292.275,296.56,299.566,303.557,308.302,313.511,319.331,325.186,332.151,339.462,346.811,356.165,366.183,375.251,384.561,394.386,405.007,414.644,422.817,431.102,437.921,444.061,452.65,459.892,467.48,474.492,481.705
HUN.1.0.0.0.NPAN,HUN,1.0,0.0,0.0,0.0,NPAN,Hungary,01 Population,Population: 15 to 64 years ,1000 persons,6553.884,6578.945,6610.581,6651.012,6694.153,6736.916,6779.391,6818.085,6862.437,6925.37,6992.066,7042.664,7069.406,7078.051,7075.996,7066.053,7051.669,7027.824,6998.901,6952.32,6923.764,6944.719,6982.843,7028.299,7051.457,7043.773,7026.741,7009.691,6998.345,6932.421,6889.916,6924.825,6953.004,6972.031,6982.592,6985.569,6985.252,6983.153,6974.771,6965.443,6962.322,6963.073,6956.127,6946.482,6941.894,6936.339,6931.906,6922.045,6905.397,6886.037,6865.681,6836.549,6792.703,6738.234,6675.971,6615.024,6552.123,6497.152,6451.944,6400.24,6337.032,6278.314,6244.629,6194.672,6176.088,6151.384,6126.778
MLT.1.0.0.0.NPAN,MLT,1.0,0.0,0.0,0.0,NPAN,Malta,01 Population,Population: 15 to 64 years ,1000 persons,,,,,,,,,,,,,,,,,,204.498,207.706,210.503,213.35,215.428,217.189,218.937,220.659,223.367,225.953,227.502,229.495,231.68,234.074,236.971,239.88,242.914,246.175,249.093,249.887,250.717,253.253,255.571,261.278,267.416,270.461,273.407,276.45,278.987,281.005,283.81,286.872,288.586,288.278,287.41,287.577,289.184,293.506,299.899,306.102,314.972,328.389,344.735,353.29,353.69,363.392,377.201,390.026,399.386,406.975
NLD.1.0.0.0.NPAN,NLD,1.0,0.0,0.0,0.0,NPAN,Netherlands,01 Population,Population: 15 to 64 years ,1000 persons,7009.168,7121.008,7272.1,7405.996,7526.016,7644.18,7757.862,7854.455,7943.639,8044.699,8155.655,8271.843,8381.05,8484.733,8596.711,8728.338,8860.412,8977.09,9095.217,9223.978,9361.963,9488.193,9596.175,9702.212,9814.992,9922.945,10018.802,10110.885,10187.409,10245.363,10305.276,10371.505,10433.567,10490.211,10535.003,10568.688,10603.556,10641.729,10687.461,10739.673,10800.501,10871.679,10935.176,10976.601,10999.728,11013.725,11025.096,11042.937,11072.881,11107.332,11138.764,11135.55,11097.314,11068.75,11063.083,11080.007,11117.06,11159.712,11203.842,11258.636,11297.54,11329.454,11417.752,11531.93,11601.122,11647.526,11694.116
AUT.1.0.0.0.NPAN,AUT,1.0,0.0,0.0,0.0,NPAN,Austria,01 Population,Population: 15 to 64 years ,1000 persons,4632.573,4617.108,4615.138,4620.296,4618.941,4614.603,4613.493,4615.087,4608.377,4597.53,4596.768,4610.443,4639.368,4675.151,4692.908,4691.112,4706.563,4740.528,4771.363,4800.849,4845.106,4913.282,4977.651,5031.471,5080.107,5107.369,5120.848,5126.014,5129.048,5148.388,5185.742,5233.254,5284.258,5319.524,5329.894,5329.994,5335.962,5347.247,5361.372,5383.258,5410.26,5446.2,5489.577,5531.17,5561.109,5577.247,5586.595,5597.915,5615.759,5628.928,5648.125,5675.395,5696.435,5718.762,5753.634,5811.821,5866.132,5892.941,5906.898,5917.951,5927.633,5936.269,5975.338,5993.264,5993.264,5981.277,5966.324
POL.1.0.0.0.NPAN,POL,1.0,0.0,0.0,0.0,NPAN,Poland,01 Population,Population: 15 to 64 years ,1000 persons,17899.907,18082.372,18357.215,18693.445,19131.421,19505.818,19801.688,20140.808,20536.431,20881.63,21001.613,21349.347,21668.901,21985.937,22279.102,22523.448,22730.112,22890.281,23033.144,23105.954,23260.584,23454.962,23647.738,23837.492,23998.19,24117.568,24229.343,24338.663,24440.654,24517.676,24708.014,24858.808,25025.368,25188.47,25353.129,25517.576,25681.961,25869.596,26091.588,26124.354,26135.518,26312.917,26459.349,26592.855,26718.722,26835.191,26939.333,27034.998,27121.768,27102.001,27060.239,27031.084,26914.292,26741.067,26535.105,26314.998,26077.933,25824.764,25562.757,25306.149,25027.781,24777.504,25245.798,25220.553,25180.703,25120.27,25019.788
PRT.1.0.0.0.NPAN,PRT,1.0,0.0,0.0,0.0,NPAN,Portugal,01 Population,Population: 15 to 64 years ,1000 persons,5566.299,5615.434,5655.405,5680.88,5687.845,5646.34,5575.9,5522.655,5483.195,5420.645,5368.574,5343.034,5333.69,5349.27,5449.97,5662.28,5815.355,5884.53,5963.0,6049.32,6142.103,6224.997,6292.15,6355.808,6417.125,6465.266,6499.822,6530.461,6557.225,6581.398,6606.852,6628.021,6649.603,6677.977,6711.345,6748.61,6784.196,6819.858,6855.855,6894.301,6939.317,6978.257,7002.679,7015.437,7016.878,7016.927,7023.147,7033.532,7036.435,7029.408,7013.108,6976.693,6923.45,6860.015,6798.352,6753.798,6713.741,6674.545,6644.314,6627.668,6616.292,6604.818,6622.947,6636.193,6642.83,6649.472,6656.122
ROM.1.0.0.0.NPAN,ROM,1.0,0.0,0.0,0.0,NPAN,Romania,01 Population,Population: 15 to 64 years ,1000 persons,,,,,,,,,12995.934,13104.104,13261.175,13417.944,13554.801,13672.73,13769.334,13856.621,13915.767,13936.385,13963.14,13977.348,13997.785,14053.185,14246.062,14570.95,14817.066,14967.133,15074.537,15149.727,15210.554,15278.998,15334.385,15233.582,15150.669,15211.928,15267.026,15311.03,15339.175,15337.142,15319.273,15324.36,15350.225,15149.594,14851.476,14738.318,14663.611,14577.795,14493.53,14264.021,13997.588,13866.407,13779.548,13707.288,13645.833,13589.16,13485.058,13336.241,13174.481,13007.956,12850.614,12705.778,12552.71,12358.417,12237.973,12201.259,12189.058,12170.774,12152.518
SVN.1.0.0.0.NPAN,SVN,1.0,0.0,0.0,0.0,NPAN,Slovenia,01 Population,Population: 15 to 64 years ,1000 persons,1061.109,1067.616,1074.645,1082.156,1090.062,1098.274,1106.892,1115.9,1124.974,1133.681,1141.759,1149.025,1155.686,1162.323,1169.754,1178.557,1188.865,1200.468,1213.168,1226.655,1240.618,1255.124,1270.096,1287.641,1301.536,1311.708,1334.637,1357.007,1362.156,1364.949,1369.531,1374.509,1376.402,1376.335,1378.554,1380.751,1381.969,1383.809,1382.774,1386.549,1393.632,1397.019,1400.009,1403.014,1404.598,1405.846,1408.465,1406.295,1408.601,1417.857,1420.914,1418.37,1412.464,1404.254,1394.552,1383.437,1372.286,1360.908,1354.545,1355.101,1355.793,1350.015,1345.116,1343.771,1342.427,1341.085,1339.744
SVK.1.0.0.0.NPAN,SVK,1.0,0.0,0.0,0.0,NPAN,Slovakia,01 Population,Population: 15 to 64 years ,1000 persons,2505.648,2574.967,2602.516,2634.492,2666.014,2699.31,2737.798,2778.067,2817.359,2856.13,2879.533,2902.945,2940.703,2974.9,3002.727,3028.538,3056.253,3082.069,3106.361,3131.047,3158.908,3194.108,3232.187,3268.282,3294.053,3311.051,3325.672,3339.999,3359.195,3384.348,3413.795,3435.867,3459.136,3493.495,3531.692,3568.4,3601.203,3632.989,3664.92,3697.653,3721.742,3744.343,3771.292,3794.581,3815.639,3833.785,3849.754,3864.217,3877.31,3884.143,3883.6,3881.765,3875.563,3861.463,3843.588,3822.281,3795.364,3764.51,3733.312,3703.519,3674.22,3638.211,3632.753,3647.284,3633.06,3608.355,3583.818
FIN.1.0.0.0.NPAN,FIN,1.0,0.0,0.0,0.0,NPAN,Finland,01 Population,Population: 15 to 64 years ,1000 persons,2759.325,2800.978,2847.788,2893.726,2930.542,2958.147,2984.132,3014.406,3042.081,3051.054,3050.8,3070.279,3103.864,3132.74,3156.513,3174.194,3185.441,3195.041,3207.264,3220.829,3236.446,3257.488,3281.969,3304.863,3325.775,3338.686,3343.027,3345.524,3344.914,3346.909,3355.846,3369.982,3385.052,3396.253,3403.924,3409.716,3416.619,3427.055,3441.596,3455.407,3464.359,3471.764,3478.333,3483.581,3488.776,3499.311,3507.284,3518.86,3536.874,3547.873,3549.611,3539.602,3524.867,3508.395,3491.73,3475.969,3463.663,3451.266,3437.118,3426.915,3419.988,3417.203,3444.0,3474.996,3503.738,3522.549,3526.926
SWE.1.0.0.0.NPAN,SWE,1.0,0.0,0.0,0.0,NPAN,Sweden,01 Population,Population: 15 to 64 years ,1000 persons,4926.452,4970.77,5015.32,5054.149,5093.285,5133.813,5167.954,5189.263,5204.018,5229.771,5266.951,5286.712,5280.539,5266.858,5259.167,5259.246,5263.773,5273.189,5285.973,5304.598,5328.427,5349.926,5367.715,5381.373,5391.77,5394.456,5396.36,5410.542,5433.371,5466.961,5501.901,5525.74,5543.375,5562.488,5593.538,5621.202,5634.29,5645.289,5659.501,5678.687,5705.139,5738.948,5775.928,5815.247,5854.451,5897.537,5951.916,6007.507,6050.823,6084.664,6106.914,6113.641,6114.834,6121.153,6139.497,6169.542,6221.975,6288.36,6347.082,6401.073,6440.406,6473.934,6506.304,6525.823,6532.348,6546.72,6553.266
GBR.1.0.0.0.NPAN,GBR,1.0,0.0,0.0,0.0,NPAN,United Kingdom,01 Population,Population: 15 to 64 years ,1000 persons,34017.135,34246.17,34657.232,34860.263,34985.281,35043.29,35101.299,35095.298,35049.291,35021.287,34981.281,35054.292,35075.295,35105.221,35139.409,35206.704,35328.19,35481.289,35654.325,35857.085,36072.585,36273.875,36483.955,36742.639,36977.869,37110.298,37191.494,37255.944,37294.915,37324.913,37352.565,37359.703,37345.072,37355.289,37425.994,37537.8,37659.164,37775.984,37913.851,38122.179,38374.633,38633.537,38899.66,39170.807,39462.365,39891.891,40303.832,40691.232,40993.002,41206.422,41443.544,41710.756,41682.655,41747.592,41885.278,42070.532,42288.79,42408.154,42544.168,42701.87,42757.102,42904.27,43259.738,43562.556,43867.494,44174.567,44483.788
ALB.1.0.0.0.NPAN,ALB,1.0,0.0,0.0,0.0,NPAN,Albania,01 Population,Population: 15 to 64 years ,1000 persons,,,,,,,,,,,,,,,,,,,,,,,,,,,,,,,,,,,,,,,,,,1930.5,1933.259,1938.094,1942.114,1946.389,1950.967,1951.5,1947.524,1946.792,1953.954,1966.877,1976.633,1979.333,1978.568,1976.953,1976.304,1975.369,1969.995,1956.426,1938.957,1914.562,1881.171,1866.989,1855.038,1840.182,1823.114
MNE.1.0.0.0.NPAN,MNE,1.0,0.0,0.0,0.0,NPAN,Montenegro,01 Population,Population: 15 to 64 years ,1000 persons,,,,,,,,,,,,,,,,,,,,,,,,,,,,,,,,,,,,,,,,,403.76,405.536,406.962,408.299,409.262,409.678,410.979,413.11,415.133,417.232,419.74,421.883,422.758,423.071,422.597,421.315,419.945,418.63,417.04,414.754,412.103,409.422,406.73,404.134,405.49,405.716,405.228
MKD.1.0.0.0.NPAN,MKD,1.0,0.0,0.0,0.0,NPAN,North Macedonia,01 Population,Population: 15 to 64 years ,1000 persons,,,,,,,,,,,,,,,,,,,,,,,,,,,,,,,,,,,1187.093,1200.972,1213.755,1226.088,1236.752,1246.634,1256.666,1266.25,1269.822,1274.724,1285.215,1293.705,1302.653,1311.502,1318.854,1326.146,1332.88,1338.627,1341.599,1341.09,1339.174,1337.095,1335.313,1332.001,1327.36,1322.29,1315.398,1210.898,1203.23,1194.905,1190.335,1177.663,1158.821
SRB.1.0.0.0.NPAN,SRB,1.0,0.0,0.0,0.0,NPAN,Serbia,01 Population,Population: 15 to 64 years ,1000 persons,,,,,,,,,,,,,,,,,,,,,,,,,,,,,,,,,,,,,,,,5091.032,5068.646,5054.564,5041.904,5024.277,5008.458,4991.736,4977.196,4967.52,4959.446,4954.996,4955.435,4944.362,4908.869,4859.93,4805.151,4744.531,4688.795,4633.603,4573.676,4515.69,4458.258,4402.985,4294.22,4294.979,4280.557,4260.792,4232.72
TUR.1.0.0.0.NPAN,TUR,1.0,0.0,0.0,0.0,NPAN,Turkey,01 Population,Population: 15 to 64 years ,1000 persons,15223.0,15544.0,15866.0,16195.0,16529.0,16870.0,17261.0,17684.0,18116.0,18558.0,19011.0,19537.0,20110.0,20698.0,21303.0,21926.0,22513.0,23091.0,23684.0,24291.0,24912.0,25703.0,26544.0,27410.0,28302.0,29221.0,30664.0,31312.0,31937.0,32665.0,33258.0,34005.0,34738.0,35433.0,36297.0,37116.0,37911.0,38708.0,39393.0,40174.0,40992.0,41820.0,42663.0,43502.0,44289.0,45060.0,45806.0,46515.0,47389.39,48226.827,49067.617,49931.824,50717.59,51507.279,52283.434,53000.053,53798.59,54559.619,55257.5,56012.637,56492.248,57025.878,57775.98,58140.383,58464.439,58942.694,59419.294
ISL.1.0.0.0.NPAN,ISL,1.0,0.0,0.0,0.0,NPAN,Iceland,01 Population,Population: 15 to 64 years ,1000 persons,100.155,101.795,103.575,105.488,107.557,109.709,111.958,114.247,116.461,118.299,119.737,121.618,124.326,127.03,129.687,132.487,134.718,136.557,138.587,140.742,142.87,145.225,147.808,150.119,152.068,153.653,155.093,157.38,160.597,162.905,164.136,166.14,168.078,169.407,170.9,172.092,173.348,175.223,177.702,180.379,183.184,185.855,187.771,189.605,192.055,196.469,203.035,209.821,214.341,214.339,212.877,212.829,213.342,214.767,216.689,218.737,222.004,228.076,235.248,240.938,244.443,247.761,254.519,263.557,267.555,272.079,277.31
NOR.1.0.0.0.NPAN,NOR,1.0,0.0,0.0,0.0,NPAN,Norway,01 Population,Population: 15 to 64 years ,1000 persons,2257.753,2279.951,2304.173,2324.565,2341.47,2355.851,2368.469,2382.29,2398.047,2413.483,2427.978,2443.495,2460.871,2477.043,2491.754,2505.336,2518.635,2532.104,2545.752,2560.602,2576.993,2595.527,2614.336,2632.382,2652.07,2668.841,2684.199,2704.897,2725.232,2737.659,2746.237,2757.508,2770.849,2785.995,2801.375,2815.15,2828.606,2844.213,2863.941,2887.858,2911.464,2932.062,2955.147,2980.455,3005.944,3035.132,3070.272,3113.046,3159.355,3200.012,3237.077,3275.317,3313.779,3348.842,3381.757,3410.658,3433.997,3453.022,3467.337,3485.025,3499.836,3511.923,3540.632,3582.526,3598.695,3616.903,3643.499
CHE.1.0.0.0.NPAN,CHE,1.0,0.0,0.0,0.0,NPAN,Switzerland,01 Population,Population: 15 to 64 years ,1000 persons,3502.535,3571.278,3657.448,3736.189,3794.596,3827.904,3856.406,3897.559,3945.357,3990.403,4010.101,4019.226,4051.092,4087.163,4115.522,4119.662,4104.673,4104.075,4122.239,4153.478,4196.967,4249.76,4303.964,4348.412,4385.352,4418.762,4449.214,4481.651,4514.933,4548.37,4593.004,4643.664,4681.144,4710.686,4737.611,4760.464,4773.297,4778.297,4788.547,4808.654,4834.398,4873.795,4924.781,4971.702,5014.599,5054.249,5091.275,5140.488,5208.617,5270.781,5322.759,5372.242,5417.35,5467.223,5520.863,5571.201,5618.391,5653.105,5674.095,5694.398,5719.837,5746.095,5777.416,5816.72,5880.251,5933.027,5974.755
AUS.1.0.0.0.NPAN,AUS,1.0,0.0,0.0,0.0,NPAN,Australia,01 Population,Population: 15 to 64 years ,1000 persons,6355.85,6489.196,6633.443,6774.156,6921.936,7080.719,7261.328,7413.455,7578.979,7762.243,7932.044,8307.187,8471.736,8623.617,8799.32,8945.334,9077.93,9227.168,9376.937,9516.43,9661.301,9834.555,10034.191,10201.957,10366.602,10540.165,10736.982,10939.497,11142.377,11329.878,11482.272,11605.75,11707.307,11802.889,11920.451,12061.986,12207.786,12345.094,12486.573,12640.893,12808.299,12980.167,13152.338,13319.691,13490.608,13683.045,13914.333,14193.644,14493.092,14744.712,14932.439,15117.059,15317.722,15506.821,15677.995,15854.117,16058.232,16271.846,16474.94,16643.873,16667.414,16703.687,,,,,
CAN.1.0.0.0.NPAN,CAN,1.0,0.0,0.0,0.0,NPAN,Canada,01 Population,Population: 15 to 64 years ,1000 persons,10815.413,11004.882,11214.016,11449.61,11714.08,12027.574,12376.5,12712.398,13033.926,13352.191,13639.651,13919.205,14234.757,14578.816,14943.255,15296.455,15618.467,15911.973,16189.776,16481.454,16773.601,17030.112,17247.22,17434.849,17607.162,17783.613,17980.079,18185.123,18441.218,18715.747,18933.319,19118.495,19300.091,19498.88,19713.26,19933.249,20159.512,20373.241,20584.698,20823.875,21099.449,21395.907,21667.569,21921.814,22192.299,22468.155,22725.217,22967.995,23214.54,23459.059,23666.987,23827.132,23962.455,24084.51,24164.97,24254.767,24410.418,24620.744,24868.599,25059.04,25123.554,25325.8,,,,,
JPN.1.0.0.0.NPAN,JPN,1.0,0.0,0.0,0.0,NPAN,Japan,01 Population,Population: 15 to 64 years ,1000 persons,58342.107,59037.327,60535.697,62135.19,63765.797,65076.506,66228.724,67248.705,68147.143,68976.546,69586.201,70319.342,71451.141,72053.99,72675.312,73740.02,74283.556,74815.424,75397.853,75998.757,76701.756,77079.022,77875.365,78664.902,79513.752,80251.755,81059.766,81861.943,82661.203,83372.953,83757.998,84142.409,84409.426,84539.727,84592.503,84576.381,84471.367,84354.697,84218.303,83954.399,83653.918,83328.812,82973.375,82667.884,82190.731,81579.962,80979.845,80366.42,79707.631,79311.517,79087.797,78355.42,77248.867,76143.892,75270.627,74653.574,74124.48,73699.213,73384.559,73041.224,72538.0,72321.0,71854.0,71292.0,70930.84,70539.782,70539.782
KOR.1.0.0.0.NPAN,KOR,1.0,0.0,0.0,0.0,NPAN,Korea,01 Population,Population: 15 to 64 years ,1000 persons,13806.712,14060.133,14370.487,14710.671,15041.444,15366.464,15716.237,16130.174,16576.09,17091.645,17678.916,18207.001,18749.443,19328.22,19938.182,20610.651,21318.915,22002.027,22673.965,23306.918,23904.597,24492.276,25077.171,25696.597,26347.385,26971.052,27599.739,28220.39,28808.06,29365.415,29935.575,30390.612,30816.894,31234.355,31672.557,32113.017,32558.845,32958.55,33273.07,33561.097,33824.387,34051.115,34261.502,34444.632,34581.109,34786.704,35070.737,35397.937,35744.489,36055.125,36429.282,36752.946,36934.945,37134.919,37349.868,37520.027,37583.863,37597.744,37625.834,37503.125,37204.199,36852.564,,,,,
MEX.1.0.0.0.NPAN,MEX,1.0,0.0,0.0,0.0,NPAN,Mexico,01 Population,Population: 15 to 64 years ,1000 persons,19229.523,19758.593,20307.205,20884.073,21501.384,22167.851,22888.425,23658.946,24468.196,25299.41,25315.265,26143.522,27008.916,27915.128,28864.91,29857.769,30893.856,31972.97,32767.415,34091.641,35359.838,36520.035,37746.731,39038.547,40353.415,41676.117,43023.772,44408.819,45806.067,47170.87,48514.639,49870.033,51240.921,52601.089,53912.859,55191.107,56430.345,57653.63,58838.948,59944.523,61042.714,62166.811,63287.629,64441.208,65612.352,66756.383,68100.242,69518.505,70980.163,72437.219,73859.097,75235.849,76559.495,77837.691,79067.625,80248.914,81388.684,82486.465,83545.85,84566.488,85543.8,,,,,,
NZL.1.0.0.0.NPAN,NZL,1.0,0.0,0.0,0.0,NPAN,New Zealand,01 Population,Population: 15 to 64 years ,1000 persons,,1438.588,1473.69,1507.855,1540.565,1572.27,1601.785,1625.2,1645.308,1670.78,1702.828,1738.838,1781.908,1832.595,1883.388,1924.485,1952.07,1969.595,1982.103,1996.815,2016.443,2039.623,2071.163,2107.983,2138.25,2157.63,2174.758,2193.038,2206.133,2220.543,2263.343,2307.19,2328.77,2354.315,2385.68,2422.43,2458.955,2486.035,2503.19,2517.695,2534.125,2570.055,2629.47,2685.68,2728.525,2765.94,2795.955,2818.225,2841.155,2866.085,2886.135,2894.215,2901.275,2931.78,2989.6,3060.25,3130.225,3191.08,3241.285,3297.59,3328.93,3322.79,,,,,
USA.1.0.0.0.NPAN,USA,1.0,0.0,0.0,0.0,NPAN,United States,01 Population,Population: 15 to 64 years ,1000 persons,,110194.097,112170.717,113990.614,115793.122,117660.323,119652.248,121708.704,123787.745,125964.87,128280.357,130693.314,133125.001,135507.071,137854.214,140251.541,142670.749,145045.905,147406.06,149457.297,151220.887,152881.747,154368.337,155828.245,157334.876,158898.962,160314.874,161482.863,162539.814,163693.183,165198.491,167061.797,169061.248,171082.171,173242.372,175521.618,177983.731,180589.244,183155.632,185686.741,188159.286,190524.505,192719.795,194926.531,197294.275,199670.485,201860.161,203716.46,205386.136,207006.084,208504.733,209491.221,210133.686,210898.497,211755.697,212604.069,213255.912,213637.335,213799.636,215045.753,216143.521,216123.832,216305.011,216682.467,218199.244,219726.639,221264.725
EU27.1.0.0.0.NPON,EU27,1.0,0.0,0.0,0.0,NPON,European Union,01 Population,Population: 65 years and over ,1000 persons,,,,,,,,,,,,,,,,,,,,,,,,,,,,,,,,,,,,,,,,,,68394.346,69500.656,70565.923,71499.928,72846.086,74256.167,75269.548,76280.521,77281.301,77910.089,78798.649,80269.635,81888.06,83570.847,85186.7,86711.383,88202.609,89647.621,91168.063,,,,,,,
EU15.1.0.0.0.NPON,EU15,1.0,0.0,0.0,0.0,NPON,European Union (15 countries),01 Population,Population: 65 years and over ,1000 persons,,34131.858,34912.747,35597.328,36359.866,37212.702,38056.964,39011.1,39863.784,40690.184,41610.766,42505.264,43357.163,44209.349,45069.719,45936.618,46707.001,47470.902,48238.203,49018.427,49317.885,49427.924,49121.797,48682.905,48523.99,49059.264,49978.041,50878.051,51740.153,52559.912,53387.52,54203.536,55112.726,55971.182,56844.968,57769.104,58655.31,59445.864,60155.594,60915.103,61852.154,62899.543,63884.589,64879.71,65760.515,66996.132,68318.952,69243.499,70209.415,71242.792,71991.323,73013.539,74540.923,76030.565,77562.37,78929.539,80204.644,81425.157,82614.251,83895.929,85017.564,86093.649,87314.211,,,,
EA19.1.0.0.0.NPON,EA19,1.0,0.0,0.0,0.0,NPON,Euro area (19 countries),01 Population,Population: 65 years and over ,1000 persons,,,,,,,,,,,,,,,,,,,,,,,,,,,,,,,,,,46361.041,47237.563,48160.912,49055.723,49863.529,50580.538,51351.969,52291.256,53291.649,54247.603,55208.961,56045.276,57224.618,58515.736,59344.616,60131.205,60939.689,61437.4,62203.352,63309.537,64486.804,65737.005,66908.671,67997.136,69061.459,70094.94,71187.485,72204.486,73108.808,74131.282,,,,
EA20.1.0.0.0.NPON,EA20,1.0,0.0,0.0,0.0,NPON,Euro area,01 Population,Population: 65 years and over ,1000 persons,,,,,,,,,,,,,,,,,,,,,,,,,,,,,,,,,,,,,,,,,,53992.688,54964.726,55938.937,56786.559,57976.063,59274.645,60110.011,60901.034,61708.95,62201.515,62936.473,64045.245,65263.109,66523.588,67705.926,68803.687,69878.338,70924.253,72031.238,73061.436,73974.282,75003.406,,,,
EA12.1.0.0.0.NPON,EA12,1.0,0.0,0.0,0.0,NPON,Euro area (12 countries),01 Population,Population: 65 years and over ,1000 persons,,26523.198,27203.158,27787.828,28401.192,29078.67,29799.413,30561.361,31254.026,31900.904,32651.656,33345.965,34034.082,34719.556,35411.832,36122.159,36751.578,37372.304,37992.754,38633.044,38812.924,38848.017,38519.214,38089.528,37890.522,38280.025,39025.519,39793.554,40554.447,41292.036,42053.608,42812.348,43672.321,44497.63,45343.191,46234.436,47094.521,47867.251,48554.594,49312.059,50221.463,51201.966,52125.368,53051.252,53854.587,55003.563,56262.406,57061.706,57824.771,58613.877,59096.264,59843.463,60919.457,62056.758,63258.359,64377.73,65412.598,66422.396,67403.467,68440.704,69398.971,70260.79,71240.713,,,,
DU15.1.0.0.0.NPON,DU15,1.0,0.0,0.0,0.0,NPON,EU15 (including D_W West-Germany),01 Population,Population: 65 years and over ,1000 persons,,31812.499,32491.463,33146.635,33893.752,34728.661,35531.674,36427.243,37241.069,38048.941,38919.226,39838.593,40663.605,41496.211,42335.895,43195.504,43970.04,44738.306,45507.127,46301.215,46654.376,46850.744,46653.154,46317.304,46232.313,46793.301,47719.072,48639.266,49518.305,50348.132,51219.201,52030.081,52937.35,53782.961,54618.947,55648.993,56500.696,,,,,,,,,,,,,,,,,,,,,,,,,,,,,,
DA12.1.0.0.0.NPON,DA12,1.0,0.0,0.0,0.0,NPON,EA12 (including D_W West-Germany),01 Population,Population: 65 years and over ,1000 persons,,24203.839,24781.874,25337.135,25935.077,26594.628,27274.123,27977.504,28631.311,29259.661,29960.115,30679.294,31340.524,32006.418,32678.008,33381.045,34014.617,34639.709,35261.678,35915.833,36149.415,36270.837,36050.571,35723.927,35598.846,36014.062,36766.549,37554.769,38332.599,39080.256,39885.289,40638.893,41496.945,42309.41,43117.17,44114.325,44939.907,,,,,,,,,,,,,,,,,,,,,,,,,,,,,,
BEL.1.0.0.0.NPON,BEL,1.0,0.0,0.0,0.0,NPON,Belgium,01 Population,Population: 65 years and over ,1000 persons,1095.426,1111.312,1133.299,1151.407,1171.833,1195.791,1220.213,1245.034,1264.513,1280.522,1293.145,1305.071,1321.621,1338.473,1353.009,1364.735,1373.226,1380.991,1393.156,1405.479,1405.894,1401.14,1388.996,1362.03,1348.389,1362.979,1388.809,1409.767,1434.345,1462.327,1487.37,1513.234,1537.894,1560.839,1584.11,1611.074,1639.344,1665.839,1688.022,1706.273,1722.414,1738.064,1754.391,1771.255,1789.81,1804.259,1809.539,1814.894,1828.252,1848.469,1871.671,1903.961,1942.098,1976.817,2012.56,2046.923,2079.073,2112.949,2148.057,2185.051,2217.01,2249.43,2290.185,,,,
BGR.1.0.0.0.NPON,BGR,1.0,0.0,0.0,0.0,NPON,Bulgaria,01 Population,Population: 65 years and over ,1000 persons,590.848,611.584,630.312,646.224,663.923,687.433,714.043,736.168,760.831,787.01,814.163,842.275,868.299,894.094,919.719,946.447,972.161,997.938,1009.02,1022.956,1051.308,1053.686,1029.714,1005.604,1003.957,1019.647,1043.374,1074.199,1102.889,1126.026,1148.616,1174.575,1198.316,1221.14,1242.756,1262.089,1275.826,1286.646,1299.62,1314.944,1321.399,1325.047,1337.456,1337.481,1337.291,1336.636,1335.323,1336.205,1339.819,1345.259,1354.457,1370.765,1389.549,1408.729,1429.497,1451.197,1470.007,1481.275,1490.867,1500.238,1504.849,1512.116,1517.016,,,,
CZE.1.0.0.0.NPON,CZE,1.0,0.0,0.0,0.0,NPON,Czechia,01 Population,Population: 65 years and over ,1000 persons,911.73,923.712,949.728,976.603,1007.041,1040.077,1074.628,1109.579,1141.863,1169.717,1188.087,1207.297,1236.056,1263.99,1290.712,1317.283,1341.551,1362.801,1382.01,1397.242,1386.433,1349.073,1305.487,1257.162,1225.664,1222.309,1232.602,1249.248,1268.651,1285.313,1296.983,1308.458,1321.608,1335.55,1349.538,1364.256,1380.264,1395.055,1406.65,1414.758,1414.36,1412.523,1416.036,1420.219,1428.45,1445.02,1468.981,1497.338,1534.486,1577.935,1618.245,1669.203,1734.527,1796.581,1852.975,1906.409,1960.667,2014.553,2063.4,2109.124,,,,,,,
DNK.1.0.0.0.NPON,DNK,1.0,0.0,0.0,0.0,NPON,Denmark,01 Population,Population: 65 years and over ,1000 persons,485.216,497.323,508.882,520.119,531.375,542.196,552.915,564.562,577.568,590.888,604.945,619.196,633.051,647.419,662.747,677.558,690.573,704.241,718.041,729.442,738.094,744.751,751.495,758.254,763.813,771.494,781.379,788.413,793.471,798.029,801.207,803.002,803.654,802.211,799.872,797.088,794.252,792.228,790.968,790.435,791.173,793.264,796.468,801.465,808.54,817.765,828.886,843.893,864.269,889.178,918.32,950.932,983.942,1013.267,1038.932,1062.776,1084.797,1105.618,1126.063,1146.027,1166.132,1185.744,1204.273,,,,
DEU.1.0.0.0.NPON,DEU,1.0,0.0,0.0,0.0,NPON,Germany,01 Population,Population: 65 years and over ,1000 persons,8359.19,8574.359,8836.284,9045.693,9272.115,9512.042,9770.29,10042.857,10276.715,10478.243,10682.541,10887.671,11101.557,11309.138,11510.824,11678.114,11803.961,11952.595,12105.076,12216.212,12214.509,12029.18,11741.643,11442.601,11271.677,11317.963,11456.97,11586.786,11683.848,11756.78,11854.319,11973.455,12104.376,12268.221,12451.021,12637.112,12794.614,12911.597,12982.816,13160.216,13473.496,13879.868,14252.271,14649.407,14884.986,15393.926,16084.681,16409.016,16623.878,16815.378,16683.087,16589.927,16659.294,16783.983,16970.761,17194.445,17404.942,17609.708,17796.622,17987.107,18181.159,18354.068,18548.263,,,,
D_W.1.0.0.0.NPON,D_W,1.0,0.0,0.0,0.0,NPON,West Germany,01 Population,Population: 65 years and over ,1000 persons,6013.0,6255.0,6415.0,6595.0,6806.0,7028.0,7245.0,7459.0,7654.0,7837.0,7991.0,8221.0,8408.0,8596.0,8777.0,8937.0,9067.0,9220.0,9374.0,9499.0,9551.0,9452.0,9273.0,9077.0,8980.0,9052.0,9198.0,9348.0,9462.0,9545.0,9686.0,9800.0,9929.0,10080.0,10225.0,10517.0,10640.0,,,,,,,,,,,,,,,,,,,,,,,,,,,,,,
EST.1.0.0.0.NPON,EST,1.0,0.0,0.0,0.0,NPON,Estonia,01 Population,Population: 65 years and over ,1000 persons,128.569,131.383,133.698,136.428,140.071,143.946,147.422,150.929,154.72,157.81,160.529,163.827,167.427,170.466,173.461,176.459,178.835,181.123,177.236,178.493,184.517,182.724,179.669,177.801,176.428,174.396,174.096,175.49,170.48,173.131,182.577,184.962,187.507,189.852,191.973,194.359,197.342,200.701,202.8,196.718,209.445,212.17,215.765,219.565,223.2,226.505,229.99,232.885,233.235,232.63,232.235,233.32,236.336,239.918,244.216,248.487,252.399,256.428,260.115,264.068,268.465,271.394,274.299,,,,
IRL.1.0.0.0.NPON,IRL,1.0,0.0,0.0,0.0,NPON,Ireland,01 Population,Population: 65 years and over ,1000 persons,315.4,315.95,317.55,319.75,321.5,322.55,323.55,324.75,325.7,326.95,328.95,331.5,335.0,339.05,343.2,347.4,351.25,354.8,358.5,362.118,365.818,368.95,370.8,372.3,378.693,386.602,388.094,389.708,394.27,397.958,400.835,403.687,406.293,408.003,409.658,412.047,414.535,417.485,420.361,422.743,426.262,431.493,437.442,444.086,452.164,459.038,465.09,474.623,487.601,502.565,518.591,536.19,554.795,574.157,594.551,614.69,636.161,659.496,683.458,708.561,732.786,758.703,786.872,,,,
GRC.1.0.0.0.NPON,GRC,1.0,0.0,0.0,0.0,NPON,Greece,01 Population,Population: 65 years and over ,1000 persons,,698.849,717.478,737.806,756.488,773.502,795.145,817.751,839.523,875.277,972.701,984.263,1013.642,1043.728,1074.512,1106.728,1142.985,1178.362,1171.018,1245.855,1267.09,1284.002,1297.207,1306.548,1316.084,1313.868,1312.712,1327.901,1346.553,1369.861,1398.862,1443.27,1492.622,1542.602,1595.257,1646.568,1698.602,1748.578,1796.871,1844.36,1895.121,1912.183,1921.272,1956.626,1989.576,2018.263,2041.037,2057.755,2073.588,2096.464,2127.904,2163.087,2194.109,2223.141,2253.8,2280.963,2306.297,2329.951,2351.717,2374.737,2397.028,2390.504,2381.852,,,,
ESP.1.0.0.0.NPON,ESP,1.0,0.0,0.0,0.0,NPON,Spain,01 Population,Population: 65 years and over ,1000 persons,2469.819,2541.597,2605.739,2671.997,2742.412,2816.532,2895.82,2981.296,3067.682,3149.431,3230.949,3327.214,3410.708,3500.686,3585.798,3681.717,3780.154,3876.052,3975.612,4076.074,4049.298,4268.486,4347.728,4426.943,4504.314,4597.86,4716.362,4854.4,4999.076,5139.69,5279.384,5420.427,5562.901,5709.215,5860.881,6018.436,6174.851,6330.881,6489.169,6628.73,6759.17,6903.599,7036.694,7119.759,7158.281,7247.016,7365.654,7456.727,7582.131,7734.184,7896.698,8055.518,8190.482,8337.799,8493.645,8614.409,8724.251,8851.377,8987.689,9134.181,9261.461,9396.646,9584.792,,,,
FRA.1.0.0.0.NPON,FRA,1.0,0.0,0.0,0.0,NPON,France,01 Population,Population: 65 years and over ,1000 persons,5386.888,5478.552,5616.622,5737.924,5852.943,5982.461,6118.519,6265.073,6394.522,6505.752,6621.048,6742.243,6857.061,6971.149,7085.152,7193.077,7283.56,7382.378,7493.048,7591.711,7601.542,7487.388,7349.978,7238.065,7165.796,7233.305,7407.506,7574.817,7738.747,7897.392,8059.053,8228.107,8395.566,8558.823,8723.146,8894.789,9061.426,9218.547,9359.985,9498.756,9642.73,9780.808,9914.258,10031.98,10162.119,10285.735,10365.487,10434.45,10551.84,10672.415,10802.319,11032.292,11356.221,11704.902,12059.828,12400.506,12727.271,13030.653,13319.122,13605.781,13858.479,14094.086,14336.136,,,,
HRV.1.0.0.0.NPON,HRV,1.0,0.0,0.0,0.0,NPON,Croatia,01 Population,Population: 65 years and over ,1000 persons,,,,,,,,,,,,,,,,,,,,,,,,,,,,,,,,,,,,,,,,,,701.04,717.123,729.977,741.283,751.445,758.909,765.396,769.83,769.261,764.115,733.12,735.708,776.305,786.583,797.255,806.551,816.879,829.314,843.754,856.949,865.474,872.125,,,,
ITA.1.0.0.0.NPON,ITA,1.0,0.0,0.0,0.0,NPON,Italy,01 Population,Population: 65 years and over ,1000 persons,4673.8,4778.95,4887.45,4974.65,5074.6,5194.95,5320.9,5457.3,5583.7,5710.05,5862.95,6034.149,6199.611,6356.212,6518.051,6678.172,6826.461,6976.381,7138.575,7292.756,7419.792,7474.63,7439.755,7347.502,7292.47,7394.439,7594.587,7800.755,8015.839,8233.936,8449.839,8667.873,8884.511,9085.91,9275.586,9485.49,9701.133,9886.766,10056.777,10225.069,10403.85,10580.208,10758.411,10955.92,11188.267,11437.573,11646.05,11813.084,11961.443,12093.028,12204.152,12386.861,12630.33,12860.261,13080.413,13251.472,13391.564,13513.547,13629.181,13776.152,13900.311,13996.468,14116.351,,,,
CYP.1.0.0.0.NPON,CYP,1.0,0.0,0.0,0.0,NPON,Cyprus,01 Population,Population: 65 years and over ,1000 persons,,,,,,,,,,,,,,,,,,,,,,,,,,,,,,,,,,69.067,70.485,71.846,73.181,74.45,75.533,72.876,78.079,80.466,83.181,85.107,87.23,89.494,92.173,95.043,97.858,101.037,104.624,108.476,112.442,116.724,121.364,125.98,130.641,135.132,139.166,143.0,146.096,148.398,151.309,,,,
LVA.1.0.0.0.NPON,LVA,1.0,0.0,0.0,0.0,NPON,Latvia,01 Population,Population: 65 years and over ,1000 persons,,,,,,,,,,,273.976,289.524,297.011,302.947,308.505,313.596,317.845,322.084,325.642,316.048,324.333,318.457,311.739,307.416,304.912,302.439,302.711,306.01,310.977,314.578,314.95,319.95,327.799,332.574,335.618,338.108,342.22,347.025,350.564,352.456,354.219,356.528,361.061,366.968,372.044,376.54,381.479,384.947,385.573,384.824,382.658,380.343,379.665,380.699,383.345,385.831,387.247,388.383,388.918,390.196,392.556,392.661,393.27,,,,
LTU.1.0.0.0.NPON,LTU,1.0,0.0,0.0,0.0,NPON,Lithuania,01 Population,Population: 65 years and over ,1000 persons,,,,,,,,,,,306.779,325.575,339.135,352.051,362.288,368.525,373.592,378.978,370.608,385.864,382.795,377.363,371.782,366.811,364.217,364.999,369.129,376.033,385.303,394.999,403.912,412.962,422.518,432.318,440.314,447.852,455.993,464.439,473.027,479.775,483.646,492.535,506.296,518.168,527.632,533.531,538.507,543.506,546.843,546.323,545.101,544.32,542.283,541.116,542.698,544.848,545.847,546.8,547.272,549.428,555.727,560.284,566.147,,,,
LUX.1.0.0.0.NPON,LUX,1.0,0.0,0.0,0.0,NPON,Luxembourg,01 Population,Population: 65 years and over ,1000 persons,33.899,34.299,35.299,36.199,37.299,38.399,38.999,39.799,40.799,41.699,42.499,43.255,44.201,45.195,46.042,46.756,47.271,47.938,48.738,49.339,49.691,49.612,49.23,48.758,48.427,48.588,49.034,49.42,49.933,50.531,51.246,52.14,53.294,54.466,55.788,57.234,58.625,59.717,60.617,61.482,61.421,61.43,62.406,63.264,64.296,65.333,66.27,67.261,68.185,69.469,70.565,72.172,74.159,76.215,78.607,80.899,83.044,85.17,87.268,89.557,91.762,93.968,96.71,,,,
HUN.1.0.0.0.NPON,HUN,1.0,0.0,0.0,0.0,NPON,Hungary,01 Population,Population: 65 years and over ,1000 persons,899.767,928.935,955.569,984.131,1013.762,1046.166,1082.237,1115.107,1144.359,1167.08,1190.474,1215.997,1242.411,1271.734,1296.792,1326.58,1357.462,1383.224,1406.098,1426.127,1432.68,1407.6,1366.443,1323.816,1297.654,1309.136,1335.356,1357.25,1380.117,1382.626,1384.802,1405.205,1420.79,1434.538,1450.113,1468.119,1484.381,1498.726,1514.169,1526.242,1538.027,1548.448,1555.58,1563.168,1572.345,1584.156,1557.076,1614.507,1632.087,1651.881,1667.309,1612.593,1663.704,1710.376,1737.363,1765.268,1793.824,1819.136,1847.613,1890.443,1932.703,1956.911,1967.685,,,,
MLT.1.0.0.0.NPON,MLT,1.0,0.0,0.0,0.0,NPON,Malta,01 Population,Population: 65 years and over ,1000 persons,,,,,,,,,,,,,,,,,,30.148,30.048,30.066,29.946,29.394,29.618,32.208,33.662,35.722,38.118,38.971,39.752,40.787,41.92,42.897,43.825,44.668,45.463,46.753,48.175,49.729,50.777,53.333,50.778,48.98,49.675,51.546,52.847,54.034,56.009,56.487,57.595,60.116,63.468,66.905,70.34,73.783,77.269,80.644,83.842,86.72,89.258,91.813,94.213,96.563,99.305,,,,
NLD.1.0.0.0.NPON,NLD,1.0,0.0,0.0,0.0,NPON,Netherlands,01 Population,Population: 65 years and over ,1000 persons,1033.703,1064.318,1093.742,1120.069,1147.619,1176.091,1204.237,1235.482,1266.556,1295.974,1325.362,1353.837,1381.597,1410.78,1442.856,1474.788,1502.235,1531.82,1565.111,1598.11,1628.666,1655.134,1678.187,1698.286,1719.102,1749.467,1786.601,1822.041,1858.537,1891.315,1919.633,1946.669,1972.612,1996.76,2020.785,2047.225,2072.356,2096.779,2120.327,2141.688,2163.472,2186.608,2209.585,2235.805,2269.912,2309.565,2349.406,2391.589,2443.321,2505.072,2566.637,2655.657,2770.356,2871.685,2963.355,3046.497,3122.484,3199.388,3276.56,3353.28,3425.045,3491.494,3563.31,,,,
AUT.1.0.0.0.NPON,AUT,1.0,0.0,0.0,0.0,NPON,Austria,01 Population,Population: 65 years and over ,1000 persons,861.456,879.734,898.854,916.714,937.449,958.164,979.154,1001.429,1020.286,1036.361,1051.055,1066.14,1082.115,1098.004,1113.484,1127.066,1137.874,1149.761,1160.161,1166.513,1161.899,1143.812,1116.158,1086.967,1071.027,1073.815,1086.132,1102.167,1118.313,1132.855,1146.612,1158.88,1169.34,1179.982,1191.269,1202.445,1212.232,1220.332,1226.965,1231.691,1235.842,1240.149,1249.849,1255.689,1284.422,1332.766,1378.093,1411.313,1436.551,1461.231,1475.492,1486.978,1511.807,1541.958,1570.293,1594.448,1615.242,1636.255,1657.776,1681.093,1704.957,1730.989,1763.197,,,,
POL.1.0.0.0.NPON,POL,1.0,0.0,0.0,0.0,NPON,Poland,01 Population,Population: 65 years and over ,1000 persons,1702.766,1774.035,1853.488,1946.118,2034.555,2142.357,2249.659,2349.076,2495.207,2608.199,2675.375,2789.16,2893.279,3008.271,3127.59,3238.702,3338.581,3434.244,3512.867,3569.776,3590.753,3568.455,3532.728,3494.418,3482.027,3495.941,3524.663,3577.349,3662.212,3743.11,3834.941,3920.593,3994.341,4078.716,4172.582,4277.088,4380.298,4472.277,4556.612,4619.303,4684.923,4760.74,4849.271,4919.497,4984.796,5047.048,5096.167,5123.943,5138.832,5153.082,5170.702,5248.372,5395.918,5568.33,5759.873,5959.591,6171.564,6390.506,6601.702,6811.395,6969.268,7080.428,7224.977,,,,
PRT.1.0.0.0.NPON,PRT,1.0,0.0,0.0,0.0,NPON,Portugal,01 Population,Population: 65 years and over ,1000 persons,698.995,713.744,722.74,729.45,730.21,741.7,756.445,764.12,777.455,792.115,818.963,836.058,837.07,840.815,855.78,923.445,986.18,1008.51,1036.005,1067.915,1076.246,1104.209,1148.985,1159.795,1169.439,1189.138,1215.16,1241.474,1269.883,1303.109,1339.107,1325.804,1402.972,1432.12,1462.768,1495.949,1529.016,1562.911,1597.032,1628.057,1665.503,1705.274,1735.825,1761.583,1788.686,1814.038,1836.157,1859.019,1884.332,1914.35,1953.409,2000.48,2036.891,2068.472,2106.58,2145.236,2185.732,2229.257,2273.94,2327.15,2385.367,2436.948,2486.274,,,,
ROM.1.0.0.0.NPON,ROM,1.0,0.0,0.0,0.0,NPON,Romania,01 Population,Population: 65 years and over ,1000 persons,,,,,,,,,1649.104,1692.276,1745.779,1799.834,1859.4,1916.638,1976.023,2054.306,2133.048,2199.032,2242.039,2265.909,2277.431,2268.129,2229.387,2161.737,2134.964,2155.407,2188.538,2237.258,2288.443,2348.836,2415.227,2478.639,2537.741,2597.634,2659.105,2721.201,2775.525,2831.333,2889.212,2936.992,2989.236,3030.161,3048.19,3047.633,3034.152,3079.543,3121.684,3148.728,3243.248,3287.089,3265.53,3249.355,3250.274,3277.424,3336.075,3405.478,3464.796,3521.685,3572.795,3629.06,3683.38,3705.658,3730.328,,,,
SVN.1.0.0.0.NPON,SVN,1.0,0.0,0.0,0.0,NPON,Slovenia,01 Population,Population: 65 years and over ,1000 persons,123.953,127.907,132.485,137.389,142.207,146.643,150.541,154.016,157.362,161.023,165.289,170.195,175.559,181.189,186.8,192.148,197.348,202.353,206.563,209.207,209.819,208.081,204.396,198.986,195.9,196.371,199.1,202.722,206.587,210.18,213.974,218.956,224.557,230.59,236.89,244.596,252.227,258.917,265.506,271.994,278.403,284.977,291.601,297.405,303.319,309.679,316.252,323.291,330.49,336.147,338.605,341.972,348.572,356.125,364.746,374.744,385.264,395.844,407.158,418.529,429.859,440.229,449.225,,,,
SVK.1.0.0.0.NPON,SVK,1.0,0.0,0.0,0.0,NPON,Slovakia,01 Population,Population: 65 years and over ,1000 persons,280.898,297.673,309.088,320.542,334.063,349.038,363.77,378.573,393.04,406.248,414.599,421.739,433.814,447.621,462.168,475.653,486.903,497.688,508.22,518.563,520.959,512.12,499.122,484.38,480.255,487.27,497.46,511.288,525.54,537.818,547.155,551.436,555.69,564.343,573.629,582.961,592.066,601.015,607.737,612.758,615.223,614.028,614.656,618.951,624.418,631.274,638.92,646.753,654.84,664.736,674.445,684.555,700.442,721.679,745.008,770.408,799.297,829.757,859.587,889.747,918.6,938.491,957.013,,,,
FIN.1.0.0.0.NPON,FIN,1.0,0.0,0.0,0.0,NPON,Finland,01 Population,Population: 65 years and over ,1000 persons,323.497,331.535,338.1,346.169,356.724,366.489,376.143,386.471,396.576,408.53,421.494,434.566,449.9,466.327,483.124,500.161,516.423,532.718,547.756,560.964,572.48,581.476,590.547,599.734,605.106,612.002,623.555,634.321,645.104,656.281,667.349,678.803,689.941,700.69,712.923,726.068,737.786,747.822,755.654,762.994,772.183,782.285,792.968,805.88,822.068,836.053,854.941,871.974,883.65,901.255,925.741,960.34,998.917,1037.37,1073.967,1107.245,1136.539,1164.646,1192.078,1218.056,1243.606,1267.487,1286.774,,,,
SWE.1.0.0.0.NPON,SWE,1.0,0.0,0.0,0.0,NPON,Sweden,01 Population,Population: 65 years and over ,1000 persons,879.469,898.119,917.454,937.093,957.95,980.414,1005.167,1029.627,1051.576,1073.703,1099.41,1127.264,1154.128,1180.992,1210.072,1237.946,1262.301,1287.173,1312.175,1334.62,1353.748,1369.901,1386.396,1402.54,1417.305,1439.364,1465.61,1485.06,1498.731,1511.035,1521.702,1528.74,1533.141,1535.326,1538.116,1541.724,1543.314,1542.835,1540.015,1535.106,1531.721,1531.476,1532.93,1537.525,1547.795,1559.856,1573.407,1594.925,1626.747,1667.929,1714.012,1760.957,1806.475,1850.245,1892.546,1930.056,1962.042,1991.502,2020.928,2050.539,2076.727,2103.426,2132.952,,,,
GBR.1.0.0.0.NPON,GBR,1.0,0.0,0.0,0.0,NPON,United Kingdom,01 Population,Population: 65 years and over ,1000 persons,6141.18,6213.217,6283.253,6352.289,6469.349,6611.423,6699.469,6855.549,6980.614,7124.689,7254.756,7412.838,7535.902,7661.383,7785.068,7898.956,8002.55,8107.184,8215.233,8321.32,8413.119,8465.256,8464.692,8432.582,8452.351,8568.382,8705.534,8811.024,8893.505,8958.811,9011.004,9059.447,9103.61,9136.015,9163.79,9195.857,9223.223,9243.55,9270.018,9277.504,9307.797,9372.838,9429.824,9489.469,9549.593,9614.948,9654.253,9742.975,9893.628,10071.808,10262.727,10458.186,10831.048,11110.294,11372.533,11558.978,11745.207,11905.642,12063.793,12258.659,12375.735,12543.689,12736.274,,,,
ALB.1.0.0.0.NPON,ALB,1.0,0.0,0.0,0.0,NPON,Albania,01 Population,Population: 65 years and over ,1000 persons,,,,,,,,,,,,,,,,,,,,,,,,,,,,,,,,,,,,,,,,,,232.238,241.325,249.791,258.46,268.999,279.209,289.532,300.777,309.757,317.154,324.204,332.227,341.925,353.209,363.585,372.929,383.559,396.194,411.628,425.784,435.378,446.861,,,,
MNE.1.0.0.0.NPON,MNE,1.0,0.0,0.0,0.0,NPON,Montenegro,01 Population,Population: 65 years and over ,1000 persons,,,,,,,,,,,,,,,,,,,,,,,,,,,,,,,,,,,,,,,,,73.75,74.07,74.491,74.576,75.542,77.425,78.736,79.44,79.77,79.81,79.603,79.792,80.751,82.078,83.938,86.288,88.653,90.877,93.14,95.659,97.883,98.804,99.942,,,,
MKD.1.0.0.0.NPON,MKD,1.0,0.0,0.0,0.0,NPON,North Macedonia,01 Population,Population: 65 years and over ,1000 persons,,,,,,,,,,,,,,,,,,,,,,,,,,,,,,,,,,,169.846,173.885,179.695,186.944,193.526,200.55,207.119,213.386,216.887,219.514,223.356,227.577,231.292,234.445,237.827,240.698,243.342,245.504,248.717,254.992,262.368,269.229,275.681,282.857,291.421,300.214,306.644,313.285,319.186,326.867,,,
SRB.1.0.0.0.NPON,SRB,1.0,0.0,0.0,0.0,NPON,Serbia,01 Population,Population: 65 years and over ,1000 persons,,,,,,,,,,,,,,,,,,,,,,,,,,,,,,,,,,,,,,,,1187.247,1211.053,1232.035,1250.5,1263.195,1271.603,1276.545,1276.43,1271.299,1262.876,1250.81,1245.16,1247.454,1256.337,1276.271,1301.293,1328.828,1352.94,1378.519,1408.33,1436.951,1456.211,1454.218,1458.781,,,,
TUR.1.0.0.0.NPON,TUR,1.0,0.0,0.0,0.0,NPON,Turkey,01 Population,Population: 65 years and over ,1000 persons,970.0,1013.0,1063.0,1114.0,1169.0,1226.0,1284.0,1345.0,1408.0,1474.0,1543.0,1603.0,1658.0,1716.0,1775.0,1837.0,1891.0,1942.0,1994.0,2048.0,2103.0,2123.0,2125.0,2126.0,2128.0,2130.0,2470.0,2572.0,2690.0,2818.0,2928.0,3045.0,3178.0,3343.0,3452.0,3613.0,3814.0,4023.0,4153.0,4273.0,4355.0,4407.0,4439.0,4464.0,4498.0,4542.0,4608.0,4710.0,4946.799,4988.419,5205.575,5409.226,5586.359,5786.849,6042.328,6344.101,6573.371,6695.892,6963.242,7277.397,7752.141,8093.52,8342.343,,,,
ISL.1.0.0.0.NPON,ISL,1.0,0.0,0.0,0.0,NPON,Iceland,01 Population,Population: 65 years and over ,1000 persons,14.176,14.656,15.085,15.457,15.801,16.211,16.588,16.871,17.242,17.662,17.998,18.341,18.725,19.103,19.523,19.967,20.467,20.999,21.531,22.055,22.505,22.867,23.251,23.681,24.075,24.506,25.086,25.667,26.155,26.618,27.112,27.656,28.22,28.792,29.395,30.059,30.664,31.214,31.703,32.109,32.549,33.06,33.56,33.971,34.371,34.815,35.336,36.021,36.791,37.621,38.621,39.748,41.0,42.36,43.791,45.307,46.757,48.212,49.861,51.606,53.416,55.363,57.329,,,,
NOR.1.0.0.0.NPON,NOR,1.0,0.0,0.0,0.0,NPON,Norway,01 Population,Population: 65 years and over ,1000 persons,395.064,405.728,415.941,425.521,435.127,445.721,457.516,469.323,480.066,489.727,498.799,507.833,517.107,526.752,537.438,548.496,559.335,570.938,582.426,592.972,602.94,612.461,622.871,633.78,642.54,652.945,664.896,674.159,681.849,688.172,691.807,694.291,696.11,695.852,695.119,694.772,693.987,692.666,689.86,685.492,680.929,677.324,674.698,673.968,676.04,680.095,684.033,689.453,699.06,713.743,732.458,755.128,779.314,801.688,823.532,844.608,864.868,885.623,907.633,930.329,953.779,977.608,1000.468,,,,
CHE.1.0.0.0.NPON,CHE,1.0,0.0,0.0,0.0,NPON,Switzerland,01 Population,Population: 65 years and over ,1000 persons,544.84,558.742,572.974,585.396,599.942,615.949,632.339,650.731,668.105,684.388,701.731,719.518,737.994,757.805,777.814,797.064,814.362,831.318,848.021,863.301,874.911,882.115,888.082,892.988,899.079,910.379,925.437,939.906,953.325,966.159,978.673,990.88,1002.124,1013.19,1025.309,1037.962,1049.686,1061.007,1073.352,1087.03,1101.724,1119.802,1136.812,1149.61,1165.541,1183.404,1204.563,1230.911,1260.803,1292.568,1319.192,1347.423,1381.885,1415.683,1449.156,1480.309,1509.056,1536.712,1563.833,1591.551,1617.735,1645.495,1676.471,,,,
AUS.1.0.0.0.NPON,AUS,1.0,0.0,0.0,0.0,NPON,Australia,01 Population,Population: 65 years and over ,1000 persons,889.769,909.804,929.127,948.857,964.213,982.723,1003.028,1016.593,1031.243,1044.143,1061.487,1108.904,1137.312,1168.21,1201.232,1232.159,1274.119,1309.466,1349.362,1393.007,1437.296,1479.727,1524.24,1561.861,1600.533,1648.579,1710.699,1765.335,1818.939,1869.938,1922.048,1976.282,2027.248,2076.237,2121.552,2167.759,2214.628,2257.761,2300.065,2342.943,2391.665,2443.467,2490.795,2537.584,2588.125,2639.437,2700.337,2770.889,2847.867,2938.621,3037.293,3150.882,3272.116,3386.263,3498.226,3613.278,3729.956,3847.293,3969.146,4108.339,4249.545,4374.784,,,,,
CAN.1.0.0.0.NPON,CAN,1.0,0.0,0.0,0.0,NPON,Canada,01 Population,Population: 65 years and over ,1000 persons,1388.614,1419.633,1448.233,1477.34,1507.147,1540.123,1575.906,1611.877,1651.096,1694.124,1739.177,1784.914,1831.191,1879.709,1930.764,1989.832,2056.009,2122.445,2192.782,2267.926,2341.356,2409.21,2470.169,2531.085,2605.86,2692.498,2787.929,2884.015,2978.263,3075.975,3168.324,3251.856,3328.684,3400.316,3470.484,3542.862,3616.787,3689.202,3754.782,3818.371,3886.551,3955.617,4025.048,4098.53,4175.171,4266.45,4370.143,4481.248,4605.221,4736.67,4879.625,5055.086,5253.96,5447.655,5632.282,5821.603,6027.99,6245.282,6477.781,6722.207,6963.278,7206.378,,,,,
JPN.1.0.0.0.NPON,JPN,1.0,0.0,0.0,0.0,NPON,Japan,01 Population,Population: 65 years and over ,1000 persons,5443.627,5599.305,5741.755,5939.15,6120.265,6289.17,6533.37,6782.658,7020.753,7233.411,7460.313,7655.673,8017.904,8302.804,8603.984,9024.212,9362.022,9727.304,10094.622,10488.395,10839.432,11201.663,11547.613,11876.265,12165.235,12690.266,13095.231,13555.141,14025.226,14559.414,15189.247,15849.165,16511.647,17188.526,17864.416,18560.859,19297.778,20038.95,20748.468,21513.342,22350.325,23139.588,23858.719,24479.311,25200.426,26074.098,26949.767,27782.05,28580.757,29167.89,29483.649,30144.344,31222.351,32330.741,33297.189,34054.264,34661.007,35118.646,35450.741,35723.169,35952.0,35982.0,36050.0,36017.0,,,
KOR.1.0.0.0.NPON,KOR,1.0,0.0,0.0,0.0,NPON,Korea,01 Population,Population: 65 years and over ,1000 persons,738.258,763.086,795.438,829.434,858.872,895.404,941.695,943.006,948.101,963.96,1007.421,1071.663,1061.638,1094.763,1138.723,1237.235,1282.627,1330.64,1379.221,1427.778,1479.699,1522.53,1584.761,1640.776,1700.818,1770.161,1830.005,1906.927,1993.748,2086.354,2230.763,2306.149,2391.425,2489.743,2599.572,2725.767,2862.097,2999.182,3146.315,3309.236,3482.911,3663.935,3848.405,4035.084,4225.545,4423.301,4643.245,4874.634,5082.739,5271.498,5440.644,5640.954,5894.694,6149.893,6409.147,6649.126,6911.572,7216.073,7527.54,7920.431,8361.607,8794.88,,,,,
MEX.1.0.0.0.NPON,MEX,1.0,0.0,0.0,0.0,NPON,Mexico,01 Population,Population: 65 years and over ,1000 persons,1140.988,1188.401,1239.763,1294.544,1352.036,1411.585,1473.24,1536.703,1600.595,1663.142,2175.891,2216.082,2261.101,2308.786,2358.766,2410.529,2463.483,2516.302,2540.841,2600.008,2647.636,2689.554,2739.662,2797.086,2860.747,2930.011,3004.48,3084.534,3171.567,3267.298,3373.028,3490.115,3618.893,3758.01,3905.239,4059.164,4218.54,4382.842,4551.879,4725.189,4908.806,5109.452,5320.569,5536.332,5755.744,5978.327,6189.956,6405.924,6624.751,6846.492,7073.64,7310.457,7557.963,7814.866,8076.63,8343.595,8625.202,8926.375,9247.094,9588.008,9949.34,,,,,,
NZL.1.0.0.0.NPON,NZL,1.0,0.0,0.0,0.0,NPON,New Zealand,01 Population,Population: 65 years and over ,1000 persons,,209.413,211.873,214.158,216.958,220.95,225.14,229.033,232.615,236.518,241.793,247.955,254.478,261.073,268.683,277.75,285.758,292.615,299.853,306.203,312.035,319.07,325.61,330.948,336.39,343.095,351.505,359.568,366.708,374.755,385.233,395.445,403.71,411.835,419.62,426.72,433.17,439.2,445.035,450.695,457.015,464.025,471.58,480.15,490.51,503.99,518.435,530.175,541.685,555.885,571.765,591.53,614.475,637.25,659.395,681.095,702.9,724.42,747.42,775.855,804.655,828.815,,,,,
USA.1.0.0.0.NPON,USA,1.0,0.0,0.0,0.0,NPON,United States,01 Population,Population: 65 years and over ,1000 persons,,17035.723,17375.219,17705.666,18037.909,18347.81,18653.564,18954.369,19254.713,19620.427,20054.876,20505.153,20980.275,21493.954,22071.592,22671.548,23261.115,23864.686,24477.109,25071.536,25607.599,26140.196,26702.308,27239.837,27760.343,28317.629,28914.315,29464.658,29985.206,30539.327,31096.503,31643.249,32180.857,32661.569,33089.359,33489.906,33801.693,34036.479,34231.898,34454.011,34696.855,34920.066,35202.75,35538.629,35926.365,36400.163,36980.046,37775.725,38662.116,39500.754,40352.75,41661.509,43279.702,44773.304,46264.312,47767.126,49296.714,50848.177,52465.211,53684.198,54765.341,56229.126,57794.852,59633.839,,,
BEL.1.0.99.0.UBGS,BEL,1.0,0.0,99.0,0.0,UBGS,Belgium,"01 Balances with the rest of the world, national accounts",Net exports of goods and services at current prices (National accounts) ,Mrd ECU/EUR,0.00775,-0.00034,0.098,-0.03257,0.07904,0.103,0.03796,0.24208,0.25909,0.36032,0.72735,0.78915,1.25022,1.08642,0.87735,0.60046,0.93525,0.22259,-0.18106,-0.90033,-1.86459,-1.00297,-0.62291,1.45362,1.7444,2.24742,3.7982,3.67677,4.69534,4.85232,4.7701,3.75328,5.23994,6.82006,8.44747,8.48006,6.97731,8.66309,8.40797,9.586,7.3443,9.6405,15.2407,15.0652,14.5268,12.515,13.1442,14.2092,2.3665,7.1416,5.4269,-0.8438,-1.107,0.9834,0.8967,2.8539,0.7651,-0.0677,-6.0266,2.2504,6.6948,9.4571,-8.2316,-3.5757,4.25748,4.67041,5.83234
BGR.1.0.99.0.UBGS,BGR,1.0,0.0,99.0,0.0,UBGS,Bulgaria,"01 Balances with the rest of the world, national accounts",Net exports of goods and services at current prices (National accounts) ,Mrd ECU/EUR,,,,,,,,,,,,,,,,,,,,,,,,,,,,,,,,0.449287,0.329536,0.382428,0.792264,1.367196,1.085415,1.269977,0.918776,-0.585857,-0.766461,-1.48218,-1.393887,-1.913657,-2.352084,-3.523072,-4.684824,-6.110664,-7.350046,-3.088803,-1.219322,0.065666,-1.385454,-0.234983,-0.493389,0.382958,2.396825,2.282053,1.495736,2.044386,1.562716,1.773019,0.958989,3.885399,1.94508,1.690002,0.660262
CZE.1.0.99.0.UBGS,CZE,1.0,0.0,99.0,0.0,UBGS,Czechia,"01 Balances with the rest of the world, national accounts",Net exports of goods and services at current prices (National accounts) ,Mrd ECU/EUR,,,,,,,,,,,,,,,,,,,,,,,,,,,,,,,0.58955,1.69856,0.41716,0.44283,-0.54043,-1.41045,-2.56475,-2.27153,-0.18714,-0.29232,-1.24971,-0.98372,-1.15873,-1.34536,0.60512,2.56883,3.39172,3.36741,3.50184,5.82434,4.82779,6.24622,7.74486,9.08039,9.99576,10.24305,13.73974,14.98774,12.97653,13.9823,14.85223,9.15704,2.31707,15.85196,20.47854,18.13401,18.46503
DNK.1.0.99.0.UBGS,DNK,1.0,0.0,99.0,0.0,UBGS,Denmark,"01 Balances with the rest of the world, national accounts",Net exports of goods and services at current prices (National accounts) ,Mrd ECU/EUR,-0.06846,-0.11019,-0.23273,0.00118,-0.17355,-0.15428,-0.1754,-0.25356,-0.18173,-0.31304,-0.47317,-0.37027,-0.08465,-0.47469,-0.96041,-0.31338,-1.80592,-1.55514,-1.05109,-1.22333,-0.23059,0.78265,0.56074,1.50694,1.25997,0.64169,-0.17874,1.95037,3.40048,3.87427,6.05048,7.00229,8.16349,9.20385,7.79966,6.66088,8.37306,6.67323,4.86142,10.01776,11.94602,13.14167,13.00469,13.13859,11.4351,11.41895,8.89913,6.42755,8.4261,10.69125,16.53823,15.26909,14.74796,16.16614,17.14925,17.68788,17.03507,19.06302,15.51074,18.54292,17.60457,21.53161,36.52519,30.68161,35.02962,35.04423,35.4893
DEU.1.0.99.0.UBGS,DEU,1.0,0.0,99.0,0.0,UBGS,Germany,"01 Balances with the rest of the world, national accounts",Net exports of goods and services at current prices (National accounts) ,Mrd ECU/EUR,,,,,,,,,,,,,,,,,,,,,,,,,,,,,,,,-7.6411,-8.3584,0.1535,2.1606,7.078,13.0519,20.0265,23.3979,11.228,3.529,34.284,90.009,81.143,113.825,115.197,125.669,162.442,149.779,118.96,133.521,133.342,169.063,165.526,195.154,228.879,232.135,236.02,205.426,199.327,184.386,189.652,98.724,167.656,204.8928,199.7376,198.0918
D_W.1.0.99.0.UBGS,D_W,1.0,0.0,99.0,0.0,UBGS,West Germany,"01 Balances with the rest of the world, national accounts",Net exports of goods and services at current prices (National accounts) ,Mrd ECU/EUR,1.90684,1.89453,1.21494,1.53371,1.69183,0.45469,2.16324,4.56337,5.08762,4.55232,4.03045,3.61051,4.27603,7.92134,13.51575,8.37645,8.23885,9.67458,11.66881,2.05633,-3.92838,3.53215,15.60719,12.82622,18.55238,29.71099,47.2004,48.81243,52.21455,55.83632,69.12774,73.09232,,,,,,,,,,,,,,,,,,,,,,,,,,,,,,,,,,,
EST.1.0.99.0.UBGS,EST,1.0,0.0,99.0,0.0,UBGS,Estonia,"01 Balances with the rest of the world, national accounts",Net exports of goods and services at current prices (National accounts) ,Mrd ECU/EUR,,,,,,,,,,,,,,,,,,,,,,,,,,,,,,,,,,-0.063107,-0.215718,-0.217672,-0.392789,-0.468412,-0.484944,-0.23706,-0.20002,-0.2762,-0.57938,-0.73911,-0.76455,-0.57497,-1.37178,-1.44175,-0.64886,0.70151,0.94644,0.96989,0.29664,0.44202,0.6569,0.74837,0.71171,0.96668,0.61225,1.04953,-0.30187,-0.40965,-0.45055,0.32695,0.442572,0.66647,0.800836
IRL.1.0.99.0.UBGS,IRL,1.0,0.0,99.0,0.0,UBGS,Ireland,"01 Balances with the rest of the world, national accounts",Net exports of goods and services at current prices (National accounts) ,Mrd ECU/EUR,-0.0726,-0.0698,-0.1066,-0.1271,-0.1546,-0.2072,-0.1412,-0.0675,-0.1649,-0.274,-0.2707,-0.277,-0.228,-0.3178,-0.7684,-0.3814,-0.5463,-0.7374,-0.9658,-1.8712,-1.7997,-2.2356,-1.3399,-0.5268,0.0444,0.5807,0.5593,1.297,1.8681,1.8761,1.7001,1.9018,3.1395,4.4964,4.5385,5.7836,6.5349,8.7597,8.7621,12.1084,14.9988,19.0557,23.3639,22.0544,22.4446,18.529,14.8812,16.3109,16.1571,22.9205,27.7206,32.0565,30.5339,36.1252,38.139,80.7921,51.457,73.0471,98.8107,17.4466,79.5652,187.2842,214.8305,167.7769,199.0496,193.5988,207.5805
GRC.1.0.99.0.UBGS,GRC,1.0,0.0,99.0,0.0,UBGS,Greece,"01 Balances with the rest of the world, national accounts",Net exports of goods and services at current prices (National accounts) ,Mrd ECU/EUR,-0.17206,-0.19353,-0.28353,-0.30583,-0.53727,-0.62597,-0.453,-0.50332,-0.69824,-0.84781,-0.87854,-0.8755,-0.96145,-1.33376,-1.32091,-1.40651,-1.5887,-1.80338,-1.71823,-1.71876,-1.99191,-1.71431,-3.61977,-4.07375,-3.88076,-4.46335,-3.61246,-2.86061,-3.91912,-5.68916,-7.2891,-7.72507,-7.11859,-7.29348,-6.24921,-7.62283,-9.19895,-8.20342,-11.87419,-12.57609,-15.28526,-15.53725,-14.75747,-17.66609,-16.25849,-16.30345,-20.47584,-25.2883,-27.5398,-20.89735,-16.69069,-11.55289,-8.29604,-4.0972,-2.47129,-1.57659,-2.2659,-2.34843,-3.56935,-2.72127,-12.38607,-13.82803,-20.03598,-10.67382,-10.43493,-11.11291,-11.63919
ESP.1.0.99.0.UBGS,ESP,1.0,0.0,99.0,0.0,UBGS,Spain,"01 Balances with the rest of the world, national accounts",Net exports of goods and services at current prices (National accounts) ,Mrd ECU/EUR,,,,,-0.57373,-1.22675,-1.35999,-0.84081,-0.79508,-0.84056,-0.56593,0.06909,-0.2379,-0.88974,-4.06896,-3.85803,-5.05901,-2.8724,0.18691,-0.49291,-4.7518,-4.89704,-4.90748,-2.87067,2.5893,2.37141,2.95463,-2.07027,-6.34935,-15.3682,-17.33744,-18.22765,-17.66525,-7.24626,-4.65553,-5.16001,-0.76699,1.0672,-2.38058,-11.413,-19.063,-15.843,-14.797,-17.696,-31.848,-44.717,-57.454,-62.29,-52.646,-9.291,-11.178,2.832,21.19,39.407,31.578,32.78,44.53,42.511,33.219,37.422,17.118,12.226,12.125,58.836,73.21247,79.58663,81.06242
FRA.1.0.99.0.UBGS,FRA,1.0,0.0,99.0,0.0,UBGS,France,"01 Balances with the rest of the world, national accounts",Net exports of goods and services at current prices (National accounts) ,Mrd ECU/EUR,1.63441,1.56092,1.05875,0.76528,0.39709,1.40429,0.91711,0.73723,0.54751,-0.20132,1.20903,2.00979,1.92838,2.01618,-1.88211,3.78912,-2.13797,0.56251,5.6934,3.51494,-6.22308,-6.82019,-14.02391,-0.71227,2.74958,-0.37842,2.05293,-6.10536,-3.25301,-3.85008,-6.03064,-1.27489,9.96235,21.39963,20.45114,23.76563,26.87726,44.22884,41.25863,38.273,25.4926,30.1114,36.7574,27.1746,22.4979,8.8856,-0.2507,-8.4393,-15.5553,-8.4638,-18.6549,-31.5083,-19.7886,-13.4995,-15.413,-2.591,-7.7296,-17.6959,-22.7598,-15.8063,-39.9774,-30.4078,-73.8956,-56.4348,-17.96226,-12.15051,-10.29362
HRV.1.0.99.0.UBGS,HRV,1.0,0.0,99.0,0.0,UBGS,Croatia,"01 Balances with the rest of the world, national accounts",Net exports of goods and services at current prices (National accounts) ,Mrd ECU/EUR,,,,,,,,,,,,,,,,,,,,,,,,,,,,,,,,,,,,-1.418729,-1.218216,-2.714218,-1.542034,-1.327992,-1.044893,-1.341643,-2.697166,-3.210396,-2.880366,-3.199853,-3.42285,-3.700752,-4.91835,-2.522158,-0.754106,-0.768881,-0.717862,-0.887066,-0.169255,0.095546,0.524444,0.303896,-0.450486,-0.225051,-3.540016,-1.605282,-4.205403,-1.430253,-1.843504,-1.927034,-1.927184
ITA.1.0.99.0.UBGS,ITA,1.0,0.0,99.0,0.0,UBGS,Italy,"01 Balances with the rest of the world, national accounts",Net exports of goods and services at current prices (National accounts) ,Mrd ECU/EUR,-0.0394,0.07033,-0.1023,-0.97483,0.15934,1.40449,1.21566,0.8265,1.65728,1.22497,0.29984,0.95415,1.08683,-2.55904,-6.0374,0.1679,-2.12728,2.21161,5.22519,3.15578,-8.67003,-7.33211,-5.28999,2.58886,-2.08737,-2.11417,8.26324,3.0421,0.51171,0.06753,1.9039,2.00101,0.56513,27.74142,30.46759,32.88161,46.83615,40.68475,34.41242,20.9258,10.5512,16.4741,10.2216,6.3534,8.5589,-1.4761,-12.7506,-5.4803,-11.9783,-9.3012,-29.5245,-22.3121,17.7313,37.6246,45.6453,47.4455,53.9646,47.045,41.813,57.8304,58.6546,37.61,-36.3296,25.948,59.34938,59.85584,61.63371
CYP.1.0.99.0.UBGS,CYP,1.0,0.0,99.0,0.0,UBGS,Cyprus,"01 Balances with the rest of the world, national accounts",Net exports of goods and services at current prices (National accounts) ,Mrd ECU/EUR,,,,,,,,,,,,,,,,,,,,,,,,,,,,,,,,,,,,-0.065629,-0.034212,-0.117108,0.227456,0.26012,0.262635,0.530099,0.141278,0.195586,-0.017291,-0.080126,-0.477323,-0.83683,-2.4261,-0.9985,-1.60217,-0.73652,-0.34847,0.30073,0.18515,0.49493,0.37001,-0.06915,0.30503,0.23671,-0.30746,1.20385,0.94704,0.39198,0.71554,1.082369,1.518116
LVA.1.0.99.0.UBGS,LVA,1.0,0.0,99.0,0.0,UBGS,Latvia,"01 Balances with the rest of the world, national accounts",Net exports of goods and services at current prices (National accounts) ,Mrd ECU/EUR,,,,,,,,,,,,,,,,,,,,,,,,,,,,,,,,,-0.014808,0.183386,-0.033163,-0.196194,-0.423709,-0.519833,-0.773453,-0.691147,-0.687649,-0.971912,-1.029722,-1.314469,-1.794996,-1.971729,-3.583992,-4.342038,-3.106164,-0.375483,-0.374537,-1.16636,-1.180264,-0.995474,-0.66048,-0.28229,0.12895,-0.11295,-0.13922,-0.06444,0.41945,-1.02471,-1.76467,-1.46103,-1.242602,-1.185398,-1.315465
LTU.1.0.99.0.UBGS,LTU,1.0,0.0,99.0,0.0,UBGS,Lithuania,"01 Balances with the rest of the world, national accounts",Net exports of goods and services at current prices (National accounts) ,Mrd ECU/EUR,,,,,,,,,,,,,,,,,,,,,,,,,,,,,,,,,,-0.280386,-0.288052,-0.55009,-0.61901,-0.904359,-1.148262,-1.033093,-0.772324,-0.74768,-0.861166,-0.964544,-1.286527,-1.51564,-2.46799,-3.8019,-3.79067,-0.47343,-0.56143,-0.84093,0.20383,0.5082,0.70283,-0.36947,0.28277,0.9699,0.8532,2.59119,4.56041,2.52403,-1.41111,2.88073,4.106697,4.182275,4.299087
LUX.1.0.99.0.UBGS,LUX,1.0,0.0,99.0,0.0,UBGS,Luxembourg,"01 Balances with the rest of the world, national accounts",Net exports of goods and services at current prices (National accounts) ,Mrd ECU/EUR,0.06932,0.03732,0.00807,0.00608,0.00167,0.00886,0.01822,0.05597,0.08277,0.13937,0.16176,0.06334,0.10134,0.25136,0.50733,0.16358,0.28106,0.26692,0.22824,0.32739,0.20979,0.13497,0.1263,0.28043,0.36832,0.57551,0.65651,0.42493,0.56812,1.00114,1.03481,1.10159,1.70572,2.22246,2.76935,3.09568,3.34596,3.51427,3.38943,4.09936,5.25863,5.16669,5.511,5.43381,6.26984,7.13762,10.11618,11.92059,12.31336,12.62022,13.46194,13.41396,14.25413,15.8247,16.64383,17.61732,18.97576,18.44009,19.58673,19.02596,21.91833,24.09918,26.393,24.45952,26.66175,28.05115,29.7244
HUN.1.0.99.0.UBGS,HUN,1.0,0.0,99.0,0.0,UBGS,Hungary,"01 Balances with the rest of the world, national accounts",Net exports of goods and services at current prices (National accounts) ,Mrd ECU/EUR,,,,,,,,,,,,,,,,,,,,,,,,,,,,,,,,,-0.00109,-2.34237,-1.96311,0.01589,0.19196,0.41745,-0.6737,-1.25617,-1.8974,-0.78952,-1.53238,-3.08895,-3.76047,-2.69515,-1.48967,0.04391,-0.04909,3.21022,4.64763,5.7438,5.99833,6.45102,6.05691,8.55336,9.62017,8.21779,5.58981,3.25086,2.6001,0.17301,-8.12825,9.77731,13.06226,11.39793,11.46575
MLT.1.0.99.0.UBGS,MLT,1.0,0.0,99.0,0.0,UBGS,Malta,"01 Balances with the rest of the world, national accounts",Net exports of goods and services at current prices (National accounts) ,Mrd ECU/EUR,,,,,,,,,,,,,,,,,,,,,,,,,,,,,,,-0.145982,-0.113454,-0.03145,-0.065964,-0.082267,-0.18224,-0.297191,-0.203721,-0.230114,-0.177981,-0.396675,-0.200418,0.118659,-0.175639,-0.279948,-0.467237,-0.21928,-0.18054,-0.17491,-0.09375,0.06967,0.20079,0.17834,0.64279,1.12379,1.04965,1.40943,2.53289,2.54423,2.33063,2.22069,2.75837,2.45789,3.73305,3.895915,4.272167,4.591786
NLD.1.0.99.0.UBGS,NLD,1.0,0.0,99.0,0.0,UBGS,Netherlands,"01 Balances with the rest of the world, national accounts",Net exports of goods and services at current prices (National accounts) ,Mrd ECU/EUR,0.5347,0.3598,0.4039,0.2766,0.0718,0.3354,0.1691,0.2901,0.5455,0.5912,0.1799,0.9005,2.2677,3.0906,3.9226,4.1421,4.7935,3.1234,2.3269,2.3264,2.309,8.1992,9.58,8.5567,12.5671,11.3093,10.2982,8.1595,9.2275,11.1198,13.7903,15.6844,15.7579,21.6482,23.7006,25.8745,24.6507,26.6651,27.2299,26.318,32.643,35.108,37.515,36.94,43.768,49.316,53.433,47.467,59.003,51.006,54.612,56.373,64.23,67.159,74.979,53.542,78.164,80.44,83.087,82.688,83.686,86.883,87.255,119.237,138.5152,145.8638,149.8791
AUT.1.0.99.0.UBGS,AUT,1.0,0.0,99.0,0.0,UBGS,Austria,"01 Balances with the rest of the world, national accounts",Net exports of goods and services at current prices (National accounts) ,Mrd ECU/EUR,-0.0757,-0.02134,0.04392,0.01564,-0.06109,-0.11744,-0.21032,-0.15976,-0.12151,0.03439,-0.01173,-0.05925,-0.09485,-0.15456,-0.35381,-0.12968,-0.91062,-1.95742,-0.68928,-0.82478,-2.01182,-1.51401,-0.43558,-1.20046,-0.88475,-0.17231,0.01939,-0.01457,-0.45275,-0.58868,-0.1007,-1.19869,-1.98987,-0.56259,-2.87841,-2.19438,-2.96367,-1.52447,-0.43897,0.92535,2.84535,3.7455,8.3679,6.38421,7.13008,8.14487,9.62835,12.46234,12.99614,9.65697,10.35964,8.65658,8.89677,8.97495,10.61504,12.56967,13.34923,11.37143,11.59862,14.18343,12.84701,3.55229,-2.05235,10.00976,14.67521,15.30843,16.64987
POL.1.0.99.0.UBGS,POL,1.0,0.0,99.0,0.0,UBGS,Poland,"01 Balances with the rest of the world, national accounts",Net exports of goods and services at current prices (National accounts) ,Mrd ECU/EUR,,,,,,,,,,,,,,,,,,,,,,,,,,,,,,,2.08024,-0.75011,0.61616,0.76292,1.83466,2.35137,-1.78446,-5.45587,-7.50548,-9.45852,-12.12274,-8.04954,-7.49827,-5.28619,-5.91638,-3.11233,-6.57032,-11.95549,-19.24234,-3.05318,-8.81099,-8.68124,-3.03962,4.35856,1.66481,8.9431,12.60288,13.22383,10.19338,19.62412,29.82818,18.66704,11.14312,43.14145,38.93236,38.4328,38.8292
PRT.1.0.99.0.UBGS,PRT,1.0,0.0,99.0,0.0,UBGS,Portugal,"01 Balances with the rest of the world, national accounts",Net exports of goods and services at current prices (National accounts) ,Mrd ECU/EUR,-0.08576,-0.32543,-0.10135,-0.16131,-0.16127,-0.21023,-0.26864,-0.27616,-0.40811,-0.23711,-0.44493,-0.50626,-0.45302,-0.72292,-1.60898,-1.28637,-1.59084,-1.8793,-1.5609,-1.45464,-2.68235,-4.40906,-4.75025,-2.86521,-2.18551,-1.41071,-0.76276,-2.36842,-4.30373,-3.79775,-4.33785,-5.92904,-6.97255,-5.87874,-6.48615,-5.80225,-6.87296,-8.26106,-10.14709,-12.3794,-14.18178,-13.87255,-11.63462,-9.35501,-11.9827,-13.91486,-13.02193,-13.2626,-17.11074,-12.11286,-13.73066,-7.37812,-0.83274,1.87298,0.25894,1.32869,2.21389,2.10674,1.26989,1.14808,-4.01383,-6.01136,-5.85688,2.46577,4.5848,3.81884,3.00024
ROM.1.0.99.0.UBGS,ROM,1.0,0.0,99.0,0.0,UBGS,Romania,"01 Balances with the rest of the world, national accounts",Net exports of goods and services at current prices (National accounts) ,Mrd ECU/EUR,,,,,,,,,,,,,,,,,,,,,,,,,,,,,,,-1.52423,-0.41302,-0.66444,-1.0002,-0.45194,-1.43849,-2.28393,-2.14116,-2.89388,-1.56829,-2.16923,-3.48358,-2.76799,-3.96303,-5.51994,-8.15223,-11.80298,-17.97506,-18.85737,-8.04571,-8.56029,-8.03208,-7.21278,-1.29627,-0.63481,-1.31787,-1.77522,-4.63672,-7.21397,-9.46055,-9.71557,-13.69414,-19.43964,-15.52314,-20.72458,-20.56414,-20.04619
SVN.1.0.99.0.UBGS,SVN,1.0,0.0,99.0,0.0,UBGS,Slovenia,"01 Balances with the rest of the world, national accounts",Net exports of goods and services at current prices (National accounts) ,Mrd ECU/EUR,,,,,,,,,,,,,,,,,,,,,,,,,,,,,,,,0.544559,0.459038,-0.00584,0.189031,-0.366237,-0.211421,-0.208423,-0.334713,-0.919063,-0.804125,-0.241982,0.24749,-0.083313,-0.400694,-0.186406,-0.015093,-0.46613,-0.79835,0.51715,0.38757,0.45372,1.23405,1.71164,2.5468,3.12185,3.45503,3.86264,3.87511,4.17509,4.20395,3.05475,0.99346,4.09522,3.342316,3.451171,3.397971
SVK.1.0.99.0.UBGS,SVK,1.0,0.0,99.0,0.0,UBGS,Slovakia,"01 Balances with the rest of the world, national accounts",Net exports of goods and services at current prices (National accounts) ,Mrd ECU/EUR,,,,,,,,,,,,,,,,,,,,,,,,,,,,,,,,,,-0.840393,0.316918,-0.092762,-2.242579,-1.990726,-2.231052,-0.923178,-0.520908,-1.768751,-1.68385,-0.13373,-0.530935,-1.351873,-1.108563,0.098321,-1.357992,-0.33453,-0.65038,0.06305,3.57488,3.62383,3.1572,1.57673,1.52305,1.07062,1.01172,-0.03256,1.00217,-0.46448,-6.54638,1.94522,1.225846,0.619347,1.706398
FIN.1.0.99.0.UBGS,FIN,1.0,0.0,99.0,0.0,UBGS,Finland,"01 Balances with the rest of the world, national accounts",Net exports of goods and services at current prices (National accounts) ,Mrd ECU/EUR,-0.03898,-0.06151,-0.07918,-0.01003,-0.14362,-0.14547,-0.14922,-0.09499,0.10287,0.06078,-0.16467,-0.25363,-0.03698,-0.17401,-0.75411,-1.4471,-0.62061,0.38573,0.8819,0.33963,-0.5035,0.46147,0.09347,-0.00601,1.59591,0.49398,0.98145,0.41202,-0.31992,-1.97645,-1.72556,-0.98063,0.73515,3.49839,4.9183,7.6533,7.20343,8.21594,9.47141,11.383,12.508,13.38,13.32,9.994,9.955,6.534,7.201,8.969,7.024,3.705,2.568,-1.544,-3.127,-2.004,-2.091,-0.838,-2.277,0.885,-1.96,1.604,0.577,0.135,-5.164,0.812,0.40266,-0.16017,-0.53641
SWE.1.0.99.0.UBGS,SWE,1.0,0.0,99.0,0.0,UBGS,Sweden,"01 Balances with the rest of the world, national accounts",Net exports of goods and services at current prices (National accounts) ,Mrd ECU/EUR,,,,,,,,,,,,,,,,,,,,,-1.06002,0.36444,-0.01007,2.74318,5.16039,2.78848,4.89481,3.148,3.13759,1.17406,0.73579,3.02521,3.00742,5.39187,7.07481,12.24335,13.21147,15.31099,14.31079,14.16607,14.31158,14.1511,14.88254,15.81866,20.75381,20.47943,23.12709,21.12613,18.40963,15.52285,17.35854,18.20197,18.69058,16.84972,13.47581,14.74844,11.88966,8.88139,7.71846,18.82996,20.06094,23.27532,10.51699,21.50442,24.96843,26.0467,27.91637
GBR.1.0.99.0.UBGS,GBR,1.0,0.0,99.0,0.0,UBGS,United Kingdom,"01 Balances with the rest of the world, national accounts",Net exports of goods and services at current prices (National accounts) ,Mrd ECU/EUR,-0.96686,-0.23968,-0.13984,-0.32001,-1.55122,-0.88805,-0.21158,-1.19468,-0.93964,0.32887,0.9565,1.85572,-0.10947,-3.40653,-7.89932,-2.87053,-1.80653,2.0609,3.88706,1.74417,9.3495,14.16751,10.53438,5.99362,0.5437,8.00474,-2.67321,-4.42199,-22.22165,-26.74004,-15.0403,-3.00711,-5.81965,-2.50669,0.79854,3.89257,3.12829,7.77549,-7.04429,-16.16582,-21.71039,-31.83442,-44.69402,-38.66945,-44.96369,-43.72793,-40.81379,-43.81615,-33.75552,-21.57834,-29.23842,-15.13796,-20.89853,-29.79081,-44.87792,-39.91263,-46.07295,-31.85333,-33.63152,-35.51725,13.20327,-5.95573,-51.74082,-17.30999,-33.74824,-35.97635,-39.15533
MKD.1.0.99.0.UBGS,MKD,1.0,0.0,99.0,0.0,UBGS,North Macedonia,"01 Balances with the rest of the world, national accounts",Net exports of goods and services at current prices (National accounts) ,Mrd ECU/EUR,,,,,,,,,,,,,,,,,,,,,,,,,,,,,,,,,,,,-0.477797,-0.464446,-0.570394,-0.605677,-0.412407,-0.58416,-0.542004,-0.802795,-0.691073,-0.890911,-0.816473,-0.928553,-1.088451,-1.701217,-1.459254,-1.300923,-1.429111,-1.62816,-1.472163,-1.473733,-1.471761,-1.434756,-1.389857,-1.339225,-1.549692,-1.378001,-1.873871,-2.724985,-1.900728,-2.034588,-2.275175,-2.521243
SRB.1.0.99.0.UBGS,SRB,1.0,0.0,99.0,0.0,UBGS,Serbia,"01 Balances with the rest of the world, national accounts",Net exports of goods and services at current prices (National accounts) ,Mrd ECU/EUR,,,,,,,,,,,,,,,,,,,,,,,,,,,,,,,,,,,,,,-1.700529,-0.83905,-0.83226,-0.367636,-2.197152,-3.031115,-2.957108,-5.028822,-3.822538,-4.677594,-6.634101,-7.781308,-4.327577,-3.853059,-4.534838,-4.643829,-2.992782,-2.864388,-2.515102,-1.825815,-2.642427,-3.676684,-4.645322,-3.977964,-4.285172,-6.628806,-3.266556,-4.281733,-4.85086,-5.564768
ISL.1.0.99.0.UBGS,ISL,1.0,0.0,99.0,0.0,UBGS,Iceland,"01 Balances with the rest of the world, national accounts",Net exports of goods and services at current prices (National accounts) ,Mrd ECU/EUR,,,,,,,,,,,,,,,,,,,,,-0.003716,-0.05018,-0.156203,0.06401,-0.003504,0.005416,0.149778,-0.055207,-0.051113,0.109493,0.06041,-0.073116,-0.008731,0.165459,0.271416,0.189688,0.029705,0.03088,-0.329108,-0.380167,-0.672483,-0.078288,0.158422,-0.29899,-0.624965,-1.592142,-2.336003,-1.422926,-0.230684,0.757763,1.022356,0.840011,0.662002,0.934961,0.858592,1.182209,1.247669,0.983126,0.768693,1.006,-0.256894,-0.377511,-0.038143,0.142756,-0.075095,0.053822,0.14678
NOR.1.0.99.0.UBGS,NOR,1.0,0.0,99.0,0.0,UBGS,Norway,"01 Balances with the rest of the world, national accounts",Net exports of goods and services at current prices (National accounts) ,Mrd ECU/EUR,-0.0305,-0.0954,-0.0784,-0.0697,0.0372,-0.0106,-0.0508,-0.0813,0.233,0.2432,-0.0782,-0.3534,0.1172,-0.0703,-0.6163,-1.5357,-2.688,-3.3099,0.0535,0.8163,2.6756,3.9919,3.1196,5.257,6.7395,6.0592,-2.8928,-1.9767,-0.7296,3.0042,5.7253,7.4796,6.5529,6.317,6.2716,6.9026,11.1472,11.2707,2.5931,11.0737,31.4609,32.7262,27.9572,26.429,28.9449,40.9288,48.1479,41.1387,56.2801,33.9799,39.2583,49.4816,56.1716,46.5124,39.0491,23.4984,9.2553,15.519,23.9949,8.7121,-3.0129,63.1892,160.0455,66.1003,70.9962,72.2111,74.2153
CHE.1.0.99.0.UBGS,CHE,1.0,0.0,99.0,0.0,UBGS,Switzerland,"01 Balances with the rest of the world, national accounts",Net exports of goods and services at current prices (National accounts) ,Mrd ECU/EUR,0.1792,-0.1449,-0.2495,-0.2294,-0.2578,0.1629,0.3751,0.4876,0.818,0.8263,0.0868,0.0707,0.3199,0.3161,-0.1058,2.6907,3.4518,3.3032,3.6645,0.8571,-1.9777,0.5187,0.656,-1.3035,3.9031,3.739,1.3326,2.2394,2.2996,2.2748,0.4349,3.0661,5.5907,9.2,10.103,10.2226,8.8559,11.76,10.2358,10.4713,14.9484,13.9776,17.5393,16.3666,23.0434,18.3245,24.5488,35.0491,36.6952,24.9334,43.4816,37.8758,48.6009,55.5288,57.3274,65.8051,62.6114,55.8841,64.6755,63.1731,41.68,84.2425,108.5384,93.8288,99.7412,101.0811,105.664
AUS.1.0.99.0.UBGS,AUS,1.0,0.0,99.0,0.0,UBGS,Australia,"01 Balances with the rest of the world, national accounts",Net exports of goods and services at current prices (National accounts) ,Mrd ECU/EUR,,,,,,,,,,,,0.40982,1.65703,-0.04501,-0.38568,0.12236,-0.66237,-0.98437,-1.11667,0.57745,-2.42601,-6.12631,-3.98449,-3.08706,-5.36704,-7.31906,-3.09202,-1.29907,-4.45121,-5.58806,-0.33738,0.72342,-0.8042,-1.39267,-5.98988,-1.35676,0.94,-3.38387,-8.49275,-8.64167,0.38264,0.01848,-9.64639,-13.34798,-14.84659,-11.34585,-10.72167,-18.39267,2.03603,-6.76878,10.17256,-1.85035,-16.13349,-3.23221,-16.31521,-25.4869,6.08621,4.50797,30.548,46.71356,53.66125,84.71173,90.57521,81.59081,77.24294,77.54423,73.59467
CAN.1.0.99.0.UBGS,CAN,1.0,0.0,99.0,0.0,UBGS,Canada,"01 Balances with the rest of the world, national accounts",Net exports of goods and services at current prices (National accounts) ,Mrd ECU/EUR,,-1.00342,-0.75592,-0.07376,0.22353,-0.82051,-0.77689,0.30259,0.35678,-1.25835,2.12962,0.93461,-0.32236,0.49318,-2.3989,-7.41613,-6.26504,-4.73494,-2.89957,-2.23394,1.77894,,,,,,,,,,,-2.55457,-1.55613,0.17012,5.71121,14.52282,19.54986,11.15027,11.16837,22.954,45.62069,47.35142,35.47952,30.87412,36.87336,37.25839,28.93683,23.38458,18.76978,-14.30323,-22.86342,-14.72201,-26.8842,-21.78646,-12.32081,-34.58718,-32.59,-32.03883,-28.49222,-22.83374,-32.06682,0.14506,2.69667,-8.99437,-0.76035,-1.9424,-3.02336
JPN.1.0.99.0.UBGS,JPN,1.0,0.0,99.0,0.0,UBGS,Japan,"01 Balances with the rest of the world, national accounts",Net exports of goods and services at current prices (National accounts) ,Mrd ECU/EUR,,,,,,1.1704,1.5396,0.2251,1.5748,2.6888,2.535,6.0287,6.2465,-0.0565,-3.1346,0.0145,3.9041,9.8399,13.0744,-7.008,-7.0235,7.8551,7.7076,23.0629,43.256,61.4368,80.3626,62.6669,52.9676,38.9266,20.3335,43.066,60.9762,80.2896,78.7227,52.7005,14.6462,39.0134,63.9204,64.6595,73.4497,29.0562,56.1414,64.2294,75.1373,54.5484,47.5875,58.9156,11.8272,17.0489,58.2139,-28.9631,-80.1488,-94.5685,-95.9231,-22.1876,36.4894,33.1581,0.852,-13.233,-11.9069,-22.1489,-151.1921,-58.5419,-43.3234,-48.9366,-54.4497
KOR.1.0.99.0.UBGS,KOR,1.0,0.0,99.0,0.0,UBGS,Korea,"01 Balances with the rest of the world, national accounts",Net exports of goods and services at current prices (National accounts) ,Mrd ECU/EUR,,-0.22472,-0.30838,-0.39934,-0.23984,-0.21007,-0.359,-0.4819,-0.74307,-0.88942,-0.85302,-0.97737,-0.46898,-0.42008,-1.79977,-1.52332,-0.75361,-0.61579,-1.72377,-3.53424,-4.32063,-4.87362,-4.44828,-2.27084,0.60553,1.2392,4.17886,7.52644,10.68057,3.7204,-1.58319,-5.60226,-1.80453,1.50025,-1.97617,-4.37803,-14.85282,-4.29295,36.2895,25.29086,11.13531,8.27536,7.96072,10.07822,22.3049,16.8496,5.04204,7.78813,-1.67145,28.80675,24.24389,9.9955,27.15489,47.81479,56.43409,90.34189,90.30027,68.25958,64.84348,41.20194,53.15067,54.61815,0.11341,-81.05454,-40.08992,-52.52378,-46.98273
NZL.1.0.99.0.UBGS,NZL,1.0,0.0,99.0,0.0,UBGS,New Zealand,"01 Balances with the rest of the world, national accounts",Net exports of goods and services at current prices (National accounts) ,Mrd ECU/EUR,,,,,,,,,,,,,,,,,,,,,,,,,,,0.15505,0.7497,1.54835,0.29096,0.32695,1.30763,1.02248,1.42579,1.24069,0.904,0.86583,0.85197,0.68147,0.28096,1.75573,2.19244,2.01664,1.31183,0.23651,-1.33695,-0.34274,0.12079,-0.22918,2.03967,2.54008,1.87554,0.95355,2.31276,1.23035,1.63021,1.39744,1.79913,-0.05626,0.44887,-0.97945,-8.3105,-12.43483,-20.29985,-16.87088,-17.33877,-18.55335
USA.1.0.99.0.UBGS,USA,1.0,0.0,99.0,0.0,UBGS,United States,"01 Balances with the rest of the world, national accounts",Net exports of goods and services at current prices (National accounts) ,Mrd ECU/EUR,3.9803,4.604,3.8334,4.6167,6.4628,5.2514,3.6109,3.3386,1.3121,1.3999,3.8622,0.5927,-3.0068,3.3368,-0.6833,12.8759,-1.4588,-20.238,-19.909,-16.4506,-9.3771,-11.2132,-20.3876,-58.0104,-130.1934,-149.4166,-133.9895,-125.4028,-92.5115,-78.7311,-61.138,-23.0914,-26.7607,-55.6567,-77.7515,-68.6241,-75.9016,-89.9183,-145.1364,-243.5314,-412.5908,-420.6505,-465.0563,-461.4332,-509.7989,-594.7342,-626.3569,-536.9893,-503.7343,-300.5157,-401.5262,-416.4049,-429.3445,-360.2489,-383.0634,-472.5677,-454.6667,-480.9569,-502.2014,-515.6803,-548.2439,-727.3588,-911.66,-737.4134,-837.5124,-871.2814,-886.2926
BEL.1.0.99.0.UKCT,BEL,1.0,0.0,99.0,0.0,UKCT,Belgium,"05 Consumption of fixed capital, total economy",Consumption of fixed capital at current prices: total economy ,Mrd ECU/EUR,1.9513,2.0102,2.1206,2.3004,2.5424,2.7382,2.9481,3.1776,3.5218,3.8995,4.462,4.817,5.5261,6.1907,7.7041,8.5352,9.8091,11.7459,12.86,13.7883,14.0764,15.2557,15.1877,15.803,16.538,17.6642,18.5608,19.4238,19.9262,21.492,23.311,25.039,26.985,29.2111,31.3505,34.3267,35.2748,35.86,37.5426,40.1147,42.614,44.8005,46.4591,49.1549,51.4708,54.3627,58.1874,61.6751,65.9762,64.0748,66.6021,69.677,72.3413,74.0451,75.109,77.056,78.9119,82.5804,85.8805,89.5285,92.639,97.9364,108.0359,115.2537,119.7181,123.9729,128.3133
BGR.1.0.99.0.UKCT,BGR,1.0,0.0,99.0,0.0,UKCT,Bulgaria,"05 Consumption of fixed capital, total economy",Consumption of fixed capital at current prices: total economy ,Mrd ECU/EUR,,,,,,,,,,,,,,,,,,,,,,,,,,,,,,,,0.5613,0.50927,1.2288,0.83229,0.8744,0.63629,0.60871,1.34653,1.50869,1.83205,2.00946,2.30606,2.68518,2.92433,3.41978,3.84307,4.41265,4.57988,5.28111,5.83214,5.91979,5.8419,5.73786,6.31889,6.52101,6.88235,7.2975,7.73736,8.21115,8.56582,9.43809,11.31743,12.63477,13.05958,13.65813,14.26667
CZE.1.0.99.0.UKCT,CZE,1.0,0.0,99.0,0.0,UKCT,Czechia,"05 Consumption of fixed capital, total economy",Consumption of fixed capital at current prices: total economy ,Mrd ECU/EUR,,,,,,,,,,,,,,,,,,,,,,,,,,,,,,,,,,8.20696,9.3532,10.32107,11.62718,12.68739,13.85639,14.39217,15.96807,17.64804,20.00627,20.29133,21.31285,23.52723,25.95964,28.66148,33.92741,32.85633,34.81306,36.209,35.77743,35.17767,34.34634,35.99587,37.65555,40.35029,43.54384,46.7864,48.8965,55.10171,64.18193,69.78059,69.20865,71.59058,74.28809
DNK.1.0.99.0.UKCT,DNK,1.0,0.0,99.0,0.0,UKCT,Denmark,"05 Consumption of fixed capital, total economy",Consumption of fixed capital at current prices: total economy ,Mrd ECU/EUR,0.75794,0.84755,0.94272,1.05777,1.16695,1.32404,1.47673,1.62389,1.72303,1.89907,2.13885,2.38254,2.71148,3.15952,3.89653,4.52822,5.27672,5.84975,6.29051,6.80528,7.23398,8.17173,8.86835,9.82121,10.66203,11.65341,12.43754,13.47759,14.49371,15.58448,17.10757,18.22638,19.26024,20.6141,21.76122,23.30487,24.02281,25.22045,26.16431,27.68361,28.85059,30.70048,32.29008,33.64464,34.9653,35.96371,37.45427,39.92473,43.89234,42.08849,43.06274,43.5181,44.6498,44.70131,44.79583,45.33098,46.85791,48.19746,49.92079,52.70662,54.34363,56.99333,62.73782,69.07468,71.92907,74.56745,77.28268
DEU.1.0.99.0.UKCT,DEU,1.0,0.0,99.0,0.0,UKCT,Germany,"05 Consumption of fixed capital, total economy",Consumption of fixed capital at current prices: total economy ,Mrd ECU/EUR,,,,,,,,,,,,,,,,,,,,,,,,,,,,,,,,234.5134,259.0148,288.4995,302.6057,324.5002,326.3315,325.3079,332.3937,345.41,360.13,371.586,379.073,382.615,389.869,396.863,407.349,428.08,445.888,456.604,466.434,482.576,499.827,514.68,530.276,546.896,563.28,586.638,616.307,646.001,668.166,710.786,797.043,857.986,884.6833,904.3323,919.0595
D_W.1.0.99.0.UKCT,D_W,1.0,0.0,99.0,0.0,UKCT,West Germany,"05 Consumption of fixed capital, total economy",Consumption of fixed capital at current prices: total economy ,Mrd ECU/EUR,6.2054,7.3345,8.5018,9.5253,10.6061,11.7903,13.0044,13.8176,15.186,16.8394,21.1821,24.839,27.9856,33.8403,40.4776,44.5183,51.5171,58.365,65.33,72.8986,80.6829,88.0859,99.4794,109.3545,117.1168,122.7884,133.6242,142.368,148.7426,158.3541,172.929,189.588,,,,,,,,,,,,,,,,,,,,,,,,,,,,,,,,,,,
EST.1.0.99.0.UKCT,EST,1.0,0.0,99.0,0.0,UKCT,Estonia,"05 Consumption of fixed capital, total economy",Consumption of fixed capital at current prices: total economy ,Mrd ECU/EUR,,,,,,,,,,,,,,,,,,,,,,,,,,,,,,,,,,0.295885,0.379184,0.519799,0.591831,0.656215,0.720029,0.8132,0.9028,1.0416,1.1441,1.2673,1.4459,1.6332,1.9212,2.2648,2.4836,2.5138,2.5246,2.6476,2.8481,3.12,3.2199,3.4386,3.5189,3.7684,4.0754,4.4733,4.6505,5.0192,5.847,6.3942,7.206532,7.699112,8.219375
IRL.1.0.99.0.UKCT,IRL,1.0,0.0,99.0,0.0,UKCT,Ireland,"05 Consumption of fixed capital, total economy",Consumption of fixed capital at current prices: total economy ,Mrd ECU/EUR,0.1327,0.1481,0.1704,0.1931,0.2138,0.2377,0.2558,0.2808,0.2943,0.3568,0.3913,0.448,0.508,0.5291,0.6221,0.6687,0.7823,0.9458,1.2227,1.4739,1.8902,2.0803,2.4479,2.6411,2.7177,2.9782,3.1752,3.2862,3.4439,3.831,4.2519,4.6324,4.9284,5.061,5.6826,6.162,6.8995,8.1995,9.0376,10.6389,12.5731,14.2153,15.7959,17.6921,19.7776,22.8084,26.7023,27.3452,25.9824,24.333,24.1019,24.0909,25.694,28.3125,31.9144,60.7416,69.3854,78.1369,84.8104,92.1124,106.8473,112.4351,122.0019,128.2569,132.1589,130.4656,132.0134
GRC.1.0.99.0.UKCT,GRC,1.0,0.0,99.0,0.0,UKCT,Greece,"05 Consumption of fixed capital, total economy",Consumption of fixed capital at current prices: total economy ,Mrd ECU/EUR,0.32659,0.35276,0.40892,0.45087,0.50474,0.57409,0.6647,0.74353,0.85024,0.96804,1.1453,1.3156,1.49469,1.79049,2.32259,2.53245,3.13237,3.73664,4.20391,4.91188,5.31564,6.30898,7.30232,7.70412,8.27564,8.51087,8.20666,8.17869,8.9095,9.87152,10.33784,11.39888,12.21152,12.65454,13.52069,14.62504,15.92567,17.1634,17.7766,19.63343,20.76766,22.43044,24.36657,26.14314,27.80009,28.95113,31.54741,33.95857,36.79803,38.09721,37.82717,36.00578,34.29511,32.52091,30.73832,29.45522,28.51077,27.97269,27.56638,26.95947,26.53958,26.86244,28.34436,29.50859,29.99792,30.63962,31.61941
ESP.1.0.99.0.UKCT,ESP,1.0,0.0,99.0,0.0,UKCT,Spain,"05 Consumption of fixed capital, total economy",Consumption of fixed capital at current prices: total economy ,Mrd ECU/EUR,1.6439,1.8025,1.9753,2.1919,2.528,2.8058,3.1025,3.2918,3.5231,3.9992,4.6019,5.0633,5.6608,6.6601,8.8065,10.5352,11.8982,12.955,14.0229,18.1486,20.0211,23.2351,25.8923,25.5659,29.5788,32.1984,32.5292,34.059,38.7448,44.7352,49.6628,54.3459,56.4219,54.2535,54.1745,56.5375,61.1936,63.0576,66.1065,71.443,79.092,85.694,92.802,100.57,110.082,120.497,130.787,140.786,149.467,152.967,157.477,160.499,160.82,159.135,160.711,164.897,169.424,175.485,180.872,186.825,191.496,202.24,221.885,235.716,246.3585,255.5812,264.1967
FRA.1.0.99.0.UKCT,FRA,1.0,0.0,99.0,0.0,UKCT,France,"05 Consumption of fixed capital, total economy",Consumption of fixed capital at current prices: total economy ,Mrd ECU/EUR,7.2927,7.8633,8.5964,9.7116,10.6146,11.5212,12.5408,13.7105,14.8679,15.8845,16.4196,18.5208,21.7838,26.1776,31.4084,39.6238,46.426,51.0496,56.7924,64.0218,75.4626,84.6531,92.2055,96.7814,103.1559,110.7767,117.2224,121.5094,127.4983,136.9818,148.3965,157.9709,165.8851,174.4548,179.2433,183.7725,189.1753,189.8039,195.25,203.9788,217.3973,228.7925,238.9139,248.0905,260.347,274.464,291.1626,307.3263,324.8138,328.684,337.2314,348.5889,356.8447,361.1946,366.4992,369.9897,377.1716,389.7796,404.7672,422.6022,436.3596,460.7818,502.0726,528.8071,542.801,557.9194,571.525
HRV.1.0.99.0.UKCT,HRV,1.0,0.0,99.0,0.0,UKCT,Croatia,"05 Consumption of fixed capital, total economy",Consumption of fixed capital at current prices: total economy ,Mrd ECU/EUR,,,,,,,,,,,,,,,,,,,,,,,,,,,,,,,,,,,,2.97481,2.98317,3.33666,3.57431,3.54116,3.90899,4.76697,4.94234,5.40985,6.10537,5.65252,6.4569,7.02928,7.71196,8.1183,8.15659,7.94229,7.71256,7.55504,7.51275,7.60024,7.94628,8.31906,8.62556,9.4199,9.51493,10.08441,11.00642,11.71085,12.51423,13.35578,14.2427
ITA.1.0.99.0.UKCT,ITA,1.0,0.0,99.0,0.0,UKCT,Italy,"05 Consumption of fixed capital, total economy",Consumption of fixed capital at current prices: total economy ,Mrd ECU/EUR,5.185,5.6205,6.2741,7.2564,8.2548,8.8674,9.3369,10.026,11.1308,12.4295,14.4821,15.4687,16.8295,18.9493,23.1746,28.7929,30.6342,34.8405,37.3531,41.8935,49.5974,59.4765,68.0021,76.9896,85.4042,92.2298,98.5333,104.6172,111.8244,124.9068,136.8464,148.8999,153.4895,141.2956,143.3758,137.3228,156.6801,166.2724,172.6603,179.4791,190.6915,201.3142,213.2498,221.9459,233.2789,244.1835,255.5753,267.6237,279.4747,286.0517,294.9941,305.1631,311.2814,310.1945,311.2496,314.955,315.9305,320.5846,326.0823,331.043,332.9072,348.3312,374.4456,384.4439,388.6351,398.8977,410.9685
CYP.1.0.99.0.UKCT,CYP,1.0,0.0,99.0,0.0,UKCT,Cyprus,"05 Consumption of fixed capital, total economy",Consumption of fixed capital at current prices: total economy ,Mrd ECU/EUR,0.01622,0.017985,0.01985,0.021004,0.019494,0.024092,0.026041,0.029599,0.028705,0.033773,0.036056,0.041205,0.046983,0.116166,0.10685,0.086847,0.090055,0.10603,0.13097,0.16378,0.222818,0.285252,0.332466,0.400259,0.49346,0.42824,0.453411,0.442947,0.566425,0.594451,0.68634,0.729334,0.8281,0.876379,0.972466,1.052915,1.131305,1.211752,1.288383,1.315481,1.406597,1.453444,1.518376,1.587742,1.710799,1.818445,1.930404,2.042377,2.24968,2.29291,2.43059,2.48854,2.52592,2.5241,2.49391,2.47866,2.44272,2.5317,2.64221,2.71633,2.80517,2.97123,3.44704,3.6395,3.884026,4.067983,4.241193
LVA.1.0.99.0.UKCT,LVA,1.0,0.0,99.0,0.0,UKCT,Latvia,"05 Consumption of fixed capital, total economy",Consumption of fixed capital at current prices: total economy ,Mrd ECU/EUR,,,,,,,,,,,,,,,,,,,,,,,,,,,,,,,,,0.0165,0.179798,0.381655,0.975505,1.063531,1.237824,1.332522,1.414939,1.629231,1.691782,1.744781,1.72057,1.875457,2.168744,2.73064,3.417389,3.890618,3.636628,3.675976,3.923679,4.269754,4.400275,4.53278,4.61255,4.61455,4.77715,5.01537,5.23399,5.5277,5.85911,6.44503,6.8272,7.206568,7.599453,7.92288
LTU.1.0.99.0.UKCT,LTU,1.0,0.0,99.0,0.0,UKCT,Lithuania,"05 Consumption of fixed capital, total economy",Consumption of fixed capital at current prices: total economy ,Mrd ECU/EUR,,,,,,,,,,,,,,,,,,,,,,,,,,,,,,,,,,0.40305,,1.07785,1.18281,1.40532,1.46976,1.562,1.84748,1.95414,2.06504,2.18973,2.33823,2.59175,2.90982,3.38624,3.94185,3.98443,4.03095,4.21362,4.45949,4.6934,4.87172,5.03139,5.19376,5.39284,5.68829,6.13647,6.50079,7.14834,8.48171,9.47975,10.49552,11.43132,12.3146
LUX.1.0.99.0.UKCT,LUX,1.0,0.0,99.0,0.0,UKCT,Luxembourg,"05 Consumption of fixed capital, total economy",Consumption of fixed capital at current prices: total economy ,Mrd ECU/EUR,0.099418,0.09566,0.097918,0.103228,0.126181,0.141256,0.145829,0.159496,0.189022,0.220674,0.242771,0.265999,0.283701,0.370807,0.418028,0.428205,0.446967,0.465324,0.504527,0.573705,0.618861,0.648164,0.640384,0.700857,0.785181,0.842554,0.900375,0.984179,1.038068,1.161105,1.296243,1.396833,1.574966,1.697113,1.834093,1.969913,2.021378,2.017632,2.137918,2.2766,2.5389,2.8022,3.0379,3.1833,3.3724,3.6014,3.7443,3.9192,4.1577,4.3785,4.6318,5.0648,5.3334,5.5891,5.8525,6.2258,6.4996,6.7591,7.1899,7.5686,7.9787,8.6999,9.8238,8.5297,8.833777,9.137465,9.555175
HUN.1.0.99.0.UKCT,HUN,1.0,0.0,99.0,0.0,UKCT,Hungary,"05 Consumption of fixed capital, total economy",Consumption of fixed capital at current prices: total economy ,Mrd ECU/EUR,,,,,,,,,,,,,,,,,,,,,,,,,,,,,,,,,,,,6.7728,7.28225,8.00163,8.15518,8.92172,9.7621,10.89385,12.12334,12.38108,13.25735,14.26343,14.65494,16.42039,17.53772,16.88517,17.89322,18.24375,18.27484,18.19356,17.98572,18.66937,19.26263,20.64382,21.57164,23.3275,24.17729,27.12371,31.26332,37.47023,41.50055,42.87766,45.11826
MLT.1.0.99.0.UKCT,MLT,1.0,0.0,99.0,0.0,UKCT,Malta,"05 Consumption of fixed capital, total economy",Consumption of fixed capital at current prices: total economy ,Mrd ECU/EUR,,,,,,,,,,,,,,,,,,,,,,,,,,,,,,,,,,,,0.439114,0.461891,0.504254,0.532698,0.56785,0.631212,0.665681,0.661221,0.646751,0.653027,0.659828,0.68355,0.72886,0.772,0.808,0.83307,0.89118,0.94229,0.98685,1.03535,1.10687,1.2004,1.37625,1.49387,1.62759,1.76605,1.94498,2.25804,2.60413,2.777059,2.941539,3.106789
NLD.1.0.99.0.UKCT,NLD,1.0,0.0,99.0,0.0,UKCT,Netherlands,"05 Consumption of fixed capital, total economy",Consumption of fixed capital at current prices: total economy ,Mrd ECU/EUR,1.6876,1.8694,2.0336,2.2103,2.4425,2.689,2.9508,3.2213,3.605,4.0121,4.6304,5.4647,6.2579,7.2803,9.1663,10.7041,12.7447,14.742,16.369,18.0593,19.9219,21.7626,24.5022,26.0568,27.2761,28.5768,31.0122,33.6566,35.6744,37.9017,40.7461,43.1913,46.2849,50.2235,52.0478,55.4699,56.2717,56.8399,59.413,63.648,69.098,74.565,79.464,82.835,85.821,88.843,92.764,97.499,102.87,106.74,109.569,109.885,110.836,112.776,113.837,115.177,117.405,120.217,125.574,131.355,137.28,144.622,157.385,167.048,178.3646,185.3802,191.9819
AUT.1.0.99.0.UKCT,AUT,1.0,0.0,99.0,0.0,UKCT,Austria,"05 Consumption of fixed capital, total economy",Consumption of fixed capital at current prices: total economy ,Mrd ECU/EUR,1.0021,1.0887,1.181,1.3074,1.4106,1.5669,1.7033,1.8531,2.0284,2.1723,2.4163,2.7703,3.1742,3.7874,4.7796,5.2622,6.0315,7.2441,8.0059,8.7329,9.8122,10.9355,12.5831,13.8363,14.7308,15.4946,17.058,18.3118,19.0178,20.4025,21.9564,23.6148,25.8272,28.4336,29.9544,31.688,32.2582,32.5967,33.8071,35.4058,37.2395,38.9495,40.2822,41.718,43.2537,44.9315,46.749,49.0313,51.7084,53.3913,54.9101,57.0324,59.586,61.6015,63.5932,65.3149,67.6854,70.1135,73.0366,76.7798,79.7747,83.7318,91.9619,99.3595,102.8213,105.1331,107.6301
POL.1.0.99.0.UKCT,POL,1.0,0.0,99.0,0.0,UKCT,Poland,"05 Consumption of fixed capital, total economy",Consumption of fixed capital at current prices: total economy ,Mrd ECU/EUR,,,,,,,,,,,,,,,,,,,,,,,,,,,,,,,,,,,,15.7834,18.4112,20.0078,21.8352,22.5784,26.0693,30.4986,30.1154,27.8129,28.4986,33.5723,36.8843,40.097,44.4916,36.9732,40.9333,41.2747,43.121,45.1063,47.2072,49.7068,50.5025,53.557,56.602,60.228,62.0601,65.65,70.9413,79.559,90.2884,96.6974,104.2557
PRT.1.0.99.0.UKCT,PRT,1.0,0.0,99.0,0.0,UKCT,Portugal,"05 Consumption of fixed capital, total economy",Consumption of fixed capital at current prices: total economy ,Mrd ECU/EUR,0.56019,0.60873,0.63635,0.70942,0.75508,0.8264,0.90414,0.99789,1.1718,1.30207,1.43119,1.58835,1.80743,2.04445,2.33782,2.57176,2.6911,2.77672,2.96989,2.99756,3.6017,4.20494,4.73726,4.63356,4.85994,5.39978,5.99997,6.35631,7.26275,8.16347,9.04032,10.22851,11.36983,11.34427,11.85108,14.09446,14.81007,15.44676,16.19757,17.59504,19.54978,21.15466,22.50626,23.41521,24.48627,25.55368,26.8528,28.11051,29.97044,30.33638,30.91044,31.2035,30.4594,29.74809,29.92548,30.44454,31.35776,32.74325,34.83182,36.70651,38.63524,41.30913,46.44719,49.42917,50.69802,51.97506,53.35336
ROM.1.0.99.0.UKCT,ROM,1.0,0.0,99.0,0.0,UKCT,Romania,"05 Consumption of fixed capital, total economy",Consumption of fixed capital at current prices: total economy ,Mrd ECU/EUR,,,,,,,,,,,,,,,,,,,,,,,,,,,,,,,,,,,,7.17369,7.56822,7.52549,8.05258,7.20976,8.16322,9.04023,10.88637,10.74988,11.44754,14.28955,16.33665,19.40024,21.32834,20.42845,21.68051,24.26329,24.24627,26.26328,27.71954,28.72992,30.68952,32.49719,35.19628,37.5704,38.68958,42.09999,49.16336,35.99571,40.65124,45.96726,51.65409
SVN.1.0.99.0.UKCT,SVN,1.0,0.0,99.0,0.0,UKCT,Slovenia,"05 Consumption of fixed capital, total economy",Consumption of fixed capital at current prices: total economy ,Mrd ECU/EUR,,,,,,,,,,,,,,,,,,,,,,,,,,,,,,,,1.99963,2.15517,2.06908,2.43191,2.93957,3.19856,3.4147,3.71889,3.89204,4.03466,4.22506,4.43495,4.61713,4.9401,5.28262,5.615,6.03875,6.53385,6.74432,6.96908,7.18299,7.33405,7.40991,7.49644,7.662,7.75984,7.91682,8.18374,8.48766,8.72265,9.45036,10.87735,11.51555,11.95615,12.50852,13.12237
SVK.1.0.99.0.UKCT,SVK,1.0,0.0,99.0,0.0,UKCT,Slovakia,"05 Consumption of fixed capital, total economy",Consumption of fixed capital at current prices: total economy ,Mrd ECU/EUR,,,,,,,,,,,,,,,,,,,,,,,,,,,,,,,,,,4.61865,4.88235,5.33528,5.40436,5.6483,5.53335,5.2578,5.77295,5.87055,6.23437,7.07657,7.84326,8.39697,9.41817,11.10511,13.00539,13.73521,13.76087,14.13014,14.57069,14.91081,15.02384,15.2384,15.68125,16.30799,16.96787,17.90934,18.67958,19.3841,22.10851,22.10844,22.96545,24.46874,26.04936
FIN.1.0.99.0.UKCT,FIN,1.0,0.0,99.0,0.0,UKCT,Finland,"05 Consumption of fixed capital, total economy",Consumption of fixed capital at current prices: total economy ,Mrd ECU/EUR,0.56897,0.64273,0.70583,0.77467,0.85022,0.93044,1.02569,1.05916,1.0522,1.15699,1.33864,1.53216,1.692,2.06436,2.82206,3.44765,4.28498,4.70772,4.59223,5.05084,6.14203,7.60183,8.68642,9.36405,10.98129,12.11253,12.35296,13.40177,15.40188,18.46408,20.25851,20.45538,17.58625,15.42753,16.93218,18.53539,18.68239,19.38421,20.11358,21.381,23.105,24.652,25.409,26.15,27.436,29.004,30.43,32.464,34.829,35.494,35.307,36.569,38.285,39.064,39.403,39.798,40.36,41.475,43.156,45.323,46.528,48.235,52.18,55.594,57.02359,58.19981,59.77991
SWE.1.0.99.0.UKCT,SWE,1.0,0.0,99.0,0.0,UKCT,Sweden,"05 Consumption of fixed capital, total economy",Consumption of fixed capital at current prices: total economy ,Mrd ECU/EUR,1.9117,2.1065,2.3271,2.5196,2.7845,3.082,3.4229,3.7182,3.8531,4.1062,4.4506,4.7766,5.306,5.9257,6.912,8.2152,10.1095,10.5154,9.7099,10.9501,12.5552,14.6731,15.0872,15.5046,17.8744,19.6406,19.8071,20.4688,22.8751,26.1892,27.4475,29.6055,30.0476,26.2654,26.6103,27.5202,31.8942,33.4151,34.7936,38.1837,43.4231,42.6759,45.3145,46.3719,47.7666,48.9265,51.5161,54.4584,56.8825,53.883,60.2174,64.6104,69.2569,71.3729,70.7622,72.2116,74.1065,77.0525,76.8171,77.7489,81.2366,89.5895,96.7923,98.1702,102.5586,105.8236,108.9801
GBR.1.0.99.0.UKCT,GBR,1.0,0.0,99.0,0.0,UKCT,United Kingdom,"05 Consumption of fixed capital, total economy",Consumption of fixed capital at current prices: total economy ,Mrd ECU/EUR,8.513,9.0736,9.5332,10.0921,10.8966,11.7937,12.7513,13.266,13.0522,14.3001,16.2409,18.7712,20.8193,22.4004,27.202,31.9805,34.9799,39.1637,45.033,55.027,71.693,87.5878,92.8589,95.0247,100.5,108.6699,102.0635,106.6512,126.1497,135.6591,142.184,156.1112,151.3462,146.9412,151.8853,146.2696,154.2406,177.2545,187.8809,204.4281,234.7436,245.4951,256.1609,245.6642,260.3916,273.2334,291.1606,306.9556,282.8775,264.0404,275.7576,280.8508,310.7734,305.49,332.402,382.2492,354.0561,349.2255,359.6393,378.4087,383.2263,409.1941,441.9345,468.9473,497.6044,520.463,534.3317
MKD.1.0.99.0.UKCT,MKD,1.0,0.0,99.0,0.0,UKCT,North Macedonia,"05 Consumption of fixed capital, total economy",Consumption of fixed capital at current prices: total economy ,Mrd ECU/EUR,,,,,,,,,,,,,,,,,,,,,,,,,,,,,,,,,,,,,,0.672389,0.617909,0.654831,0.728094,0.765205,0.800773,0.898126,0.942984,1.00615,1.03699,1.291123,1.37133,1.371443,1.441257,1.430898,1.473877,1.48101,1.546701,1.574532,1.621959,1.570822,1.758119,1.828338,1.889068,2.045752,,,,,
SRB.1.0.99.0.UKCT,SRB,1.0,0.0,99.0,0.0,UKCT,Serbia,"05 Consumption of fixed capital, total economy",Consumption of fixed capital at current prices: total economy ,Mrd ECU/EUR,,,,,,,,,,,,,,,,,,,,,,,,,,,,,,,,,,,,,,,,,,,,,,3.136745,3.558925,4.612276,5.241096,4.740005,4.350687,5.15963,4.837338,4.780791,4.628195,4.585629,4.762471,5.172076,5.755675,6.4647,6.820806,7.792578,8.808111,,,,
ISL.1.0.99.0.UKCT,ISL,1.0,0.0,99.0,0.0,UKCT,Iceland,"05 Consumption of fixed capital, total economy",Consumption of fixed capital at current prices: total economy ,Mrd ECU/EUR,0.052422,0.051912,0.055173,0.06207,0.072414,0.086211,0.100005,0.107927,0.104155,0.100518,0.114621,0.125192,0.149295,0.19905,0.252583,0.258307,0.313716,0.371673,0.376388,0.406979,0.469319,0.610069,0.671873,0.672848,0.727952,0.778261,0.774491,0.835987,0.906182,0.944497,0.939068,0.953339,0.912741,0.865096,0.826373,0.804083,0.805702,0.838809,0.902787,1.050366,1.232659,1.183563,1.354628,1.415641,1.453133,1.821501,1.805415,2.25059,1.66947,1.705498,1.925368,1.90541,1.944146,1.999672,2.127594,2.314647,2.66734,3.161668,3.177686,3.282254,3.244388,3.633964,4.271345,4.626144,5.090012,5.493253,5.885694
NOR.1.0.99.0.UKCT,NOR,1.0,0.0,99.0,0.0,UKCT,Norway,"05 Consumption of fixed capital, total economy",Consumption of fixed capital at current prices: total economy ,Mrd ECU/EUR,0.76053,0.80445,0.87756,0.94235,1.00426,1.12936,1.2373,1.43328,1.53799,1.69009,1.95717,2.10347,2.33887,2.69464,3.54784,4.11317,5.12126,6.05143,6.26474,6.51535,7.37224,9.00814,10.4826,11.40048,12.70489,13.93218,13.97197,14.90049,16.47716,17.60104,17.41232,17.86626,18.3962,18.68996,19.06869,20.25695,21.55189,23.2342,23.42972,25.5535,28.00768,29.76218,32.61875,31.06355,31.1195,34.38008,37.05594,41.34145,44.62662,45.45148,51.72609,56.11523,61.68597,62.12231,62.59138,62.08014,61.27268,62.49075,64.1007,66.05962,65.43169,73.56373,81.38294,,,,
CHE.1.0.99.0.UKCT,CHE,1.0,0.0,99.0,0.0,UKCT,Switzerland,"05 Consumption of fixed capital, total economy",Consumption of fixed capital at current prices: total economy ,Mrd ECU/EUR,1.8943,2.1244,2.3007,2.5077,2.8559,3.1007,3.404,3.6917,4.1704,4.5745,5.303,6.2252,7.2388,8.6108,10.3545,10.4843,11.738,12.8501,15.9156,16.1314,16.9824,19.6072,23.0629,25.9718,27.691,30.0184,33.0505,36.0343,39.325,42.5436,47.1258,49.7096,49.9111,52.5623,56.0792,57.647,56.9249,54.4481,56.7178,60.4221,66.0057,72.1919,76.3603,75.5622,76.0429,77.9182,79.443,79.9715,88.209,97.3684,107.273,122.108,123.0189,124.0884,128.7044,145.3343,144.211,143.3707,142.1805,150.7383,159.0167,162.1536,186.3904,200.6422,207.9439,214.1108,218.2795
AUS.1.0.99.0.UKCT,AUS,1.0,0.0,99.0,0.0,UKCT,Australia,"05 Consumption of fixed capital, total economy",Consumption of fixed capital at current prices: total economy ,Mrd ECU/EUR,3.1801,3.2036,3.4035,3.7124,4.1856,4.3832,4.7749,5.2738,5.8172,7.0146,7.3988,8.1196,8.5572,11.0407,12.9064,13.4694,15.7307,15.7353,16.0718,16.7811,20.3169,28.4867,31.6147,34.3041,41.2275,38.8809,33.1712,33.0826,40.0338,47.8823,43.1257,45.5831,43.2813,46.9168,51.8151,49.5782,55.2378,63.1537,57.2838,65.6541,74.4468,72.4101,76.0167,80.4907,89.4161,100.3859,107.0133,117.2484,118.5986,122.0896,157.4653,175.8721,201.9559,194.7346,194.9544,204.7256,208.7064,219.6418,213.2492,217.2854,218.2403,251.004,,,,,
CAN.1.0.99.0.UKCT,CAN,1.0,0.0,99.0,0.0,UKCT,Canada,"05 Consumption of fixed capital, total economy",Consumption of fixed capital at current prices: total economy ,Mrd ECU/EUR,11.8656,11.5938,11.7168,12.3593,13.3559,14.5543,16.0531,17.5409,19.5088,21.4604,24.1285,26.5649,27.4844,28.8282,36.5391,39.8189,50.9469,51.2924,47.8294,49.9436,57.2172,,,,,,,,,,,75.7439,70.939,75.5782,74.0389,69.8913,75.6005,88.2086,88.8563,97.8066,120.4822,126.6494,123.6584,117.7406,119.6246,135.4069,154.0493,160.4696,164.5764,169.2721,197.1253,203.5168,229.0183,225.7982,220.4486,241.3172,240.8705,242.5695,241.4702,258.521,256.2856,277.41,,,,,
JPN.1.0.99.0.UKCT,JPN,1.0,0.0,99.0,0.0,UKCT,Japan,"05 Consumption of fixed capital, total economy",Consumption of fixed capital at current prices: total economy ,Mrd ECU/EUR,6.488,8.081,9.478,11.164,14.003,15.952,18.37,21.628,26.411,31.68,37.248,42.249,53.184,64.678,73.683,74.299,88.063,106.011,131.862,129.615,137.285,196.653,211.126,257.782,309.297,344.141,400.653,422.018,499.206,554.024,500.38,608.727,659.935,863.446,946.004,934.545,847.484,887.444,844.682,1016.463,1246.305,1134.069,1039.294,928.48,904.882,898.641,861.071,794.52,861.94,987.281,1083.89,1114.278,1192.068,950.871,899.435,954.005,1066.554,1026.54,1015.36,1102.149,1113.254,1069.225,1057.522,987.514,947.717,965.783,976.852
KOR.1.0.99.0.UKCT,KOR,1.0,0.0,99.0,0.0,UKCT,Korea,"05 Consumption of fixed capital, total economy",Consumption of fixed capital at current prices: total economy ,Mrd ECU/EUR,,,,,,,,,,,0.5563,0.631,0.6632,0.8369,1.1974,1.3252,2.0341,2.6549,3.1028,4.0097,4.7935,6.5578,8.523,11.2998,14.1937,12.2196,11.9879,12.9257,19.9453,24.5755,26.1045,29.93,38.2054,46.7175,48.8471,62.2625,73.3791,81.1982,62.7334,81.639,107.3093,105.8586,111.1755,105.3402,108.1692,128.2725,143.7907,143.7995,129.5246,127.6753,156.1131,167.3108,188.8186,194.8603,211.1474,246.4455,251.3698,266.0499,276.459,292.4628,297.0938,319.4258,,,,,
NZL.1.0.99.0.UKCT,NZL,1.0,0.0,99.0,0.0,UKCT,New Zealand,"05 Consumption of fixed capital, total economy",Consumption of fixed capital at current prices: total economy ,Mrd ECU/EUR,0.38413,0.41686,0.44532,0.475,0.51397,0.56807,0.66797,0.6871,0.6387,0.7039,0.78989,0.84209,0.94719,1.13272,1.48605,1.72314,1.91722,2.20037,2.36904,2.5451,2.84195,3.66543,4.07197,4.24656,4.64421,4.98086,4.67687,4.85663,5.47939,5.72317,5.29775,5.50594,5.07715,5.83477,6.55359,6.93047,7.86017,8.72263,7.47422,8.00631,8.66234,8.69794,9.2902,10.12992,11.25999,12.83215,12.77952,13.9913,13.7466,13.54489,16.30864,17.22019,19.55563,19.73747,20.88602,22.56555,23.84079,24.99853,26.47002,27.57864,27.90226,31.70512,,,,,
USA.1.0.99.0.UKCT,USA,1.0,0.0,99.0,0.0,UKCT,United States,"05 Consumption of fixed capital, total economy",Consumption of fixed capital at current prices: total economy ,Mrd ECU/EUR,64.287,66.149,69.265,72.927,77.014,82.265,89.092,97.253,110.174,122.185,133.864,142.138,143.532,145.069,173.467,192.227,232.75,253.989,256.806,272.813,307.709,436.411,548.081,632.006,758.388,838.877,696.32,632.675,663.433,760.842,697.747,752.44,739.733,856.958,887.425,858.083,925.62,1092.841,1168.271,1312.596,1636.211,1785.907,1753.416,1519.765,1464.617,1584.333,1691.759,1643.77,1603.916,1700.105,1803.093,1777.62,2004.647,2019.1,2122.456,2634.434,2717.59,2787.471,2805.022,3106.382,3172.398,3274.158,4100.723,4242.932,4387.054,4586.439,4766.864
BEL.1.0.99.0.UITT,BEL,1.0,0.0,99.0,0.0,UITT,Belgium,11 Gross capital formation,Gross capital formation at current prices: total economy ,Mrd ECU/EUR,2.7565,3.1884,3.4136,3.6305,4.617,4.8739,5.3948,5.6803,6.0278,6.978,8.1396,8.31,8.6959,10.5942,13.8748,14.0709,17.0788,19.5797,20.788,21.8608,24.2588,21.2558,20.3264,18.404,21.0044,21.6431,22.7271,25.4441,30.0402,35.0929,39.3764,38.8853,41.0015,42.1302,45.4799,47.9945,47.5801,49.7371,51.6289,54.9772,60.9739,59.8291,56.6935,58.9528,67.2803,73.4202,77.9406,84.5415,91.2308,76.5935,81.3455,92.7152,91.507,89.6132,94.1864,96.9133,103.6101,107.8891,117.4074,118.3063,111.6182,123.6846,151.8003,151.0464,149.7873,155.0402,160.5371
BGR.1.0.99.0.UITT,BGR,1.0,0.0,99.0,0.0,UITT,Bulgaria,11 Gross capital formation,Gross capital formation at current prices: total economy ,Mrd ECU/EUR,,,,,,,,,,,,,,,,,,,,,,,,,,,,,,,5.00778,1.48693,1.28386,2.32034,1.25805,2.57392,0.11241,0.97359,2.51395,2.54088,2.75021,3.39597,3.5881,4.14955,4.94296,6.6686,8.78662,10.91017,13.75316,10.67834,8.62213,8.85935,9.24845,8.83432,9.25368,9.61751,9.24459,10.40427,11.85316,12.68825,12.46527,14.77263,19.52936,18.70439,19.86485,20.39613,21.67975
CZE.1.0.99.0.UITT,CZE,1.0,0.0,99.0,0.0,UITT,Czechia,11 Gross capital formation,Gross capital formation at current prices: total economy ,Mrd ECU/EUR,,,,,,,,,,,,,,,,,,,,,,,,,,,,,,,6.84633,6.40162,6.97004,9.77977,12.34204,15.68679,19.13995,18.03932,18.49676,18.28432,21.45944,24.34684,26.76197,26.28906,28.87662,32.33681,37.46744,44.59684,50.17258,39.39979,42.638,44.31042,42.03504,39.11798,40.30366,45.98855,44.92036,49.36164,54.74834,60.03891,54.48311,69.20361,89.06347,88.84377,82.96512,89.2085,93.82365
DNK.1.0.99.0.UITT,DNK,1.0,0.0,99.0,0.0,UITT,Denmark,11 Gross capital formation,Gross capital formation at current prices: total economy ,Mrd ECU/EUR,1.61596,1.71396,1.99747,1.8641,2.44632,2.76538,2.86015,3.07847,3.28756,4.07739,4.4677,4.73741,5.53553,6.9015,7.72091,7.33094,10.11736,10.62948,10.96578,11.87646,10.27178,9.43909,11.25633,12.50516,15.47145,18.29633,21.34586,20.8643,20.59689,21.7509,22.63788,22.0638,22.37392,21.20729,24.6219,29.17491,29.57316,33.65889,35.71742,34.77346,39.66021,40.05087,40.37882,40.44404,43.92357,47.30925,54.81707,59.03101,58.3396,44.20684,43.38448,47.10863,48.89443,50.22559,53.52065,55.91809,61.19718,64.63077,67.82646,67.52874,71.04628,81.4823,94.40759,85.92545,85.81793,92.51588,96.28309
DEU.1.0.99.0.UITT,DEU,1.0,0.0,99.0,0.0,UITT,Germany,11 Gross capital formation,Gross capital formation at current prices: total economy ,Mrd ECU/EUR,,,,,,,,,,,,,,,,,,,,,,,,,,,,,,,,398.0775,424.381,428.7183,458.5971,485.4185,463.416,458.415,483.2975,493.518,510.351,499.803,448.046,438.675,436.168,435.734,482.76,528.46,541.216,449.975,511.588,585.085,546.189,568.03,601.757,600.523,630.748,683.32,736.682,752.932,747.42,825.784,910.218,907.115,869.5227,890.2322,928.7985
D_W.1.0.99.0.UITT,D_W,1.0,0.0,99.0,0.0,UITT,West Germany,11 Gross capital formation,Gross capital formation at current prices: total economy ,Mrd ECU/EUR,20.0975,22.5429,24.8106,25.2461,29.7234,32.8694,32.585,28.7452,34.1478,41.7827,53.6139,59.3991,63.4788,73.8708,76.6843,75.0609,92.2529,103.0084,115.196,137.0032,144.552,137.4815,142.5638,161.09,169.6804,173.8471,191.77,197.1569,214.3738,239.2175,268.9053,302.0781,,,,,,,,,,,,,,,,,,,,,,,,,,,,,,,,,,,
EST.1.0.99.0.UITT,EST,1.0,0.0,99.0,0.0,UITT,Estonia,11 Gross capital formation,Gross capital formation at current prices: total economy ,Mrd ECU/EUR,,,,,,,,,,,,,,,,,,,,,,,,,,,,,,,,,,0.39812,0.56781,0.78919,1.03611,1.39904,1.60259,1.40059,1.75744,2.06689,2.57678,3.0778,3.38853,3.7838,5.40481,6.56183,5.25713,2.96907,3.1824,4.26384,5.25966,5.14911,5.44323,5.17728,5.4812,6.30716,7.36322,7.50412,8.26243,9.58477,10.55881,10.57592,10.94901,11.4928,12.36144
IRL.1.0.99.0.UITT,IRL,1.0,0.0,99.0,0.0,UITT,Ireland,11 Gross capital formation,Gross capital formation at current prices: total economy ,Mrd ECU/EUR,0.3073,0.3534,0.42,0.4748,0.5724,0.6665,0.6091,0.6251,0.7171,0.9718,1.0425,1.1615,1.3984,1.6154,1.8901,1.77,2.1277,2.7273,3.3091,4.3728,4.3142,5.2222,6.035,5.5145,5.7593,5.5584,5.4558,5.027,5.0821,6.5423,8.3585,7.9257,7.1879,6.8646,7.9442,9.9803,12.2571,16.2536,19.4147,22.8594,26.59,29.6143,32.7518,37.4776,42.5312,51.6196,58.9757,57.6391,46.1973,34.4187,28.9207,29.6113,35.1269,33.5922,44.0026,71.0221,98.3132,104.952,94.4225,195.3427,162.296,103.818,119.391,134.2818,102.598,129.7391,134.649
GRC.1.0.99.0.UITT,GRC,1.0,0.0,99.0,0.0,UITT,Greece,11 Gross capital formation,Gross capital formation at current prices: total economy ,Mrd ECU/EUR,0.62783,0.94806,1.0378,1.36706,1.7921,2.27948,2.29906,2.34543,2.87055,3.78998,4.25702,4.81806,5.71976,7.86994,7.39556,7.57656,9.68101,9.7087,10.36743,11.61264,11.36069,10.7151,15.13572,14.53039,16.60501,17.81823,15.85443,11.95116,15.62446,17.57357,19.32251,21.99804,20.73972,20.44212,20.37104,21.40553,24.42832,25.88278,29.61257,31.27436,35.99118,37.07104,37.62343,45.50552,47.56547,43.1773,56.33969,61.15135,59.31624,44.33071,40.7287,28.63188,22.79246,21.57477,21.3697,21.05829,21.75035,21.08729,23.39524,22.4063,22.68653,32.26911,41.53772,37.67822,41.1952,45.00893,48.76909
ESP.1.0.99.0.UITT,ESP,1.0,0.0,99.0,0.0,UITT,Spain,11 Gross capital formation,Gross capital formation at current prices: total economy ,Mrd ECU/EUR,2.548,3.3463,4.2633,5.0441,5.7286,7.0299,8.1947,8.6678,8.7894,10.9056,11.3968,11.627,14.4093,18.3006,25.9422,28.212,30.1269,30.53,30.5326,36.8812,40.7707,41.3764,45.1797,41.7573,44.9932,49.5343,55.5979,64.0761,80.6592,100.3715,113.3298,121.3702,117.2156,96.1133,96.7644,105.8001,112.5353,117.7361,132.3343,152.069,172.722,185.631,200.224,220.967,243.421,272.906,307.365,328.208,316.81,250.564,241.268,221.364,192.632,178.59,188.55,210.611,214.05,228.923,251.016,262.136,232.919,270.248,311.196,314.717,331.7816,350.5213,369.1351
FRA.1.0.99.0.UITT,FRA,1.0,0.0,99.0,0.0,UITT,France,11 Gross capital formation,Gross capital formation at current prices: total economy ,Mrd ECU/EUR,15.1577,16.0639,18.468,20.7266,24.2958,25.9511,28.9368,31.4485,34.908,39.8144,41.1827,43.8946,50.4715,61.1379,70.8995,72.8366,89.0457,92.3858,97.4362,111.9301,130.5986,130.7416,142.8398,137.1859,142.9651,153.9288,169.9303,179.2825,199.9417,224.1852,241.8327,240.1915,234.2286,216.5212,234.0945,246.3274,242.1506,241.7174,269.252,289.2281,322.0796,329.1894,326.7174,335.0176,362.3627,386.0885,418.7733,456.7401,466.9953,401.0627,425.9199,463.9745,455.8639,456.3091,470.2993,478.0683,482.0252,508.3268,532.5846,560.0174,528.6694,588.0869,642.3265,653.4932,629.6889,645.7995,664.0759
HRV.1.0.99.0.UITT,HRV,1.0,0.0,99.0,0.0,UITT,Croatia,11 Gross capital formation,Gross capital formation at current prices: total economy ,Mrd ECU/EUR,,,,,,,,,,,,,,,,,,,,,,,,,,,,,,,,,,,,2.80423,3.68577,5.22884,4.80822,4.52402,4.56481,5.31663,6.83409,8.44605,8.7971,9.60632,11.41139,12.50639,14.34733,11.17767,9.36622,8.6947,8.08646,8.38896,7.99731,8.86228,9.46555,10.45521,11.92066,12.24781,11.94361,12.72858,17.62598,18.17024,20.14684,21.50659,22.61542
ITA.1.0.99.0.UITT,ITA,1.0,0.0,99.0,0.0,UITT,Italy,11 Gross capital formation,Gross capital formation at current prices: total economy ,Mrd ECU/EUR,10.3383,11.9833,13.6568,15.9836,15.9995,15.047,16.2593,19.0944,22.1122,25.7048,30.1926,29.9377,31.3505,39.5172,50.7903,45.94,55.6908,57.6377,61.983,73.9109,96.2606,100.6716,109.3135,117.8238,137.4041,146.4485,151.3858,164.6623,181.5052,199.7398,218.5773,232.4244,227.8341,179.7899,181.3955,185.282,205.3737,219.9532,230.0371,243.8104,265.4244,278.808,298.9191,301.991,315.4011,322.6908,348.7914,366.833,362.2555,312.1067,336.4835,342.6988,293.4287,275.7152,279.3523,287.4363,301.9619,316.9643,331.7426,331.3012,298.9102,405.3726,494.3973,484.2261,477.7824,489.088,508.0704
CYP.1.0.99.0.UITT,CYP,1.0,0.0,99.0,0.0,UITT,Cyprus,11 Gross capital formation,Gross capital formation at current prices: total economy ,Mrd ECU/EUR,0.056202,0.070231,0.098011,0.095576,0.063066,0.10173,0.102588,0.122407,0.117833,0.158122,0.175698,0.194127,0.220901,0.31482,0.25026,0.171991,0.262558,0.430453,0.538437,0.681889,0.843446,0.881946,0.9624,1.067192,1.462697,1.127642,1.021161,0.984732,1.357793,1.597351,1.611568,1.636688,2.071309,1.837064,2.165725,2.0155,1.909608,2.021854,1.742628,1.949592,2.20729,2.057733,2.450633,2.509697,3.047529,3.34014,3.954345,4.234339,5.44527,4.20791,4.6097,3.6833,3.08374,2.26678,2.30559,2.39064,3.24264,4.14018,4.13181,4.5618,4.62048,5.10418,6.17987,6.42914,6.917509,7.172935,7.306308
LVA.1.0.99.0.UITT,LVA,1.0,0.0,99.0,0.0,UITT,Latvia,11 Gross capital formation,Gross capital formation at current prices: total economy ,Mrd ECU/EUR,,,,,,,,,,,,,,,,,,,,,,,,,,,,,,,,,0.556682,0.204274,0.708659,0.644568,0.89206,1.193635,1.626123,1.546047,2.101253,2.598767,2.81628,3.109318,3.859362,4.812539,6.878731,9.429044,8.636115,4.272291,3.677999,5.093362,6.092185,5.565173,5.62149,5.73418,5.32981,5.90902,6.72143,6.90049,6.47478,8.30582,8.74455,9.37505,8.842183,9.205724,9.677354
LTU.1.0.99.0.UITT,LTU,1.0,0.0,99.0,0.0,UITT,Lithuania,11 Gross capital formation,Gross capital formation at current prices: total economy ,Mrd ECU/EUR,,,,,,,,,,,,,,,,,,,,,,,,,,,,,,,,,0.26477,0.46243,0.69672,1.16029,1.38649,2.18877,2.43608,2.19355,2.39379,2.65251,3.19699,3.70705,4.29261,5.12237,6.45115,9.41856,9.23172,3.50111,4.94008,6.94869,6.73797,7.12068,7.39143,8.44484,7.8758,8.65788,10.29527,9.64123,8.30362,12.37601,18.93833,16.18585,16.06109,17.10631,18.01912
LUX.1.0.99.0.UITT,LUX,1.0,0.0,99.0,0.0,UITT,Luxembourg,11 Gross capital formation,Gross capital formation at current prices: total economy ,Mrd ECU/EUR,0.13006,0.14599,0.18305,0.18594,0.22987,0.22291,0.22025,0.16451,0.17933,0.21823,0.31356,0.36891,0.41185,0.49076,0.48734,0.49181,0.5938,0.5775,0.7883,0.75692,0.93194,0.95019,0.99563,1.05615,1.18933,1.04586,1.41077,1.69943,1.93887,2.18894,2.48745,2.95534,2.75613,3.15124,3.27035,3.26074,3.23596,3.68452,4.01988,4.86745,5.18545,5.30415,5.10923,5.58892,6.00584,6.51352,6.49458,7.34519,8.23382,6.31954,7.66777,8.5406,8.72474,8.90838,9.88882,10.26456,10.07918,10.98792,10.24747,11.67029,11.19194,13.63248,13.75812,14.23625,13.8879,14.58949,15.31193
HUN.1.0.99.0.UITT,HUN,1.0,0.0,99.0,0.0,UITT,Hungary,11 Gross capital formation,Gross capital formation at current prices: total economy ,Mrd ECU/EUR,,,,,,,,,,,,,,,,,,,,,5.61562,6.71588,7.37469,6.74778,7.18136,12.54342,7.26986,4.89749,4.73,6.26935,4.39308,3.88476,2.95954,7.11187,8.37348,8.33456,9.26397,11.0607,12.53124,12.58546,14.46526,15.83259,18.48263,18.61679,23.04675,23.80884,24.24423,25.48728,27.22322,19.82453,21.09661,21.4515,20.2825,22.37849,25.98922,26.92371,25.68827,29.60828,37.00104,42.29409,38.43428,47.96651,58.55236,49.16681,48.23772,50.77675,54.71594
MLT.1.0.99.0.UITT,MLT,1.0,0.0,99.0,0.0,UITT,Malta,11 Gross capital formation,Gross capital formation at current prices: total economy ,Mrd ECU/EUR,0.026653,0.024248,0.024189,0.026356,0.031655,0.032389,0.036761,0.044322,0.049312,0.057946,0.066787,0.061037,0.054518,0.052108,0.071432,0.07572,0.10837,0.11887,0.122055,0.155365,0.196362,0.259237,0.335987,0.351747,0.374936,0.296328,0.285689,0.308946,0.414596,0.436912,0.558461,0.579612,0.565239,0.599986,0.659669,0.76692,0.81901,0.838356,0.932338,0.909001,1.195846,0.957307,0.827387,1.103294,1.1591,1.375617,1.12503,1.30141,1.38638,1.3352,1.50033,1.23107,1.44155,1.39002,1.42351,2.39742,2.38366,2.40177,2.68831,3.06034,3.23047,3.99632,4.59385,4.038,4.335992,4.626658,4.87387
NLD.1.0.99.0.UITT,NLD,1.0,0.0,99.0,0.0,UITT,Netherlands,11 Gross capital formation,Gross capital formation at current prices: total economy ,Mrd ECU/EUR,3.5965,3.9235,4.0175,4.1741,5.6301,5.965,6.6045,7.1967,8.3366,9.3267,10.9554,11.9962,12.3911,14.8912,17.9663,18.3159,22.0319,26.1426,28.5611,29.4467,32.7726,30.161,31.4656,35.013,38.1859,40.3315,45.9763,47.5079,52.5336,57.3511,60.0095,61.0413,64.619,63.3948,67.9195,74.2301,79.0696,83.1052,89.1517,96.512,101.557,109.166,105.437,105.2,107.566,112.789,122.983,144.662,144.627,129.669,128.843,130.623,122.317,122.203,120.162,155.007,142.425,151.788,161.237,180.541,174.331,197.869,227.22,213.09,219.8358,228.3341,236.1502
AUT.1.0.99.0.UITT,AUT,1.0,0.0,99.0,0.0,UITT,Austria,11 Gross capital formation,Gross capital formation at current prices: total economy ,Mrd ECU/EUR,1.8723,2.0725,2.0274,2.1555,2.5571,2.7851,3.2234,3.1936,3.5179,3.828,4.7085,5.3354,6.3476,7.7939,9.8542,8.8708,11.0638,13.547,13.0598,15.98,17.1535,17.3462,18.0537,18.8572,20.7341,22.6349,24.1908,26.1465,29.1532,32.2762,35.2897,38.1526,39.8564,41.395,45.1778,49.7708,49.2609,49.3142,50.911,53.3519,55.0985,55.7781,53.5213,56.3818,58.2199,60.4777,63.3701,69.8,72.0999,65.8854,67.2179,75.0453,76.7916,76.8975,78.7277,82.1415,86.9857,91.7432,99.2511,100.9409,97.5632,112.4176,130.9381,120.2375,118.1979,121.2502,125.597
POL.1.0.99.0.UITT,POL,1.0,0.0,99.0,0.0,UITT,Poland,11 Gross capital formation,Gross capital formation at current prices: total economy ,Mrd ECU/EUR,,,,,,,,,,,,,,,,,,,,,12.2395,5.3066,18.161,24.112,28.6288,50.0931,25.3665,13.5695,15.3769,26.8115,8.2911,9.0485,6.6432,12.9393,16.6427,21.7001,27.6917,33.5569,39.2249,40.8496,46.3209,44.1416,39.1694,36.5365,42.426,49.6455,60.493,79.9051,90.9593,65.9844,75.2776,84.8083,80.6402,74.6334,85.125,89.964,85.9049,93.3831,108.0669,111.4945,100.1921,127.1652,145.9947,131.2179,145.6896,161.725,176.4968
PRT.1.0.99.0.UITT,PRT,1.0,0.0,99.0,0.0,UITT,Portugal,11 Gross capital formation,Gross capital formation at current prices: total economy ,Mrd ECU/EUR,0.71693,0.88438,0.88589,0.92209,1.03476,1.26715,1.41709,1.50638,1.72082,1.97271,2.30543,2.90683,3.57628,4.13619,4.92845,4.67393,5.61019,6.47955,5.9409,6.22892,8.45712,10.84027,11.54567,10.01743,8.93622,9.32353,9.83463,12.3199,14.85185,16.33674,19.09964,19.68797,22.52278,19.21999,20.6843,22.01976,23.58506,27.40135,31.34204,34.71823,36.95336,38.23084,36.92773,33.76316,36.27215,37.03571,38.11633,40.53647,42.23153,36.56118,38.12941,32.90337,26.55102,25.06121,26.57446,28.59159,29.87378,34.10908,37.97524,40.25603,39.0377,45.32246,52.14221,54.86556,56.20638,59.36189,62.91054
ROM.1.0.99.0.UITT,ROM,1.0,0.0,99.0,0.0,UITT,Romania,11 Gross capital formation,Gross capital formation at current prices: total economy ,Mrd ECU/EUR,,,,,,,,,,,,,,,,,,,,,10.5629,14.0974,17.1255,18.6515,18.7313,35.9943,18.924,12.1328,10.4294,10.899,5.6843,4.3088,2.8484,6.6307,6.3473,6.6665,6.7054,6.6957,6.8134,5.2779,7.9849,10.2729,10.7973,11.8549,14.6274,18.1666,26.7019,39.9961,48.5114,34.0629,34.8853,38.5244,37.226,36.0935,37.9718,40.8672,39.6374,44.7112,47.1886,54.5113,53.4916,63.6774,75.9823,83.6012,89.4151,100.4576,110.8892
SVN.1.0.99.0.UITT,SVN,1.0,0.0,99.0,0.0,UITT,Slovenia,11 Gross capital formation,Gross capital formation at current prices: total economy ,Mrd ECU/EUR,,,,,,,,,,,,,,,,,,,,,,,,,,,,,,,,1.91258,2.03641,2.50741,3.039,4.13018,4.23197,4.78439,5.36285,6.16257,6.31311,6.18869,6.34294,6.97922,7.98338,8.29805,9.56989,11.63334,12.50971,8.50814,8.1331,8.0439,6.77741,7.13049,7.35924,7.49423,7.54164,8.6318,9.80208,10.03317,9.43639,11.36973,13.89657,14.21391,14.95821,15.85972,16.87792
SVK.1.0.99.0.UITT,SVK,1.0,0.0,99.0,0.0,UITT,Slovakia,11 Gross capital formation,Gross capital formation at current prices: total economy ,Mrd ECU/EUR,,,,,,,,,,,,,,,,,,,,,,,,,,,,,,,,,,2.85262,2.76377,3.73431,5.94204,6.87916,7.15305,5.85836,6.22189,7.50765,8.12021,7.93128,9.55445,11.99797,13.34305,16.34364,19.3525,13.70964,17.4417,19.00575,15.83293,16.50585,17.44075,20.71919,20.02934,20.01323,21.84804,22.74993,19.07805,23.2209,25.52609,23.73148,27.15275,30.17135,31.86406
FIN.1.0.99.0.UITT,FIN,1.0,0.0,99.0,0.0,UITT,Finland,11 Gross capital formation,Gross capital formation at current prices: total economy ,Mrd ECU/EUR,1.5368,1.71163,1.75648,1.68791,1.91787,2.40455,2.47859,2.32076,2.21144,2.60159,3.45984,3.73745,3.78308,4.77957,7.48962,8.47455,8.25001,8.16893,7.00411,9.02469,12.08978,13.40989,15.50216,16.29245,18.32145,19.87935,19.50492,21.30644,26.85646,34.60047,33.57314,24.88546,18.29273,14.14272,17.22318,20.88512,21.07877,24.37282,27.55654,28.436,32.561,33.521,32.745,33.729,36.308,40.52,41.489,47.8,49.046,39.026,42.535,48.107,47.346,46.108,45.636,46.044,50.884,54.625,59.654,58.598,59.058,61.636,73.324,62.355,60.52205,64.27168,67.84153
SWE.1.0.99.0.UITT,SWE,1.0,0.0,99.0,0.0,UITT,Sweden,11 Gross capital formation,Gross capital formation at current prices: total economy ,Mrd ECU/EUR,4.3904,4.6522,4.9937,5.3877,6.4584,7.2545,7.5567,7.9797,8.4899,9.3625,10.8582,10.4849,11.1236,11.8707,15.1259,18.4096,21.3667,19.4059,16.7947,20.6052,24.5796,25.0461,24.7954,24.8714,30.3822,35.8438,34.5747,37.241,42.7588,52.4349,53.718,50.5691,46.9163,33.9734,38.5571,41.7631,46.4368,47.3034,50.971,54.6222,63.4082,60.3623,61.3964,62.9021,65.5446,67.097,75.6425,86.2145,84.5243,64.0471,83.4944,95.3384,94.111,96.3132,99.6054,107.625,113.1114,119.2697,118.2323,116.2667,116.8964,136.0359,148.6079,135.1677,135.1019,139.1611,146.2379
GBR.1.0.99.0.UITT,GBR,1.0,0.0,99.0,0.0,UITT,United Kingdom,11 Gross capital formation,Gross capital formation at current prices: total economy ,Mrd ECU/EUR,13.5101,14.1325,13.7139,15.2081,19.2892,20.1112,20.9437,22.317,23.4053,25.2383,29.8733,32.6429,34.5778,40.3016,43.6131,39.89,45.1621,50.2077,58.7393,74.7825,82.94,93.2619,104.2551,114.3545,128.3502,141.6349,132.9901,150.5714,197.78,225.8622,217.4532,204.9024,190.337,184.8565,196.116,190.9163,209.7799,244.2583,269.5148,286.1772,332.6521,337.2259,347.7244,326.2011,346.4024,368.1008,396.9604,420.841,352.1128,260.1658,303.3221,305.1593,339.4204,347.3596,409.362,471.8122,435.8797,439.0558,442.3165,467.7361,415.6629,479.3283,531.5342,536.8639,582.4709,600.9759,621.4551
MKD.1.0.99.0.UITT,MKD,1.0,0.0,99.0,0.0,UITT,North Macedonia,11 Gross capital formation,Gross capital formation at current prices: total economy ,Mrd ECU/EUR,,,,,,,,,,,,,,,,,,,,,,,,,,,,,,,,,,,,0.734597,0.722279,0.711794,0.736109,0.702389,0.895892,0.7191,0.883303,0.786359,0.963412,0.998621,1.171486,1.445142,1.891629,1.74187,1.739275,2.030361,2.194049,2.347717,2.593911,2.758318,3.139306,3.23961,3.473387,3.858422,3.246601,3.813246,4.769739,4.320828,4.484683,5.143817,5.922524
SRB.1.0.99.0.UITT,SRB,1.0,0.0,99.0,0.0,UITT,Serbia,11 Gross capital formation,Gross capital formation at current prices: total economy ,Mrd ECU/EUR,,,,,,,,,,,,,,,,,,,,,,,,,,,,,,,,,,,,,,3.29258,1.62635,1.51083,0.72074,2.24027,3.30805,3.8357,5.35917,4.96355,5.77635,8.1701,9.61362,6.26699,5.68946,6.69043,6.60381,6.50532,6.10187,6.89051,6.93435,8.04635,10.05956,11.99258,11.8136,13.95211,16.75775,18.51473,22.28733,24.87729,28.01925
ISL.1.0.99.0.UITT,ISL,1.0,0.0,99.0,0.0,UITT,Iceland,11 Gross capital formation,Gross capital formation at current prices: total economy ,Mrd ECU/EUR,0.086204,0.07046,0.075606,0.103328,0.138611,0.166341,0.196585,0.219382,0.166744,0.12244,0.143056,0.237435,0.236829,0.337188,0.509044,0.447757,0.477676,0.645255,0.541345,0.579059,0.732405,0.935145,1.026566,0.729976,0.939456,0.903387,0.831088,1.101047,1.198041,1.075621,1.073746,1.242786,1.097853,0.996699,0.956292,0.988068,1.230709,1.452881,1.958187,1.984132,2.437236,2.101712,1.963475,2.154395,2.766804,3.917419,5.038244,4.680704,2.875927,1.443314,1.44424,1.703904,1.8386,1.876921,2.320574,3.064586,3.96466,4.765223,4.916755,4.557146,4.040916,5.013188,6.673592,7.204866,7.893402,8.522953,9.126748
NOR.1.0.99.0.UITT,NOR,1.0,0.0,99.0,0.0,UITT,Norway,11 Gross capital formation,Gross capital formation at current prices: total economy ,Mrd ECU/EUR,1.6163,1.8238,1.8579,1.9791,2.0695,2.4485,2.6948,2.9749,2.8175,2.8855,4.1251,4.7525,4.8205,6.074,8.3871,9.9433,12.5069,13.859,11.0228,11.1811,13.2316,15.9945,18.5402,18.4096,21.8885,23.9304,26.4866,25.9171,26.4246,25.7648,23.3629,21.9894,21.8754,22.8076,24.6633,28.1367,29.467,35.8673,38.8338,37.4572,40.585,40.0031,42.3505,39.4257,45.9532,55.9084,66.1593,79.7119,82.2098,67.9143,81.3367,91.7464,103.2479,108.1781,102.9782,94.1502,92.9935,98.1671,103.3263,108.1206,101.2122,106.7546,122.6217,116.1097,110.9104,113.2564,118.468
CHE.1.0.99.0.UITT,CHE,1.0,0.0,99.0,0.0,UITT,Switzerland,11 Gross capital formation,Gross capital formation at current prices: total economy ,Mrd ECU/EUR,3.5536,4.4183,4.8467,5.3241,6.0993,5.9928,6.2028,6.666,7.1041,7.7976,9.9058,11.6935,13.1101,15.8244,19.3539,15.2336,15.9516,16.7148,21.9404,25.1444,30.1298,31.692,36.5523,40.5934,40.4587,43.8757,51.8561,54.4874,59.4036,63.0098,73.161,68.9931,62.7212,64.1265,71.9968,75.7499,74.0203,67.8958,74.3545,75.7181,82.4337,88.6742,86.1445,83.2906,79.8658,91.4656,98.2868,96.0657,106.0994,113.1862,117.166,146.9549,142.3719,133.7606,140.0326,156.8578,158.9417,160.3784,158.0936,170.369,192.4774,180.2793,195.4907,214.9018,222.2607,230.9519,237.8959
AUS.1.0.99.0.UITT,AUS,1.0,0.0,99.0,0.0,UITT,Australia,11 Gross capital formation,Gross capital formation at current prices: total economy ,Mrd ECU/EUR,6.1757,5.3054,6.2061,6.828,8.1429,8.3267,9.3677,10.1343,11.9914,13.3334,14.1973,14.6561,15.0323,21.2944,22.8074,23.2342,28.3539,26.3564,29.7117,29.7387,38.0327,55.5999,49.6765,57.6353,73.5056,68.0271,52.998,55.1067,72.0272,84.0967,61.7049,59.4482,59.2533,65.6914,79.3296,74.2815,85.231,98.8823,90.9929,105.2778,104.1464,106.6067,119.876,134.5581,150.3098,168.4684,179.6862,206.3894,198.1974,197.0505,260.251,308.4409,345.314,310.2217,289.8502,285.1046,284.8983,307.1851,287.1472,274.307,287.2522,349.27,397.3535,,,,
CAN.1.0.99.0.UITT,CAN,1.0,0.0,99.0,0.0,UITT,Canada,11 Gross capital formation,Gross capital formation at current prices: total economy ,Mrd ECU/EUR,14.0763,12.7828,13.6486,14.3232,16.3537,19.921,22.7453,22.1351,24.1434,28.1194,27.4996,31.7034,33.9005,37.9985,51.1244,53.2652,67.687,65.3267,58.3874,64.8607,67.4384,,,,,,,,,,,95.5987,84.169,91.3583,95.1326,89.7974,93.9935,122.6262,118.878,131.6167,166.359,162.3986,158.7976,162.3615,176.6606,213.2457,248.039,256.9646,255.7942,217.7075,286.5865,311.359,353.8209,346.2551,338.4027,334.2509,314.5103,344.1819,341.7367,358.8752,329.0853,412.9201,521.3311,475.9876,,,
JPN.1.0.99.0.UITT,JPN,1.0,0.0,99.0,0.0,UITT,Japan,11 Gross capital formation,Gross capital formation at current prices: total economy ,Mrd ECU/EUR,15.919,21.353,22.431,25.327,30.516,31.305,36.98,47.476,60.509,73.108,89.482,91.254,111.179,147.908,169.691,155.07,184.266,215.472,272.184,275.688,282.832,377.317,382.46,427.985,511.587,580.094,658.872,691.482,879.976,980.891,895.324,1038.238,1021.891,1241.32,1290.85,1311.693,1242.173,1233.614,1084.274,1227.51,1529.553,1357.721,1150.527,1026.603,1009.552,1013.763,955.785,861.791,895.651,858.331,982.47,1055.369,1172.176,957.967,925.771,1008.067,1124.792,1100.586,1094.587,1179.317,1117.153,1098.824,1092.023,1029.622,985.86,1016.177,1035.949
KOR.1.0.99.0.UITT,KOR,1.0,0.0,99.0,0.0,UITT,Korea,11 Gross capital formation,Gross capital formation at current prices: total economy ,Mrd ECU/EUR,,0.2876,0.3702,0.7005,0.4983,0.4307,0.7969,1.0125,1.6117,2.2487,2.319,2.3608,2.0799,2.9304,5.3,5.0084,7.3914,10.1432,14.0665,18.3058,16.9938,21.6143,25.8859,34.4486,44.4235,36.8142,35.5997,36.989,59.2616,75.7416,82.2127,101.6755,113.7374,132.5263,145.1587,167.9162,191.9806,191.888,95.3196,144.7424,205.4108,193.4832,207.5704,200.6811,207.8509,244.3834,276.8116,283.3099,241.9471,199.8823,281.0628,300.2697,311.5268,308.4951,333.0161,389.6412,408.6009,464.2388,460.0882,464.3464,459.8716,496.6668,528.2589,,,,
NZL.1.0.99.0.UITT,NZL,1.0,0.0,99.0,0.0,UITT,New Zealand,11 Gross capital formation,Gross capital formation at current prices: total economy ,Mrd ECU/EUR,0.91681,0.9659,0.89899,1.00291,1.20817,1.49606,1.52646,1.30376,1.03582,1.30217,1.54523,1.81641,2.00518,2.75908,4.11512,3.05131,3.39653,3.35967,3.19914,3.65098,3.84037,5.94069,6.73805,7.45965,8.77529,8.53506,7.72629,7.58021,8.20024,9.41503,7.31008,6.22208,6.06025,8.28835,10.21872,11.41936,12.6707,14.01464,10.60212,13.05809,13.01569,13.8692,15.09854,17.93662,20.86123,23.45473,21.09461,24.82916,20.72606,17.33492,22.3231,24.88541,28.94931,31.79926,34.88506,37.10561,39.43103,43.23333,42.94097,45.00861,42.83368,53.95516,60.53157,,,,
USA.1.0.99.0.UITT,USA,1.0,0.0,99.0,0.0,UITT,United States,11 Gross capital formation,Gross capital formation at current prices: total economy ,Mrd ECU/EUR,115.962,118.501,130.466,138.082,148.196,165.925,184.851,188.171,210.1,228.049,224.847,243.695,257.477,269.999,294.032,275.358,369.277,429.206,458.319,481.407,478.369,697.361,753.257,908.407,1284.192,1375.367,1104.724,993.393,1010.896,1152.833,1008.158,999.417,1008.492,1194.457,1303.6,1242.481,1379.809,1695.007,1855.937,2116.332,2628.005,2620.196,2510.744,2202.407,2224.819,2449.988,2589.877,2382.405,2112.662,1844.425,2119.59,2133.1,2523.983,2590.251,2770.275,3531.201,3548.605,3672.798,3772.727,4169.521,4004.389,4272.64,5427.031,5522.52,5846.956,6109.404,6440.69
BEL.1.0.99.0.UCPH,BEL,1.0,0.0,99.0,0.0,UCPH,Belgium,01 Private final consumption expenditure,Private final consumption expenditure at current prices ,Mrd ECU/EUR,6.8426,7.0513,7.3841,8.0036,8.5558,9.3496,9.9833,10.5902,11.8664,12.9385,13.8547,15.4007,17.6578,20.7061,24.6962,28.2012,33.3991,38.8518,42.4497,46.532,49.9809,52.9971,53.721,56.5139,59.8879,65.3156,69.0597,72.6812,75.2911,80.8424,87.6234,93.2545,98.2434,103.0746,110.1457,116.8656,117.6348,117.4581,122.2463,126.1764,134.1161,138.526,140.8259,143.9561,149.1269,155.6027,162.7324,170.5919,178.4192,180.0995,190.2282,196.4794,203.7242,208.5046,212.2493,217.3986,224.1784,233.0868,241.7306,248.8256,233.039,252.6303,288.5186,307.645,317.2448,327.86,338.2672
BGR.1.0.99.0.UCPH,BGR,1.0,0.0,99.0,0.0,UCPH,Bulgaria,01 Private final consumption expenditure,Private final consumption expenditure at current prices ,Mrd ECU/EUR,,,,,,,,,,,,,,,,,,,,,,,,,,,,,,,,2.76603,3.29079,8.66928,7.70593,8.34908,7.17103,6.54981,7.53956,8.33892,9.59905,10.91095,11.93199,12.78188,14.41867,16.53031,18.33408,22.24739,24.45582,23.56466,24.56841,25.9803,27.71976,26.27252,27.02202,28.42888,29.51082,31.63327,33.55366,36.29232,35.93065,41.35286,49.85914,54.67232,59.9318,63.20887,67.25361
CZE.1.0.99.0.UCPH,CZE,1.0,0.0,99.0,0.0,UCPH,Czechia,01 Private final consumption expenditure,Private final consumption expenditure at current prices ,Mrd ECU/EUR,,,,,,,,,,,,,,,,,,,,,,,,,,,,,,,13.5005,12.7006,13.9357,17.9275,20.1459,22.6546,26.3867,28.2605,30.3239,31.1666,33.9443,37.7803,43.6714,44.3636,47.168,52.8517,58.6095,64.0615,76.8292,72.8191,79.3246,83.0246,82.1168,80.6202,77.9852,82.0294,86.6378,95.7367,104.6808,110.949,103.7432,116.2308,139.3754,149.9401,149.9509,156.6992,165.3193
DNK.1.0.99.0.UCPH,DNK,1.0,0.0,99.0,0.0,UCPH,Denmark,01 Private final consumption expenditure,Private final consumption expenditure at current prices ,Mrd ECU/EUR,3.6336,3.9966,4.4825,4.7345,5.3095,5.8244,6.47,7.1324,7.4633,8.335,9.208,9.8264,10.6253,13.1261,15.1092,17.559,21.8728,24.08,25.8729,27.932,27.4922,30.0471,32.6804,35.6638,39.4694,43.4894,47.4368,48.8418,49.6519,51.5054,54.1523,56.199,59.1374,60.8511,66.9999,71.461,74.1349,76.3497,79.2997,81.4162,83.7801,86.1764,89.366,91.6398,97.0787,102.4267,107.513,111.5885,115.1969,112.6552,116.8559,119.7685,123.1093,125.6515,126.1891,128.8343,133.3999,138.4582,144.0651,147.576,146.1814,159.7216,167.4351,174.4063,178.5929,184.6644,191.1842
DEU.1.0.99.0.UCPH,DEU,1.0,0.0,99.0,0.0,UCPH,Germany,01 Private final consumption expenditure,Private final consumption expenditure at current prices ,Mrd ECU/EUR,,,,,,,,,,,,,,,,,,,,,,,,,,,,,,,,841.944,918.819,999.491,1043.435,1101.226,1106.042,1097.257,1114.882,1164.899,1201.814,1238.791,1250.939,1282.424,1306.221,1334.453,1369.999,1394.366,1423.468,1427.145,1458.929,1505.962,1546.258,1571.749,1604.736,1650.306,1699.336,1753.78,1808.497,1865.115,1748.769,1840.839,2075.093,2205.628,2278.35,2353.462,2439.454
D_W.1.0.99.0.UCPH,D_W,1.0,0.0,99.0,0.0,UCPH,West Germany,01 Private final consumption expenditure,Private final consumption expenditure at current prices ,Mrd ECU/EUR,40.0928,45.2524,49.5318,52.4342,56.4758,62.3096,66.5277,68.6792,75.6316,85.0625,102.0368,116.6576,131.1024,158.1283,180.9577,200.3549,234.8349,267.3285,292.493,325.0487,350.3,371.9415,409.2361,447.97,474.934,493.7102,530.5634,563.9016,588.8044,631.4039,683.5669,734.8334,,,,,,,,,,,,,,,,,,,,,,,,,,,,,,,,,,,
EST.1.0.99.0.UCPH,EST,1.0,0.0,99.0,0.0,UCPH,Estonia,01 Private final consumption expenditure,Private final consumption expenditure at current prices ,Mrd ECU/EUR,,,,,,,,,,,,,,,,,,,,,,,,,,,,,,,,,,0.89285,1.24127,1.67068,2.18439,2.64031,2.90786,3.03761,3.35735,3.82768,4.33606,4.83312,5.41899,6.16631,7.34587,8.59516,8.85921,7.5382,7.72853,8.44438,9.26926,9.97935,10.46589,10.98075,11.63121,12.44946,13.49889,14.47552,14.15632,15.79297,19.09462,20.49773,21.00794,21.88067,23.05021
IRL.1.0.99.0.UCPH,IRL,1.0,0.0,99.0,0.0,UCPH,Ireland,01 Private final consumption expenditure,Private final consumption expenditure at current prices ,Mrd ECU/EUR,1.4773,1.542,1.6573,1.7687,1.9723,2.0752,2.1886,2.3002,2.3757,2.7155,3.0204,3.3915,3.733,3.989,4.5887,5.0078,5.559,6.4421,7.4777,8.9082,10.5096,12.5076,13.4086,14.2769,15.3968,17.1848,17.865,17.8835,19.4096,21.3536,22.1952,23.2,24.8052,24.7988,26.791,27.7144,31.4817,36.702,39.1306,44.0309,50.9097,55.6394,60.6024,64.7303,68.3873,74.3128,81.0292,89.0559,90.6105,80.1414,79.4841,79.1465,79.4757,80.8306,83.6933,86.8423,91.0033,94.7463,100.9276,105.4093,94.4816,105.8201,126.0463,142.6512,152.5141,160.2338,167.5235
GRC.1.0.99.0.UCPH,GRC,1.0,0.0,99.0,0.0,UCPH,Greece,01 Private final consumption expenditure,Private final consumption expenditure at current prices ,Mrd ECU/EUR,2.9927,3.2072,3.3954,3.6924,4.125,4.6075,5.0956,5.5571,6.2221,6.868,7.7427,8.2096,8.4846,9.5241,12.1585,13.1874,15.6554,18.6354,20.5084,23.2158,24.3998,28.7689,33.9594,34.6305,36.6191,36.8196,34.1611,36.1725,41.2254,46.5418,50.8098,55.9058,60.3282,62.8621,66.3561,70.8009,76.8007,82.4547,84.434,90.7273,91.015,97.4219,104.6063,112.3386,120.4902,128.0105,134.524,145.6697,156.77,155.3262,149.2106,141.3879,129.3947,123.2714,120.5054,119.3971,118.786,122.1962,125.056,128.41,119.0554,126.3374,145.2207,154.6735,161.6271,168.1714,174.8952
ESP.1.0.99.0.UCPH,ESP,1.0,0.0,99.0,0.0,UCPH,Spain,01 Private final consumption expenditure,Private final consumption expenditure at current prices ,Mrd ECU/EUR,8.2265,9.2016,10.527,12.632,14.0561,16.4936,18.9239,20.8997,21.05,23.4208,26.0736,29.0236,34.1079,41.039,52.9537,61.0081,70.4918,76.2191,81.6512,102.0544,109.6121,120.2488,131.3451,124.9027,138.8864,150.5777,159.9457,172.9128,196.4056,233.2207,259.3378,286.0824,301.9507,277.1947,275.7066,286.6096,306.0743,313.5022,330.1346,355.029,386.194,415.688,440.229,465.322,501.503,539.887,581.51,621.914,639.994,611.492,626.405,625.508,617.155,605.124,616.417,634.404,652.537,682.792,704.368,720.025,633.624,693.559,774.497,830.45,875.7655,913.9177,950.6998
FRA.1.0.99.0.UCPH,FRA,1.0,0.0,99.0,0.0,UCPH,France,01 Private final consumption expenditure,Private final consumption expenditure at current prices ,Mrd ECU/EUR,32.677,35.199,39.296,44.141,48.113,51.3,55.322,60.093,68.142,74.595,76.378,83.835,95.259,111.718,126.575,153.794,177.018,189.346,208.86,236.051,268.612,302.853,328.367,344.515,368.836,403.622,430.637,449.59,470.467,504.787,541.428,555.456,586.894,617.88,639.623,663.82,691.644,690.188,721.152,748.505,793.414,828.481,853.001,880.59,916.926,957.087,1004.311,1051.555,1086.786,1072.828,1106.397,1135.43,1146.394,1160.707,1174.088,1196.048,1219.21,1246.647,1283.91,1315.98,1242.137,1325.107,1433.725,1546.752,1598.58,1635.526,1685.714
HRV.1.0.99.0.UCPH,HRV,1.0,0.0,99.0,0.0,UCPH,Croatia,01 Private final consumption expenditure,Private final consumption expenditure at current prices ,Mrd ECU/EUR,,,,,,,,,,,,,,,,,,,,,,,,,,,,,,,,,,,,11.39558,11.93372,13.80593,14.1947,13.44958,14.69871,16.55133,18.70833,19.59292,21.12551,23.09351,24.4949,26.42154,29.1529,26.96518,27.12116,27.42001,27.30922,27.18439,26.23038,26.31684,27.13632,28.50391,30.07066,31.64744,29.69808,33.80159,39.91697,44.692,48.42538,51.37274,53.9198
ITA.1.0.99.0.UCPH,ITA,1.0,0.0,99.0,0.0,UCPH,Italy,01 Private final consumption expenditure,Private final consumption expenditure at current prices ,Mrd ECU/EUR,22.354,24.467,27.338,31.745,34.801,37.765,41.741,46.524,50.803,56.085,64.127,69.329,75.509,83.129,94.14,108.145,116.295,129.914,139.581,163.285,199.517,225.197,254.45,287.114,321.426,344.238,377.956,403.452,433.382,489.815,528.835,578.151,594.693,527.078,540.974,524.765,600.336,643.494,672.498,705.431,746.914,771.574,794.057,824.248,852.71,882.546,918.866,950.515,970.089,951.476,976.27,1006.433,996.211,984.567,989.832,1009.504,1022.652,1049.069,1068.464,1077.801,966.22,1037.701,1163.928,1235.204,1248.683,1283.265,1319.383
CYP.1.0.99.0.UCPH,CYP,1.0,0.0,99.0,0.0,UCPH,Cyprus,01 Private final consumption expenditure,Private final consumption expenditure at current prices ,Mrd ECU/EUR,0.2206,0.23054,0.25041,0.27183,0.25132,0.28499,0.31389,0.35534,0.35101,0.40037,0.43802,0.49213,0.5543,0.60531,0.60695,0.49745,0.60021,0.74977,0.86318,0.96397,1.1968,1.37093,1.61052,1.91579,2.22433,1.90303,1.93337,1.84249,2.40606,2.46952,2.86819,3.33283,3.61823,3.61475,3.93827,4.69876,4.97263,5.26016,5.70845,6.03711,6.68843,7.14746,7.46246,7.83774,8.56856,9.25984,9.99115,11.24621,12.68977,11.89544,12.80519,13.0666,13.03622,12.09324,12.00726,12.07818,12.45646,13.18771,14.16349,14.85084,13.76562,14.60734,17.03022,18.70267,19.7288,20.5319,21.30387
LVA.1.0.99.0.UCPH,LVA,1.0,0.0,99.0,0.0,UCPH,Latvia,01 Private final consumption expenditure,Private final consumption expenditure at current prices ,Mrd ECU/EUR,,,,,,,,,,,,,,,,,,,,,,,,,,,,,,,,,0.50055,1.10006,2.0352,2.66101,3.1343,3.79228,4.01587,4.50607,5.30576,5.7197,6.03851,6.1451,6.99618,8.07987,10.37379,12.72965,13.18799,10.91195,11.00951,11.58039,12.70462,13.50587,13.70794,13.97615,14.6231,15.46297,16.44758,16.97188,16.20132,17.96564,21.48278,23.18197,23.4118,24.19782,25.31451
LTU.1.0.99.0.UCPH,LTU,1.0,0.0,99.0,0.0,UCPH,Lithuania,01 Private final consumption expenditure,Private final consumption expenditure at current prices ,Mrd ECU/EUR,,,,,,,,,,,,,,,,,,,,,,,,,,,,,,,,,1.09485,1.6933,2.46813,3.31763,4.28212,5.52642,6.187,6.74339,8.08362,8.89288,9.72145,10.67292,11.81095,13.49283,15.41093,18.35059,21.14124,18.22595,17.70265,19.20047,20.44451,21.38443,22.25098,22.94467,24.07821,25.7671,27.36692,28.75139,28.16848,31.85139,38.51191,41.82274,43.80271,46.55199,49.18869
LUX.1.0.99.0.UCPH,LUX,1.0,0.0,99.0,0.0,UCPH,Luxembourg,01 Private final consumption expenditure,Private final consumption expenditure at current prices ,Mrd ECU/EUR,0.33104,0.34548,0.36281,0.39123,0.44018,0.47331,0.49718,0.51072,0.56494,0.6094,0.67443,0.74918,0.85067,0.97417,1.16624,1.36363,1.62299,1.85279,2.01245,2.18091,2.38476,2.58974,2.65539,2.8428,3.07234,3.32715,3.53506,3.79481,4.07586,4.41631,4.85632,5.39809,5.57908,6.08458,6.62989,7.08602,7.23632,7.35029,7.84787,8.50124,9.21003,9.74748,10.40013,10.91132,11.29753,11.60854,12.37946,12.94483,13.66531,13.83124,14.5794,15.2573,15.96169,16.33429,16.94541,17.61489,18.34295,19.30617,20.1844,20.97271,19.49478,21.98635,23.70277,25.55316,26.63764,28.05445,29.28801
HUN.1.0.99.0.UCPH,HUN,1.0,0.0,99.0,0.0,UCPH,Hungary,01 Private final consumption expenditure,Private final consumption expenditure at current prices ,Mrd ECU/EUR,,,,,,,,,,,,,,,,,,,,,,,,,,,,,,,,,10.2156,20.4701,21.0758,19.1241,19.4886,21.48,22.5406,25.0058,27.8712,32.3728,39.1465,42.4578,46.0404,49.733,49.0228,55.5564,57.9461,50.5512,52.4669,53.7502,53.6938,53.2192,53.0512,55.1504,58.099,63.7666,67.209,72.4007,68.47,74.6597,84.0126,97.3996,102.2925,107.7897,115.5493
MLT.1.0.99.0.UCPH,MLT,1.0,0.0,99.0,0.0,UCPH,Malta,01 Private final consumption expenditure,Private final consumption expenditure at current prices ,Mrd ECU/EUR,0.10385,0.10801,0.10774,0.10719,0.1124,0.11786,0.12616,0.13707,0.14294,0.17341,0.19952,0.20227,0.21541,0.22983,0.2683,0.28881,0.32909,0.41222,0.43796,0.48323,0.64643,0.76792,0.88403,0.98609,1.11913,0.92477,0.94209,0.89988,1.15339,1.17485,1.31467,1.42412,1.48158,1.44617,1.56126,1.74784,1.91817,2.09808,2.23268,2.44241,2.80505,2.93194,2.89198,2.96671,3.10962,3.29253,3.48015,3.62362,3.813,3.83291,4.01702,4.27078,4.42687,4.6342,4.80304,5.04375,5.23064,5.61743,6.25368,6.73819,6.06651,6.86099,8.01601,9.45762,10.17971,10.85102,11.50523
NLD.1.0.99.0.UCPH,NLD,1.0,0.0,99.0,0.0,UCPH,Netherlands,01 Private final consumption expenditure,Private final consumption expenditure at current prices ,Mrd ECU/EUR,6.6417,7.3666,8.0754,8.9698,10.1426,11.3353,12.3301,13.45,15.2164,17.5265,19.5613,21.9515,24.5629,29.5315,36.0126,41.1953,50.2147,58.2503,64.5649,68.9319,73.3094,75.1518,82.5522,88.4949,91.9658,96.3321,102.9713,107.6152,110.1621,115.5475,123.1007,131.029,138.2147,148.8962,156.9024,169.1491,176.2789,181.7504,194.4039,211.203,225.287,237.739,249.214,255.198,260.558,267.616,274.712,285.873,294.904,285.927,290.857,300.19,300.662,304.838,309.66,316.815,323.097,337.163,352.3,364.276,348.703,380.427,437.447,471.181,488.1971,508.3084,528.5322
AUT.1.0.99.0.UCPH,AUT,1.0,0.0,99.0,0.0,UCPH,Austria,01 Private final consumption expenditure,Private final consumption expenditure at current prices ,Mrd ECU/EUR,3.7457,4.0513,4.3598,4.7223,5.0662,5.5532,5.9271,6.4025,7.062,7.5598,8.1807,9.3052,10.612,12.8137,15.9895,18.1015,21.6841,25.88,27.0267,29.7051,32.9125,36.2057,41.4123,47.124,49.2785,52.2313,56.7045,60.345,62.6521,66.7107,72.2587,76.8252,83.417,89.7959,94.2963,99.8494,102.2978,101.3751,104.3441,107.6559,113.3502,117.8526,119.5858,124.129,128.8457,134.8222,140.3639,145.6072,150.1225,151.8842,156.4786,163.1685,168.0365,170.938,174.2131,178.621,184.3525,191.3709,197.1482,201.9845,188.5997,201.6842,227.966,245.8541,254.3657,263.3321,271.8219
POL.1.0.99.0.UCPH,POL,1.0,0.0,99.0,0.0,UCPH,Poland,01 Private final consumption expenditure,Private final consumption expenditure at current prices ,Mrd ECU/EUR,,,,,,,,,,,,,,,,,,,,,28.2095,19.3592,36.9818,56.6677,62.5257,86.7526,41.8364,22.0457,21.1128,32.4917,15.0763,26.2352,26.3003,51.065,57.4762,64.6392,77.4212,87.581,96.3835,100.2778,119.6035,138.0897,140.3383,125.5414,132.7995,155.225,170.703,189.2985,227.2672,195.4772,225.3185,234.7998,240.2445,239.6633,247.3867,256.1405,252.9348,280.0621,297.6532,311.365,301.6214,329.2112,384.769,432.324,491.1316,531.0522,561.207
PRT.1.0.99.0.UCPH,PRT,1.0,0.0,99.0,0.0,UCPH,Portugal,01 Private final consumption expenditure,Private final consumption expenditure at current prices ,Mrd ECU/EUR,2.3665,2.4228,2.5982,2.7112,2.9116,3.395,3.586,4.0264,4.5295,4.6517,5.2795,5.9004,6.4677,7.9222,10.2179,11.2489,12.5585,11.8393,11.408,12.0774,15.2776,19.1851,20.2611,20.1527,21.8157,22.9501,24.3867,25.9392,30.1662,34.3227,39.181,47.4399,54.1635,53.3351,54.9334,58.9051,62.8327,65.9856,69.7847,75.7275,81.4985,85.3632,89.4736,92.3795,96.9592,102.2609,107.4856,113.909,118.7315,113.6796,118.4503,116.0791,111.9634,111.6469,114.5343,117.4501,121.5081,125.6594,130.9836,136.7378,128.0471,137.0583,155.2153,165.1998,173.8677,181.4066,189.365
ROM.1.0.99.0.UCPH,ROM,1.0,0.0,99.0,0.0,UCPH,Romania,01 Private final consumption expenditure,Private final consumption expenditure at current prices ,Mrd ECU/EUR,,,,,,,,,,,,,,,,,,,,,16.4244,25.279,32.7322,32.9888,33.2703,65.5968,32.7632,23.5937,22.9778,25.5809,13.2406,9.9788,6.0824,15.6133,17.3696,19.8617,21.2233,22.8926,28.7363,24.3782,27.9356,31.2231,33.4481,35.0169,42.3992,56.3437,66.8359,85.9678,93.6554,79.0406,82.7068,89.2985,90.1113,87.7236,91.8487,98.3927,103.992,117.065,131.6229,140.2414,135.502,149.0973,178.0658,200.6968,220.8206,236.3304,253.3282
SVN.1.0.99.0.UCPH,SVN,1.0,0.0,99.0,0.0,UCPH,Slovenia,01 Private final consumption expenditure,Private final consumption expenditure at current prices ,Mrd ECU/EUR,,,,,,,,,,,,,,,,,,,,,,,,,,,,,,,,5.47928,5.64382,6.702,7.27301,9.66524,9.88582,10.48123,11.19981,12.12023,12.17986,12.69511,13.43345,14.18742,14.69161,15.29692,15.87845,17.6466,19.1357,19.49367,20.10331,20.65854,20.55802,20.05026,20.26488,20.58236,21.32534,22.19698,23.41615,25.04903,23.41464,26.76281,30.97301,33.34453,34.4962,36.59671,38.30684
SVK.1.0.99.0.UCPH,SVK,1.0,0.0,99.0,0.0,UCPH,Slovakia,01 Private final consumption expenditure,Private final consumption expenditure at current prices ,Mrd ECU/EUR,,,,,,,,,,,,,,,,,,,,,,,,,,,,,,,,,,6.55631,7.09952,8.01629,9.00357,9.94678,10.65729,10.42406,11.98615,13.10176,14.46681,15.97167,18.96688,21.18279,24.51838,29.92208,36.12919,37.5129,38.36239,39.13509,40.69517,40.56422,41.53257,42.80636,44.22848,47.36089,50.24134,52.84458,54.20519,57.62063,67.74963,72.25911,75.61945,79.97528,83.94189
FIN.1.0.99.0.UCPH,FIN,1.0,0.0,99.0,0.0,UCPH,Finland,01 Private final consumption expenditure,Private final consumption expenditure at current prices ,Mrd ECU/EUR,2.924,3.2012,3.5233,3.863,4.3987,4.8429,5.1484,5.226,4.8573,5.53,6.0486,6.4306,7.123,8.3652,10.5669,12.5967,15.1497,15.7388,15.3073,17.14,20.0729,24.4596,28.5264,30.1685,34.8378,38.408,39.0402,41.4463,46.873,54.3455,55.7548,54.9241,46.884,40.9936,45.8026,52.3013,53.6763,56.1173,58.7695,61.984,65.208,68.763,71.639,75.339,78.385,81.737,86.126,90.864,95.808,94.766,98.228,104.418,107.778,109.843,111.849,113.898,116.181,117.9,120.787,122.478,118.723,125.257,134.714,141.309,143.1477,147.9543,152.8134
SWE.1.0.99.0.UCPH,SWE,1.0,0.0,99.0,0.0,UCPH,Sweden,01 Private final consumption expenditure,Private final consumption expenditure at current prices ,Mrd ECU/EUR,8.4643,9.0214,9.6678,10.3977,11.1999,12.3126,13.3743,14.4861,15.8826,17.26,18.7554,19.8955,22.0142,24.1236,28.2419,32.8168,40.0952,41.7845,41.2355,44.6388,49.7011,57.8539,59.0148,57.6371,65.9761,72.2076,74.0559,78.3825,86.3391,95.0245,98.0053,109.1196,109.2045,92.3624,96.0801,98.1131,110.9766,114.2798,115.0432,123.3451,137.6887,129.3389,135.8447,141.2668,145.956,149.3061,155.251,164.2376,162.5804,151.8305,177.9134,194.0507,204.5874,210.793,207.9571,212.9207,217.0148,222.3445,218.2977,217.4921,214.7289,240.3323,251.8936,242.4589,249.9582,259.9622,271.9294
GBR.1.0.99.0.UCPH,GBR,1.0,0.0,99.0,0.0,UCPH,United Kingdom,01 Private final consumption expenditure,Private final consumption expenditure at current prices ,Mrd ECU/EUR,45.662,47.652,50.493,53.801,57.711,61.705,65.566,68.368,67.044,72.174,79.216,88.541,96.259,99.326,114.419,128.282,135.504,147.846,168.592,206.283,260.852,318.361,347.355,366.405,393.249,431.867,418.326,438.1,523.38,565.83,580.074,630.825,629.053,633.071,668.057,657.758,718.538,904.182,976.888,1053.133,1194.572,1219.47,1247.985,1188.331,1269.373,1320.313,1375.72,1435.841,1275.074,1117.544,1197.323,1225.354,1356.63,1357.768,1486.98,1692.291,1573.486,1524.992,1573.035,1626.78,1400.756,1593.716,1866.141,1965.871,2078.938,2175.938,2249.027
MKD.1.0.99.0.UCPH,MKD,1.0,0.0,99.0,0.0,UCPH,North Macedonia,01 Private final consumption expenditure,Private final consumption expenditure at current prices ,Mrd ECU/EUR,,,,,,,,,,,,,,,,,,,,,,,,,,,,,,,,,,,,2.56943,2.67356,2.54848,2.46655,2.56264,3.08962,2.97892,3.28,3.49767,3.70849,4.03543,4.32574,4.71373,5.32322,5.19314,5.36977,5.57589,5.60446,5.84745,5.97675,6.24564,6.46199,6.69066,7.07516,7.377,7.16678,8.02182,9.20905,9.98422,10.62895,11.22435,11.84656
SRB.1.0.99.0.UCPH,SRB,1.0,0.0,99.0,0.0,UCPH,Serbia,01 Private final consumption expenditure,Private final consumption expenditure at current prices ,Mrd ECU/EUR,,,,,,,,,,,,,,,,,,,,,,,,,,,,,,,,,,,,,,16.22048,13.28044,14.34125,5.73235,11.129,13.47739,14.17158,15.90385,16.80667,19.85592,23.89647,27.1055,24.60287,24.01486,26.98754,25.60428,26.84064,26.44132,26.04677,26.38657,28.25592,30.28177,31.92849,31.68586,35.76892,41.71579,47.0853,51.36662,55.51186,59.98451
ISL.1.0.99.0.UCPH,ISL,1.0,0.0,99.0,0.0,UCPH,Iceland,01 Private final consumption expenditure,Private final consumption expenditure at current prices ,Mrd ECU/EUR,0.15131,0.14172,0.15856,0.19151,0.23888,0.27801,0.34597,0.35851,0.28286,0.23169,0.29907,0.36917,0.4231,0.50125,0.70269,0.62326,0.79791,1.0302,1.05393,1.13553,1.32739,1.7553,1.87588,1.78132,2.13687,2.34068,2.3554,2.86207,3.02434,2.98574,2.99959,3.33547,3.26825,3.04325,3.0342,3.10868,3.36987,3.80143,4.33248,4.95444,5.79012,5.04769,5.35934,5.70758,6.28876,7.92517,7.86994,8.80137,5.7255,4.83472,5.33953,5.67039,6.13729,6.36667,7.04376,7.847,9.26508,10.97984,11.18292,11.06026,9.84513,11.23754,13.72729,14.35446,15.27765,16.19689,17.11462
NOR.1.0.99.0.UCPH,NOR,1.0,0.0,99.0,0.0,UCPH,Norway,01 Private final consumption expenditure,Private final consumption expenditure at current prices ,Mrd ECU/EUR,2.8675,3.0898,3.3183,3.5322,3.8348,4.0949,4.3889,4.786,5.2941,5.9401,6.5198,7.2286,7.9427,9.1931,11.2695,13.3301,16.2746,18.8656,18.2676,19.289,21.7873,26.5406,30.2194,32.476,35.9471,40.9291,41.1585,41.4869,43.3536,45.7676,46.1144,48.3804,50.485,51.1974,53.0389,56.834,61.8538,66.7624,66.6723,71.8427,78.8804,82.9366,92.9549,92.5479,94.4257,104.1994,110.8353,118.6569,121.6912,117.5418,135.8083,144.3648,157.4042,158.1188,154.2188,151.3212,151.9189,157.7839,159.2043,160.2888,140.2578,160.0495,179.8358,168.3109,170.9714,176.8116,186.8977
CHE.1.0.99.0.UCPH,CHE,1.0,0.0,99.0,0.0,UCPH,Switzerland,01 Private final consumption expenditure,Private final consumption expenditure at current prices ,Mrd ECU/EUR,5.618,6.1051,6.7975,7.3824,8.0579,8.6695,9.3468,10.0896,11.1257,12.1362,13.2965,15.3749,17.6367,21.7183,26.8698,29.9718,35.4768,37.7152,46.7532,49.2854,51.7492,58.9213,68.8141,76.5237,81.0404,84.6017,92.8192,98.7373,101.9964,103.5531,113.1322,120.5649,122.6181,131.64,141.9933,152.0761,153.3392,150.3136,155.904,161.6759,171.5233,181.7836,186.9938,183.2682,184.9675,188.7743,191.3887,190.1065,203.3453,215.7736,241.2075,272.7818,282.6265,281.7714,287.7245,330.7208,328.6386,328.6543,322.3542,337.6999,337.6609,342.5921,394.512,421.9018,440.3948,457.9267,472.6821
AUS.1.0.99.0.UCPH,AUS,1.0,0.0,99.0,0.0,UCPH,Australia,01 Private final consumption expenditure,Private final consumption expenditure at current prices ,Mrd ECU/EUR,10.8001,11.0157,11.7411,12.7524,13.8245,14.7309,15.9255,17.4287,19.6287,21.8666,24.0767,26.29,28.8168,37.2709,47.5373,49.0432,59.6142,59.0387,60.4331,61.3842,74.2775,104.4906,115.9617,122.9539,144.1387,133.4957,109.1725,108.2139,131.4154,158.8962,144.4188,155.3854,144.9191,154.7392,174.9548,171.0446,194.0797,219.6783,200.333,230.0679,258.1207,250.0122,266.8606,284.9832,311.3484,343.2488,365.6629,403.0042,390.5651,406.9453,529.5887,596.1401,676.3805,636.1624,618.5725,638.9585,655.5787,690.0982,665.6364,641.6321,638.7486,721.3991,838.7443,,,,
CAN.1.0.99.0.UCPH,CAN,1.0,0.0,99.0,0.0,UCPH,Canada,01 Private final consumption expenditure,Private final consumption expenditure at current prices ,Mrd ECU/EUR,52.405,50.511,50.873,53.627,57.497,62.231,67.937,73.744,83.255,91.323,99.379,109.478,116.734,120.393,147.111,161.887,206.462,208.976,195.123,197.322,218.711,,,,,,,,,,,283.122,264.278,285.078,275.836,258.668,280.198,328.709,322.445,357.913,440.095,454.834,450.598,441.673,452.071,511.687,572.05,588.224,578.706,570.781,695.637,720.695,797.07,777.942,759.191,811.142,808.129,847.302,846.209,899.501,824.701,920.755,1105.589,1093.451,,,
JPN.1.0.99.0.UCPH,JPN,1.0,0.0,99.0,0.0,UCPH,Japan,01 Private final consumption expenditure,Private final consumption expenditure at current prices ,Mrd ECU/EUR,23.192,26.945,30.837,36.001,41.498,46.887,53.961,62.204,73.418,84.934,97.765,111.522,137.866,169.895,201.466,220.54,271.43,328.636,414.402,406.335,421.032,575.111,621.91,754.508,896.131,981.601,1118.689,1159.57,1346.748,1435.993,1281.76,1484.98,1563.385,2013.413,2220.58,2236.521,2034.267,2085.891,1942.014,2354.754,2888.692,2662.226,2446.084,2196.236,2155.107,2132.486,2016.904,1833.872,1930.645,2187.831,2473.258,2565.287,2816.51,2280.924,2131.047,2234.055,2477.403,2383.796,2338.205,2494.685,2394.706,2278.017,2255.768,2120.834,2017.258,2087.317,2142.75
KOR.1.0.99.0.UCPH,KOR,1.0,0.0,99.0,0.0,UCPH,Korea,01 Private final consumption expenditure,Private final consumption expenditure at current prices ,Mrd ECU/EUR,,1.8995,2.1865,3.0045,2.6762,2.4343,2.8865,3.6098,4.4867,5.4245,6.4956,7.1273,7.0445,7.7424,11.1955,12.1321,17.2149,20.5712,24.3513,29.3071,31.3217,42.1919,49.8678,62.005,77.7828,63.8241,58.1219,57.6213,83.2011,104.3874,104.4032,124.1085,149.526,179.9015,195.0581,224.0162,259.31,275.5327,172.6468,245.551,340.3367,339.178,374.4858,336.1312,329.4629,393.3004,444.9241,449.1869,377.536,351.2929,435.4694,461.3957,509.9928,521.3555,558.214,640.4966,650.0678,683.6104,701.7137,717.0163,669.0968,706.0871,765.4631,,,,
NZL.1.0.99.0.UCPH,NZL,1.0,0.0,99.0,0.0,UCPH,New Zealand,01 Private final consumption expenditure,Private final consumption expenditure at current prices ,Mrd ECU/EUR,2.5326,2.5602,2.6725,2.8925,3.1035,3.3716,3.6027,3.6787,3.2987,3.6273,4.0588,4.6017,5.1099,6.0713,7.2767,6.9284,7.336,7.8548,8.4833,9.0618,10.6323,13.5313,14.7877,15.7688,17.2343,18.4215,17.4369,19.2566,22.5651,23.6375,21.5039,21.3137,19.2513,22.3584,26.0625,27.8428,32.1024,35.9652,30.721,33.156,34.2023,34.1547,38.1384,42.5945,47.3314,53.5891,51.7302,56.7968,52.6527,51.0889,63.9852,70.5739,80.6004,82.6128,87.1307,91.9345,98.9952,105.0795,103.8208,108.7479,106.6884,123.5566,136.5153,,,,
USA.1.0.99.0.UCPH,USA,1.0,0.0,99.0,0.0,UCPH,United States,01 Private final consumption expenditure,Private final consumption expenditure at current prices ,Mrd ECU/EUR,313.56,319.93,338.9,357.11,383.84,414.07,448.6,475.84,541.22,590.54,632.66,668.03,684.76,689.74,779.88,830.57,1026.49,1116.43,1116.28,1156.84,1257.36,1732.23,2114.14,2562.97,3158.72,3555.07,2932.71,2664.74,2816.13,3246.43,2991.13,3182.36,3233.62,3801.87,3968.8,3794.0,4130.42,4882.36,5242.44,5895.94,7326.86,7898.13,7771.94,6843.19,6617.85,7048.58,7388.69,7111.82,6833.28,7091.58,7739.4,7686.21,8598.58,8574.71,8938.23,11083.64,11497.71,11764.94,11799.3,12896.71,12454.65,13628.17,16818.69,17408.04,18214.09,19009.25,19773.34
BEL.1.0.99.0.UCCG,BEL,1.0,0.0,99.0,0.0,UCCG,Belgium,06 Collective consumption expenditure of general government,Collective consumption of general government at current prices ,Mrd ECU/EUR,,,,,,,,,,,2.09492,2.44704,2.84855,3.40664,4.07646,4.94512,5.86775,6.86873,7.92972,8.67897,9.31873,10.05552,9.81067,9.94474,10.60697,11.17259,11.97218,12.26196,12.03905,12.62628,13.29328,14.42653,14.97738,16.22718,17.56996,18.88222,18.59643,18.53588,18.72049,19.8972,20.8542,22.115,23.9357,24.4695,25.2392,26.3169,27.3593,28.3312,29.9558,31.3453,31.9411,33.0546,34.4282,34.8205,35.6275,35.5465,35.2682,35.8017,37.175,38.6334,39.9991,41.8518,45.9151,50.0427,52.49787,54.72503,56.85435
BGR.1.0.99.0.UCCG,BGR,1.0,0.0,99.0,0.0,UCCG,Bulgaria,06 Collective consumption expenditure of general government,Collective consumption of general government at current prices ,Mrd ECU/EUR,,,,,,,,,,,,,,,,,,,,,,,,,,,,,,,0.95382,0.40437,0.45353,1.02022,0.88535,1.06287,0.62496,0.55648,1.23515,1.26113,1.59229,1.57814,1.69818,1.90153,2.11743,2.33968,2.64541,2.98992,3.23747,3.22482,3.1863,3.26743,3.34178,3.68763,3.5535,3.69884,3.81869,4.20941,4.67797,5.17915,5.9477,6.41812,7.79879,8.36319,10.28473,11.52635,12.88634
CZE.1.0.99.0.UCCG,CZE,1.0,0.0,99.0,0.0,UCCG,Czechia,06 Collective consumption expenditure of general government,Collective consumption of general government at current prices ,Mrd ECU/EUR,,,,,,,,,,,,,,,,,,,,,,,,,,,,,,,,,,,,4.50386,4.90072,5.50823,5.49851,6.18795,6.63277,7.42918,8.93347,9.62684,9.5728,11.26385,12.69556,13.5358,15.87036,15.53624,16.11445,15.37835,14.57589,14.597,14.02669,14.9257,15.73261,16.93967,18.96241,20.08247,20.53639,21.35438,23.65461,26.41212,28.18535,28.66532,29.90581
DNK.1.0.99.0.UCCG,DNK,1.0,0.0,99.0,0.0,UCCG,Denmark,06 Collective consumption expenditure of general government,Collective consumption of general government at current prices ,Mrd ECU/EUR,,,,,,,0.70792,0.80554,0.90155,1.05387,1.24232,1.48613,1.65639,1.94862,2.26248,2.76316,3.46369,3.57451,4.00569,4.40674,4.68663,5.23907,6.0519,6.59426,6.67484,7.08711,7.18244,8.06843,8.0002,8.68928,8.47984,8.91084,8.98505,9.84201,10.1063,10.81267,11.42729,11.85471,12.34368,13.23314,13.7663,14.31937,14.74074,14.90473,15.52751,16.28637,17.03473,17.64258,18.89423,19.88008,20.17086,19.81025,20.43546,20.01852,19.92914,20.08275,20.16015,20.86014,21.4387,22.19865,22.89612,24.00365,24.90114,25.93326,28.35781,31.07031,32.0309
DEU.1.0.99.0.UCCG,DEU,1.0,0.0,99.0,0.0,UCCG,Germany,06 Collective consumption expenditure of general government,Collective consumption of general government at current prices ,Mrd ECU/EUR,,,,,,,,,,,,,,,,,,,,,,,,,,,,,,,,127.2344,140.4903,154.9168,156.1713,163.4703,162.2388,157.4487,158.7654,171.823,175.484,176.185,181.256,180.441,181.42,178.03,178.83,178.78,186.533,193.817,197.256,200.008,209.228,214.922,219.95,226.084,232.7,243.348,253.382,268.678,287.317,301.045,322.669,350.518,374.5927,396.2059,415.3889
D_W.1.0.99.0.UCCG,D_W,1.0,0.0,99.0,0.0,UCCG,West Germany,06 Collective consumption expenditure of general government,Collective consumption of general government at current prices ,Mrd ECU/EUR,,,,,,,,,,,15.9807,19.2811,21.495,26.8561,32.7724,35.8084,40.0272,44.7246,49.866,54.7421,59.4836,64.3878,70.5122,76.1131,78.6139,82.0259,89.8701,96.0009,98.4043,102.6689,109.1385,109.0281,,,,,,,,,,,,,,,,,,,,,,,,,,,,,,,,,,,
EST.1.0.99.0.UCCG,EST,1.0,0.0,99.0,0.0,UCCG,Estonia,06 Collective consumption expenditure of general government,Collective consumption of general government at current prices ,Mrd ECU/EUR,,,,,,,,,,,,,,,,,,,,,,,,,,,,,,,,,,0.111285,0.206849,0.30953,0.361266,0.419639,0.472704,0.53974,0.55514,0.59368,0.65346,0.72628,0.76276,0.85969,0.9584,1.18282,1.37384,1.28259,1.30552,1.39555,1.50023,1.64033,1.75435,1.88443,1.99639,2.13666,2.20185,2.4315,2.48815,2.66358,2.97208,3.34812,3.560238,3.602476,3.631217
IRL.1.0.99.0.UCCG,IRL,1.0,0.0,99.0,0.0,UCCG,Ireland,06 Collective consumption expenditure of general government,Collective consumption of general government at current prices ,Mrd ECU/EUR,,,,,,,,,,,,,,,,,,,,,,,,,,2.30135,2.40799,2.3104,2.30347,2.39351,2.77609,3.09004,3.26996,3.18229,3.40264,3.49705,3.78449,4.46014,4.62809,4.9499,5.79027,6.63857,7.30226,7.81552,8.30335,8.55875,9.70661,10.93547,11.42593,11.20068,10.13873,11.38359,10.85845,10.23451,10.80007,10.98048,11.52664,12.0557,12.92289,14.04465,15.85578,17.3749,18.91561,20.46905,21.90621,22.84756,24.01508
GRC.1.0.99.0.UCCG,GRC,1.0,0.0,99.0,0.0,UCCG,Greece,06 Collective consumption expenditure of general government,Collective consumption of general government at current prices ,Mrd ECU/EUR,,,,,,,,,,,,,,,,,,,,,,,,,,,,,,,,,,,,8.50331,9.34217,10.12485,10.08142,11.2414,13.23197,14.58,16.27,16.823,19.255,19.72,22.581,24.389,25.058,29.352,25.49889,22.58807,21.86806,19.83492,20.708,20.50111,19.96569,20.23536,19.24076,19.49022,19.81868,20.42611,20.89277,21.77894,22.60938,23.06681,22.76491
ESP.1.0.99.0.UCCG,ESP,1.0,0.0,99.0,0.0,UCCG,Spain,06 Collective consumption expenditure of general government,Collective consumption of general government at current prices ,Mrd ECU/EUR,,,,,,,,,,,,,,,,,,,,,,,,,,,,,,,,,,,,36.9408,39.0326,39.004,40.9108,43.235,46.947,51.121,53.662,58.198,62.572,67.066,73.508,80.819,88.645,91.819,93.489,94.07,88.563,88.656,88.449,89.771,89.314,89.625,92.011,95.718,97.977,102.168,110.661,118.109,124.068,132.347,138.144
FRA.1.0.99.0.UCCG,FRA,1.0,0.0,99.0,0.0,UCCG,France,06 Collective consumption expenditure of general government,Collective consumption of general government at current prices ,Mrd ECU/EUR,4.1776,4.5105,5.1617,5.8719,6.3579,6.7797,7.2925,7.9733,9.3968,10.3015,10.8616,12.1115,13.7941,16.2683,18.8216,24.3073,28.6794,31.3171,34.5194,38.7456,45.1779,51.1927,56.151,60.2046,64.8421,70.7201,75.2623,76.8259,80.6377,83.0122,87.6478,92.0625,99.3709,110.1035,112.2325,113.6116,120.3261,123.9136,121.2936,126.2903,130.9441,132.1144,135.8819,139.8824,145.2167,150.4351,154.6645,158.2925,162.4771,170.9512,173.6117,179.3972,184.0513,188.7658,188.9583,189.2462,192.0931,197.896,201.2746,205.523,209.7448,215.9413,231.0374,240.7381,252.9227,257.6513,264.0399
HRV.1.0.99.0.UCCG,HRV,1.0,0.0,99.0,0.0,UCCG,Croatia,06 Collective consumption expenditure of general government,Collective consumption of general government at current prices ,Mrd ECU/EUR,,,,,,,,,,,,,,,,,,,,,,,,,,,,,,,,,,,,2.18813,2.15653,2.33533,2.5815,2.64156,2.51491,2.48672,2.73475,2.86483,3.10177,3.40201,3.89278,4.30662,4.73714,4.92291,4.91586,5.08605,5.02613,4.92796,5.00953,4.98265,5.09401,5.35972,5.61024,5.92411,5.97476,6.44921,6.86759,7.9887,9.50435,10.45948,11.05768
ITA.1.0.99.0.UCCG,ITA,1.0,0.0,99.0,0.0,UCCG,Italy,06 Collective consumption expenditure of general government,Collective consumption of general government at current prices ,Mrd ECU/EUR,,,,,,,,,,,,,,,,,,,,,,,,,,,,,,,77.1006,83.3763,83.876,75.9072,77.2244,70.4138,81.0581,84.6025,87.1164,89.517,94.47,103.119,107.062,115.442,121.678,126.206,128.75,129.77,137.089,139.11,141.995,141.834,139.838,139.044,135.462,133.357,138.554,140.348,142.201,142.415,145.253,148.692,154.425,156.44,159.7654,167.1159,171.611
CYP.1.0.99.0.UCCG,CYP,1.0,0.0,99.0,0.0,UCCG,Cyprus,06 Collective consumption expenditure of general government,Collective consumption of general government at current prices ,Mrd ECU/EUR,,,,,,,,,,,,,,,,,,,,,,,,,,,,,,,,,,,,0.555181,0.592587,0.708539,0.852241,0.901308,0.925249,1.076155,1.15132,1.317265,1.336519,1.444338,1.615099,1.689733,1.9035,2.065,2.0671,2.1948,2.1068,1.7201,1.5483,1.5503,1.5305,1.5072,1.67777,1.857,1.9379,2.01721,2.2173,2.4525,2.700848,2.899256,3.166139
LVA.1.0.99.0.UCCG,LVA,1.0,0.0,99.0,0.0,UCCG,Latvia,06 Collective consumption expenditure of general government,Collective consumption of general government at current prices ,Mrd ECU/EUR,,,,,,,,,,,,,,,,,,,,,,,,,,,,,,,,,0.05858,0.126896,0.267301,0.486667,0.536894,0.637969,0.792145,0.854574,0.931591,1.009181,1.033701,1.127012,1.09833,1.197017,1.456729,2.169056,2.606241,1.948867,1.766728,1.91834,2.000514,2.147657,2.28859,2.36086,2.37479,2.58249,2.73463,3.06546,3.35714,3.53082,4.04213,4.21961,5.119943,5.520955,5.802374
LTU.1.0.99.0.UCCG,LTU,1.0,0.0,99.0,0.0,UCCG,Lithuania,06 Collective consumption expenditure of general government,Collective consumption of general government at current prices ,Mrd ECU/EUR,,,,,,,,,,,,,,,,,,,,,,,,,,,,,,,,,0.110872,0.278741,0.464186,0.706264,0.893644,1.125914,1.315297,1.032462,1.431202,1.427871,1.475775,1.544163,1.652481,1.76301,2.16332,2.33516,2.72468,2.33068,2.38937,2.42472,2.55717,2.55099,2.6727,2.77688,2.80099,2.88561,3.07234,3.41297,3.73727,3.83288,4.54361,5.02084,5.555122,6.1121,6.367545
LUX.1.0.99.0.UCCG,LUX,1.0,0.0,99.0,0.0,UCCG,Luxembourg,06 Collective consumption expenditure of general government,Collective consumption of general government at current prices ,Mrd ECU/EUR,,,,,,,,,,,,,,,,,,,,,,,,,,0.757806,0.831188,0.939859,0.980912,1.091481,0.714699,0.759146,0.838528,0.92277,0.994897,1.161931,1.234691,1.272761,1.246096,1.32399,1.47071,1.595,1.73926,1.85685,1.95979,2.12803,2.16254,2.21953,2.40108,2.53977,2.71043,2.88732,3.05302,3.11106,3.20326,3.41178,3.48412,3.74207,3.97849,4.15367,4.60882,4.89694,5.34945,6.06796,6.636332,7.047805,7.362618
HUN.1.0.99.0.UCCG,HUN,1.0,0.0,99.0,0.0,UCCG,Hungary,06 Collective consumption expenditure of general government,Collective consumption of general government at current prices ,Mrd ECU/EUR,,,,,,,,,,,,,,,,,,,,,1.78871,2.18184,2.4396,2.4576,2.58204,4.82363,2.72679,1.7948,2.07608,2.3103,1.7452,1.91096,1.99958,4.6892,4.32896,3.85468,3.75865,4.24829,4.30457,4.72845,5.28037,6.1845,7.47367,8.15081,8.54659,9.22625,9.30448,10.29137,11.69383,10.61746,10.96445,10.82597,10.29446,10.67613,11.28626,11.50095,11.96631,13.28636,14.12947,16.20711,16.02737,17.43178,19.49046,22.56325,23.4445,24.19832,25.18286
MLT.1.0.99.0.UCCG,MLT,1.0,0.0,99.0,0.0,UCCG,Malta,06 Collective consumption expenditure of general government,Collective consumption of general government at current prices ,Mrd ECU/EUR,,,,,,,,,,,,,,,,,,,,,,,,,,,,,,,,,,,,0.251329,0.289021,0.291025,0.314734,0.336221,0.375651,0.477705,0.47602,0.48973,0.483163,0.484533,0.49856,0.53636,0.61851,0.59685,0.60172,0.62012,0.6654,0.64823,0.70588,0.75856,0.77817,0.80253,0.89993,1.02461,1.14244,1.20578,1.31796,1.42063,1.669964,1.697163,1.829787
NLD.1.0.99.0.UCCG,NLD,1.0,0.0,99.0,0.0,UCCG,Netherlands,06 Collective consumption expenditure of general government,Collective consumption of general government at current prices ,Mrd ECU/EUR,,,,,,,,,,2.895,3.1023,3.6428,4.2116,5.0081,6.3871,7.5214,9.0642,10.6761,11.8634,13.0614,13.77,14.4087,16.0689,17.2213,17.0396,17.909,19.0191,20.5067,20.9639,21.3911,22.7484,23.9711,25.2244,27.3733,28.8544,31.3835,30.827,31.1347,32.3518,34.08,36.06,38.924,41.86,44.16,43.923,44.812,45.712,48.545,51.436,54.314,54.157,53.271,53.657,54.798,55.845,55.348,56.834,57.516,60.124,63.452,67.354,71.193,76.858,85.166,90.9675,97.3624,100.4391
AUT.1.0.99.0.UCCG,AUT,1.0,0.0,99.0,0.0,UCCG,Austria,06 Collective consumption expenditure of general government,Collective consumption of general government at current prices ,Mrd ECU/EUR,,,,,,,,,,,,,,,,,3.07964,3.54434,3.91619,4.32748,4.64961,5.01346,5.93296,6.7486,7.25366,7.70831,8.60436,9.006,9.25359,9.66595,10.23936,11.03584,11.80285,13.14566,14.03941,15.35821,15.53004,14.98297,15.22548,16.32424,16.3516,16.423,16.08202,16.46404,17.55942,19.97088,20.69076,20.76049,22.28291,23.57014,24.02088,24.26125,24.72387,24.99136,25.36631,26.08114,26.57972,27.0674,27.80135,28.413,29.52169,30.66231,32.24562,34.82953,36.89643,38.15137,39.10833
POL.1.0.99.0.UCCG,POL,1.0,0.0,99.0,0.0,UCCG,Poland,06 Collective consumption expenditure of general government,Collective consumption of general government at current prices ,Mrd ECU/EUR,,,,,,,,,,,,,,,,,,,,,,,,,,,,,,,3.95358,7.68358,7.01821,11.84034,9.53895,12.03505,13.40465,14.46124,15.49176,13.47541,15.49885,18.22999,17.89381,17.1546,17.79067,21.06972,23.73625,26.67493,32.46663,27.5817,32.44449,31.70719,32.14061,32.89038,34.38124,35.31855,34.55256,37.41051,39.82856,43.42754,45.74271,47.02194,53.14309,62.80783,75.29833,82.53461,86.61387
PRT.1.0.99.0.UCCG,PRT,1.0,0.0,99.0,0.0,UCCG,Portugal,06 Collective consumption expenditure of general government,Collective consumption of general government at current prices ,Mrd ECU/EUR,,,,,,,,,,,,,,,,,,,,,,,,,,,,,2.93503,3.66141,4.35807,5.79182,6.52116,6.22427,6.76017,6.96026,7.28362,7.48644,8.15161,8.76029,10.00582,10.68013,11.34795,11.95923,12.75747,13.86591,14.32741,15.08744,15.47765,16.39856,16.54269,16.16433,14.2159,15.01079,15.08486,14.87791,15.15294,15.39015,15.61663,15.90732,16.64061,16.59711,17.3081,18.61637,18.06754,18.56498,19.34944
ROM.1.0.99.0.UCCG,ROM,1.0,0.0,99.0,0.0,UCCG,Romania,06 Collective consumption expenditure of general government,Collective consumption of general government at current prices ,Mrd ECU/EUR,,,,,,,,,,,,,,,,,,,,,,,,,,,,,,,,,,,,1.83184,1.56673,1.79868,1.94524,2.78418,3.79911,3.97539,3.69438,4.65825,5.00515,7.30079,8.54009,11.11822,12.25584,10.15846,8.99522,9.69039,10.30095,10.72544,11.39927,11.8972,13.78241,15.83969,19.54936,21.36733,23.34036,23.86099,25.55177,31.81152,40.44501,41.90226,43.80653
SVN.1.0.99.0.UCCG,SVN,1.0,0.0,99.0,0.0,UCCG,Slovenia,06 Collective consumption expenditure of general government,Collective consumption of general government at current prices ,Mrd ECU/EUR,,,,,,,,,,,,,,,,,,,,,,,,,,,,,,,,0.704507,0.766203,0.878667,0.923581,1.118284,1.18531,1.277738,1.364461,1.51254,1.628443,1.747226,1.846538,1.979196,2.076809,2.219236,2.382917,2.49626,2.85556,2.98807,2.96601,3.08417,2.95269,2.89306,2.89198,2.95605,3.1324,3.18424,3.329,3.53838,3.77351,4.17173,4.24756,4.88976,5.849128,6.490798,7.236668
SVK.1.0.99.0.UCCG,SVK,1.0,0.0,99.0,0.0,UCCG,Slovakia,06 Collective consumption expenditure of general government,Collective consumption of general government at current prices ,Mrd ECU/EUR,,,,,,,,,,,,,,,,,,,,,,,,,,,,,,,,,,1.21239,2.99685,3.21695,2.83349,2.37593,2.46057,2.36412,2.73287,2.95713,3.12117,3.72768,4.08584,4.55256,5.43496,5.60204,6.51569,7.25648,7.42665,7.41368,7.35031,7.32172,7.71973,8.232,8.71193,9.0791,9.30985,10.21633,11.13588,11.66269,12.17178,12.81056,14.13614,14.50726,13.99867
FIN.1.0.99.0.UCCG,FIN,1.0,0.0,99.0,0.0,UCCG,Finland,06 Collective consumption expenditure of general government,Collective consumption of general government at current prices ,Mrd ECU/EUR,,,,,,,,,,,0.63779,0.71961,0.79766,0.94082,1.2493,1.61516,2.00437,2.11669,1.96495,2.16416,2.57613,3.26502,3.7767,4.10586,4.69584,5.21841,5.20219,5.66497,6.34308,7.24237,8.08283,8.78408,7.54706,6.54571,7.32607,8.31364,8.56536,9.06827,9.00231,9.485,9.729,11.025,11.561,11.842,12.267,12.763,13.303,14.068,15.079,15.812,15.895,16.078,16.628,17.568,17.869,17.294,16.741,16.606,17.063,17.816,18.162,19.557,20.462,22.714,23.30211,23.81443,24.83259
SWE.1.0.99.0.UCCG,SWE,1.0,0.0,99.0,0.0,UCCG,Sweden,06 Collective consumption expenditure of general government,Collective consumption of general government at current prices ,Mrd ECU/EUR,,,,,,,,,,,,,,,,,,,,,9.03387,10.34428,10.11447,9.6343,10.80426,11.46057,11.57229,11.38816,12.11949,13.93855,15.27745,17.22842,18.09884,15.75551,15.79853,15.51621,16.98294,17.2787,17.32517,18.7475,20.1812,18.37158,19.54477,20.24796,20.47357,20.5348,21.75919,22.42039,22.86725,21.81305,25.09304,27.62661,30.13006,32.12585,31.32266,31.3964,31.67738,32.37727,32.32391,32.42274,33.18857,36.41494,38.75318,38.63501,40.66406,41.63287,42.36139
GBR.1.0.99.0.UCCG,GBR,1.0,0.0,99.0,0.0,UCCG,United Kingdom,06 Collective consumption expenditure of general government,Collective consumption of general government at current prices ,Mrd ECU/EUR,5.8798,6.2008,6.5784,6.2779,6.6959,7.5372,8.1746,8.8861,8.6569,9.2456,10.7568,12.2437,13.3716,13.6258,15.1489,18.8095,20.0093,20.9439,24.0377,28.9584,39.2192,47.4285,51.0725,51.8668,55.3437,57.9493,54.3993,53.5592,59.9284,64.8823,68.7015,75.7921,75.4959,74.0278,76.7539,73.9083,75.872,96.7292,101.9715,111.6746,129.1647,137.3783,144.6604,142.3005,154.9866,161.9561,168.5637,173.2568,158.633,144.8067,150.9272,148.612,162.328,153.1989,164.1529,183.9604,164.2474,154.9036,157.6366,171.2725,175.3223,198.1841,217.6211,225.645,236.3843,248.5495,256.006
MKD.1.0.99.0.UCCG,MKD,1.0,0.0,99.0,0.0,UCCG,North Macedonia,06 Collective consumption expenditure of general government,Collective consumption of general government at current prices ,Mrd ECU/EUR,,,,,,,,,,,,,,,,,,,,,,,,,,,,,,,,,,,,0.295236,0.274148,0.328509,0.335318,0.3719,0.379738,0.540923,0.482046,0.434356,0.436444,0.446128,0.494919,0.560962,0.689357,0.725634,0.712472,0.755944,0.78494,0.738058,0.761337,0.794049,0.741329,0.729742,0.708979,0.674878,0.78023,0.95847,1.058677,1.216197,1.274449,1.316043,1.358732
SRB.1.0.99.0.UCCG,SRB,1.0,0.0,99.0,0.0,UCCG,Serbia,06 Collective consumption expenditure of general government,Collective consumption of general government at current prices ,Mrd ECU/EUR,,,,,,,,,,,,,,,,,,,,,,,,,,,,,,,,,,,,,,2.707919,2.138936,2.160866,0.886165,1.955411,2.579636,2.952735,2.581328,2.208264,2.776323,3.65876,4.093384,3.596537,3.202712,3.606995,3.580081,3.596817,3.47949,3.248082,3.168904,3.572288,4.01588,4.443967,4.426557,4.960102,5.372436,5.85733,,,
ISL.1.0.99.0.UCCG,ISL,1.0,0.0,99.0,0.0,UCCG,Iceland,06 Collective consumption expenditure of general government,Collective consumption of general government at current prices ,Mrd ECU/EUR,,,,,,,,,,,,,,,,,,,,,,,,,,,,,,,0.463502,0.516964,0.524434,0.528013,0.540435,0.485595,0.515025,0.582318,0.623422,0.71602,0.868055,0.807613,0.873751,0.885931,0.948272,1.211404,1.265593,1.387444,1.005411,0.896216,1.000354,1.089126,1.153761,1.171176,1.236815,1.378753,1.537761,1.822134,1.900436,1.899488,1.879854,2.0804,2.437311,2.551009,2.541439,2.459834,2.525221
NOR.1.0.99.0.UCCG,NOR,1.0,0.0,99.0,0.0,UCCG,Norway,06 Collective consumption expenditure of general government,Collective consumption of general government at current prices ,Mrd ECU/EUR,,,,,,,,,,,0.94143,1.06629,1.17109,1.38399,1.76022,2.12101,2.63091,2.94945,3.06237,3.15828,3.67753,4.52106,5.15243,5.5183,6.02589,6.43031,6.3192,6.79834,7.01873,7.79215,8.10215,8.77484,9.50002,9.72184,9.9705,10.30661,10.89941,11.57395,11.64995,12.75702,13.82006,14.85767,17.05358,16.03944,15.60109,16.37504,17.41019,18.56919,19.94139,19.57771,22.34575,24.20094,26.4085,26.52487,26.49952,26.21305,26.28474,27.7165,28.03222,28.55411,28.29638,31.63874,34.43946,33.48634,32.6474,32.62402,33.5608
CHE.1.0.99.0.UCCG,CHE,1.0,0.0,99.0,0.0,UCCG,Switzerland,06 Collective consumption expenditure of general government,Collective consumption of general government at current prices ,Mrd ECU/EUR,,,,,,,,,,,,,,,,,,,,,,,,,,,,,,,14.2163,14.1784,14.47704,14.86361,16.59757,16.48152,16.28916,15.0533,15.19055,15.44544,16.64321,17.65212,18.19996,17.91236,17.47555,17.32951,17.22574,17.22849,18.64826,21.03023,23.40164,26.74734,27.35275,27.53468,28.19795,31.81942,31.09198,30.97041,29.99912,31.70677,34.4444,34.58184,39.14588,41.79851,43.08387,44.27358,45.76364
AUS.1.0.99.0.UCCG,AUS,1.0,0.0,99.0,0.0,UCCG,Australia,06 Collective consumption expenditure of general government,Collective consumption of general government at current prices ,Mrd ECU/EUR,0.7211,0.7545,1.161,1.2385,1.4447,1.6806,1.9043,2.2425,2.4852,2.8236,3.1982,3.5035,3.7987,4.8227,6.8562,7.0032,8.2238,8.3044,8.4177,8.9358,10.8713,14.602,16.6387,17.8043,22.1258,18.7743,15.5663,15.4565,18.61,21.9724,20.0036,21.8208,20.6005,21.4126,22.8621,22.4639,25.2458,27.8288,24.1372,26.578,30.2427,28.9819,30.9016,32.1507,34.9579,39.6082,43.3228,46.6567,46.9143,48.8747,63.1944,76.1246,83.6778,78.0398,74.3676,79.4039,82.4877,86.6989,87.7014,94.0138,96.2156,108.9679,119.5093,,,,
CAN.1.0.99.0.UCCG,CAN,1.0,0.0,99.0,0.0,UCCG,Canada,06 Collective consumption expenditure of general government,Collective consumption of general government at current prices ,Mrd ECU/EUR,,,,,,,,,,,,,,,,,,,,,,,,,,,,,,,,,,44.6868,41.8866,38.1491,39.1363,44.5754,43.8893,48.1225,61.3422,63.3048,62.7785,62.6674,62.8128,70.1014,78.1553,79.7275,81.6292,85.3353,101.6392,103.1363,113.3529,108.8911,104.3263,110.8294,110.0324,114.4713,114.3788,121.7551,124.6469,137.766,160.902,159.2333,,,
JPN.1.0.99.0.UCCG,JPN,1.0,0.0,99.0,0.0,UCCG,Japan,06 Collective consumption expenditure of general government,Collective consumption of general government at current prices ,Mrd ECU/EUR,,,,,,,,,,,,,,,,,,,,,53.5722,74.3156,78.9914,95.5111,113.1297,121.813,136.9675,141.6435,162.0455,173.6707,156.0625,185.1398,196.2486,256.5711,284.9978,293.5128,265.5804,275.8878,262.6548,320.9037,396.8642,377.5737,356.749,323.4779,312.5146,304.449,282.9614,256.1273,266.1943,306.6345,343.8988,361.7052,386.1945,306.8146,289.9838,307.1533,347.5122,326.8291,321.5968,351.5055,363.494,348.596,338.2308,,,,
KOR.1.0.99.0.UCCG,KOR,1.0,0.0,99.0,0.0,UCCG,Korea,06 Collective consumption expenditure of general government,Collective consumption of general government at current prices ,Mrd ECU/EUR,,,,,,,,,,,0.5768,0.6285,0.6752,0.6728,1.0908,1.3625,1.9156,2.3647,2.6687,3.1123,3.961,5.3304,5.8991,6.9619,8.6275,7.3816,6.9162,7.0117,10.1218,13.0646,12.904,14.9165,17.9442,20.7492,21.2231,23.6777,27.6473,28.5518,21.3592,27.8796,35.6693,36.3319,40.1282,39.5528,39.8948,49.5204,56.4602,56.3705,49.4435,49.0357,59.1305,61.6957,68.8521,72.7086,78.3558,91.0231,93.8471,101.284,105.5633,111.9234,116.5227,124.0476,,,,,
NZL.1.0.99.0.UCCG,NZL,1.0,0.0,99.0,0.0,UCCG,New Zealand,06 Collective consumption expenditure of general government,Collective consumption of general government at current prices ,Mrd ECU/EUR,,,,,,,,,,,,,,,,,,,,,,,,,,,2.50038,2.72871,3.12055,3.32164,3.16486,2.9976,2.79098,3.07922,3.30401,3.43087,3.77847,4.20853,3.50892,3.92398,3.93832,3.95579,4.22036,4.70048,5.26402,6.32406,6.35363,7.14382,6.86391,6.42188,8.19214,8.8902,9.81342,9.95266,10.49052,10.98963,11.84171,12.51657,12.23997,13.529,14.71618,18.37077,,,,,
USA.1.0.99.0.UCCG,USA,1.0,0.0,99.0,0.0,UCCG,United States,06 Collective consumption expenditure of general government,Collective consumption of general government at current prices ,Mrd ECU/EUR,,,,,,,,,,,128.697,132.986,131.591,124.967,141.769,150.694,175.519,186.059,181.609,184.2,205.732,291.36,367.737,437.253,521.512,588.696,487.782,434.019,442.565,505.925,466.352,506.963,500.406,560.942,562.423,520.928,547.004,633.912,655.463,733.284,888.377,978.817,1005.742,904.18,880.104,932.37,975.479,946.549,951.132,1043.617,1143.803,1087.763,1174.007,1113.045,1114.471,1345.417,1361.388,1367.109,1379.754,1553.499,1611.088,1682.025,2049.141,,,,
BEL.1.0.99.0.UCIG,BEL,1.0,0.0,99.0,0.0,UCIG,Belgium,07 Individual consumption expenditure of general government,Individual consumption of general government at current prices ,Mrd ECU/EUR,,,,,,,,,,,2.3407,2.7177,3.2745,3.8901,4.9879,6.3297,7.7987,9.0587,10.177,10.9345,11.6987,12.7674,12.6621,13.1265,14.2272,14.9641,15.9096,17.0139,17.0757,17.9381,19.4451,21.1425,23.0574,24.7062,26.1138,28.029,29.1764,28.6387,30.0121,31.6708,33.0879,34.2243,36.5601,38.7566,40.6465,42.1828,43.975,45.9451,49.7708,52.555,54.3007,57.34,59.3825,60.6946,61.9984,62.8257,64.6453,66.6973,69.2054,71.4292,72.3998,78.3994,85.5412,91.1622,95.4586,99.9044,104.0343
BGR.1.0.99.0.UCIG,BGR,1.0,0.0,99.0,0.0,UCIG,Bulgaria,07 Individual consumption expenditure of general government,Individual consumption of general government at current prices ,Mrd ECU/EUR,,,,,,,,,,,,,,,,,,,,,,,,,,,,,,,1.48443,0.61412,0.61302,1.30526,0.98323,1.16541,0.72037,0.6589,1.22998,1.24938,1.26462,1.50249,1.65382,1.8789,1.96672,2.02443,2.32866,2.4279,3.15027,3.03865,3.13249,3.30713,3.33073,3.49666,3.68888,3.66963,3.78121,3.97277,4.5508,5.10405,6.00614,7.06183,7.93616,9.08257,9.60364,10.15461,10.73719
CZE.1.0.99.0.UCIG,CZE,1.0,0.0,99.0,0.0,UCIG,Czechia,07 Individual consumption expenditure of general government,Individual consumption of general government at current prices ,Mrd ECU/EUR,,,,,,,,,,,,,,,,,,,,,,,,,,,,,,,,,,,,4.89884,5.55312,5.63745,6.03339,6.12339,6.62147,7.49693,9.58901,10.03179,10.59998,11.39759,12.39635,13.33818,15.47611,15.67408,16.60112,17.58748,17.28645,17.05623,16.68101,17.33941,18.11344,19.71459,22.13732,24.3499,26.69498,30.0805,32.58263,36.33527,36.9737,39.43338,41.79938
DNK.1.0.99.0.UCIG,DNK,1.0,0.0,99.0,0.0,UCIG,Denmark,07 Individual consumption expenditure of general government,Individual consumption of general government at current prices ,Mrd ECU/EUR,,,,,,,1.29059,1.47568,1.65576,1.92712,2.2592,2.60313,2.99342,3.55644,4.51982,5.2682,6.13816,6.80137,7.59518,8.38734,8.76594,9.75248,10.82783,11.57731,11.9642,13.01324,13.68007,14.99602,16.16316,16.17981,17.55392,18.39388,19.57444,21.09352,22.02872,23.21012,24.21506,24.35392,25.82154,27.45839,28.74046,30.45869,32.46678,33.51469,34.95203,35.93931,37.66706,39.26913,41.86344,44.8354,46.48063,46.14701,47.11407,47.46828,48.8467,49.67016,50.47324,51.34173,52.1776,52.70138,54.38921,58.49549,59.04209,59.48155,63.15974,66.43891,69.89373
DEU.1.0.99.0.UCIG,DEU,1.0,0.0,99.0,0.0,UCIG,Germany,07 Individual consumption expenditure of general government,Individual consumption of general government at current prices ,Mrd ECU/EUR,,,,,,,,,,,,,,,,,,,,,,,,,,,,,,,,158.3196,179.9852,191.7024,207.5495,225.964,230.5619,225.4703,228.3085,235.772,238.482,246.467,253.11,258.127,255.406,262.296,268.922,278.172,288.684,304.973,314.766,323.413,329.642,347.053,363.573,379.858,401.191,414.642,427.143,448.828,481.728,519.14,547.146,554.633,576.8183,597.007,614.9172
D_W.1.0.99.0.UCIG,D_W,1.0,0.0,99.0,0.0,UCIG,West Germany,07 Individual consumption expenditure of general government,Individual consumption of general government at current prices ,Mrd ECU/EUR,,,,,,,,,,,12.8441,15.7725,18.2579,23.3462,29.3823,33.8072,39.6451,45.3597,50.2792,55.4976,60.5606,65.1269,70.1748,75.7686,81.4103,85.5135,93.7299,99.7681,105.2871,105.2293,114.6474,131.2305,,,,,,,,,,,,,,,,,,,,,,,,,,,,,,,,,,,
EST.1.0.99.0.UCIG,EST,1.0,0.0,99.0,0.0,UCIG,Estonia,07 Individual consumption expenditure of general government,Individual consumption of general government at current prices ,Mrd ECU/EUR,,,,,,,,,,,,,,,,,,,,,,,,,,,,,,,,,,0.205701,0.285903,0.424694,0.491362,0.509587,0.576162,0.64581,0.65216,0.70305,0.77069,0.83661,0.93819,1.05443,1.19247,1.42581,1.69096,1.61997,1.57887,1.6682,1.76077,1.88697,2.00255,2.15682,2.29586,2.45615,2.76226,3.0114,3.25532,3.60831,3.98721,4.46816,4.835205,5.217328,5.541029
IRL.1.0.99.0.UCIG,IRL,1.0,0.0,99.0,0.0,UCIG,Ireland,07 Individual consumption expenditure of general government,Individual consumption of general government at current prices ,Mrd ECU/EUR,,,,,,,,,,,,,,,,,,,,,,,,,,3.17579,3.32295,3.18827,3.17871,3.30297,3.91554,4.26061,4.79795,5.00791,5.40312,5.60802,6.12152,7.32576,7.89824,8.99299,10.20836,12.16296,14.19389,15.55813,16.9577,18.78759,20.29926,22.26481,23.50689,22.77213,21.10578,21.42624,21.11873,20.59071,21.28727,22.02829,23.09646,24.76288,26.48192,28.98508,32.4029,35.24161,38.60434,42.84631,45.85461,47.82506,50.26894
GRC.1.0.99.0.UCIG,GRC,1.0,0.0,99.0,0.0,UCIG,Greece,07 Individual consumption expenditure of general government,Individual consumption of general government at current prices ,Mrd ECU/EUR,,,,,,,,,,,,,,,,,,,,,,,,,,,,,,,,,,,,10.11941,10.89009,12.21878,12.50055,13.92021,12.87465,13.903,15.16,17.095,17.853,20.169,21.33,23.361,25.131,26.211,24.843,22.42,20.14,17.53,15.96,15.983,16.212,16.208,16.493,17.596,18.365,19.37,20.239,21.74,22.99122,24.33613,25.86948
ESP.1.0.99.0.UCIG,ESP,1.0,0.0,99.0,0.0,UCIG,Spain,07 Individual consumption expenditure of general government,Individual consumption of general government at current prices ,Mrd ECU/EUR,,,,,,,,,,,,,,,,,,,,,,,,,,,,,,,,,,,,45.6296,49.2198,49.2226,51.908,56.322,60.769,64.361,70.426,75.892,84.411,92.98,100.047,108.89,119.629,128.406,127.161,124.916,116.424,113.875,113.955,119.546,122.536,126.173,131.662,138.409,147.576,157.273,165.15,176.212,185.023,190.573,196.29
FRA.1.0.99.0.UCIG,FRA,1.0,0.0,99.0,0.0,UCIG,France,07 Individual consumption expenditure of general government,Individual consumption of general government at current prices ,Mrd ECU/EUR,4.605,5.144,5.8569,6.7748,7.6865,8.4113,9.2455,10.2284,11.7062,13.2291,14.0319,15.7771,18.0472,21.9362,25.1712,33.0911,38.365,41.6549,47.9758,53.6303,61.8987,70.165,77.4821,81.6952,88.3402,95.7167,101.2932,103.9291,107.93,115.3809,125.5634,132.1502,143.7066,156.2558,162.4522,172.6978,178.76,179.2786,184.8282,192.8518,201.5871,210.1743,225.9731,239.6486,249.1043,259.5514,268.523,279.7277,289.2966,299.4624,308.8012,314.8485,321.7666,328.0698,335.8005,340.6305,346.2209,356.5069,360.3532,366.4923,377.7026,409.375,422.2417,437.9059,454.7071,463.2968,478.4081
HRV.1.0.99.0.UCIG,HRV,1.0,0.0,99.0,0.0,UCIG,Croatia,07 Individual consumption expenditure of general government,Individual consumption of general government at current prices ,Mrd ECU/EUR,,,,,,,,,,,,,,,,,,,,,,,,,,,,,,,,,,,,2.35176,2.35939,2.55654,2.93385,2.88468,2.89252,2.92356,3.1809,3.32296,3.65891,3.93296,4.25039,4.89514,5.24176,5.32164,5.34001,5.33746,5.16693,5.18959,5.21656,5.2358,5.35698,5.58458,5.88474,6.17457,6.64453,7.02047,7.40675,8.62415,10.00448,10.5047,10.81984
ITA.1.0.99.0.UCIG,ITA,1.0,0.0,99.0,0.0,UCIG,Italy,07 Individual consumption expenditure of general government,Individual consumption of general government at current prices ,Mrd ECU/EUR,,,,,,,,,,,,,,,,,,,,,,,,,,,,,,,105.8855,115.906,116.0253,101.2495,96.6635,87.0283,102.0057,110.3131,112.8654,117.866,127.385,138.648,145.263,151.352,159.008,169.107,176.207,180.077,186.264,190.715,192.721,188.709,185.69,184.31,185.579,185.535,187.724,191.067,193.524,194.719,200.974,213.132,220.634,226.183,230.9909,241.6184,248.1175
CYP.1.0.99.0.UCIG,CYP,1.0,0.0,99.0,0.0,UCIG,Cyprus,07 Individual consumption expenditure of general government,Individual consumption of general government at current prices ,Mrd ECU/EUR,,,,,,,,,,,,,,,,,,,,,,,,,,,,,,,,,,,,0.392149,0.449508,0.540825,0.621804,0.691603,0.720987,0.79149,0.87725,1.011045,1.002666,1.075111,1.18055,1.257581,1.3971,1.5056,1.5813,1.6499,1.6171,1.6595,1.4365,1.4301,1.4142,1.5465,1.5297,1.8945,2.3571,2.7475,3.0413,3.3637,3.542767,3.683807,3.769498
LVA.1.0.99.0.UCIG,LVA,1.0,0.0,99.0,0.0,UCIG,Latvia,07 Individual consumption expenditure of general government,Individual consumption of general government at current prices ,Mrd ECU/EUR,,,,,,,,,,,,,,,,,,,,,,,,,,,,,,,,,0.070769,0.224896,0.32908,0.412099,0.425708,0.489916,0.570044,0.634833,0.766471,0.827112,0.981425,0.962724,1.070333,1.109423,1.323201,1.607916,2.032035,1.648513,1.49202,1.597417,1.654781,1.775044,1.83297,1.95537,2.04154,2.17559,2.38901,2.69361,2.77165,3.50772,3.59886,3.75688,3.907043,3.845027,3.848069
LTU.1.0.99.0.UCIG,LTU,1.0,0.0,99.0,0.0,UCIG,Lithuania,07 Individual consumption expenditure of general government,Individual consumption of general government at current prices ,Mrd ECU/EUR,,,,,,,,,,,,,,,,,,,,,,,,,,,,,,,,,0.117215,0.145098,0.341558,0.522828,0.696143,1.029846,1.279841,1.403364,1.367467,1.465076,1.644151,1.714995,1.842947,2.1234,2.44219,2.73167,3.37612,3.38915,3.19275,3.33348,3.29694,3.30973,3.3922,3.6438,3.78293,3.99406,4.35967,4.84245,5.49482,6.09536,6.87272,7.88268,8.592121,9.279491,9.743465
LUX.1.0.99.0.UCIG,LUX,1.0,0.0,99.0,0.0,UCIG,Luxembourg,07 Individual consumption expenditure of general government,Individual consumption of general government at current prices ,Mrd ECU/EUR,,,,,,,,,,,,,,,,,,,,,,,,,,0.24123,0.26892,0.29268,0.31312,0.34974,0.85153,0.92546,1.03943,1.19288,1.26172,1.34188,1.40915,1.44462,1.50241,1.75571,1.86123,2.06655,2.25147,2.4364,2.65639,2.89329,3.02228,3.21177,3.396,3.73998,3.98318,4.22429,4.53266,4.91606,5.11,5.23375,5.32606,5.69254,6.12407,6.6089,7.31039,7.74591,8.32567,8.99273,9.60101,10.15403,10.74297
HUN.1.0.99.0.UCIG,HUN,1.0,0.0,99.0,0.0,UCIG,Hungary,07 Individual consumption expenditure of general government,Individual consumption of general government at current prices ,Mrd ECU/EUR,,,,,,,,,,,,,,,,,,,,,,,,,,,,,,,,,2.55462,4.82109,4.91427,4.25725,4.19348,4.62382,4.77457,5.05851,5.5806,6.46811,8.21553,9.20823,9.92636,10.92495,10.95492,10.98848,11.46375,10.21424,10.38704,10.21439,9.71099,9.48498,9.953,10.7272,11.22052,12.34217,12.65081,13.22188,13.42301,14.75627,15.39097,17.73066,18.55456,19.58629,20.69243
MLT.1.0.99.0.UCIG,MLT,1.0,0.0,99.0,0.0,UCIG,Malta,07 Individual consumption expenditure of general government,Individual consumption of general government at current prices ,Mrd ECU/EUR,,,,,,,,,,,,,,,,,,,,,,,,,,,,,,,,,,,,0.254344,0.281498,0.317244,0.331561,0.342422,0.3971,0.37952,0.410412,0.412827,0.443643,0.448303,0.49612,0.49732,0.59356,0.61644,0.67324,0.71006,0.7673,0.81414,0.89223,0.97202,1.06244,1.1811,1.29243,1.44038,1.68586,1.85048,1.85653,2.00114,2.161231,2.33413,2.52086
NLD.1.0.99.0.UCIG,NLD,1.0,0.0,99.0,0.0,UCIG,Netherlands,07 Individual consumption expenditure of general government,Individual consumption of general government at current prices ,Mrd ECU/EUR,,,,,,,,,,2.8801,3.5766,4.3821,5.2223,6.2772,8.0613,9.7351,11.8187,13.9172,15.5868,17.0172,18.2729,19.3026,21.6861,22.7651,22.9151,24.2173,26.2701,28.4133,28.7241,29.4596,31.1547,33.6076,37.4236,40.851,42.8028,45.8736,44.7986,45.8174,48.8643,52.03,56.644,62.004,68.875,73.403,75.758,78.589,90.604,96.228,101.329,109.257,114.553,115.556,117.366,116.569,117.981,118.463,119.655,123.954,130.525,138.81,142.389,155.178,165.04,178.925,193.239,202.901,213.046
AUT.1.0.99.0.UCIG,AUT,1.0,0.0,99.0,0.0,UCIG,Austria,07 Individual consumption expenditure of general government,Individual consumption of general government at current prices ,Mrd ECU/EUR,,,,,,,,,,,,,,,,,3.60252,4.23327,4.79921,5.23872,5.83087,6.59795,7.58343,8.306,8.82466,9.5382,10.59459,11.43523,11.89142,12.58002,13.60986,14.81005,16.42952,18.62669,19.77359,21.20907,21.51006,22.2268,23.33227,24.55701,25.13457,25.81582,26.89069,27.79883,28.48869,29.43758,31.2293,32.84558,34.77442,36.09787,36.85181,37.76077,38.95091,39.96867,41.16512,42.77538,44.47009,45.62763,47.40639,49.61645,51.5226,57.96086,60.10113,63.36203,67.12213,69.40514,71.14603
POL.1.0.99.0.UCIG,POL,1.0,0.0,99.0,0.0,UCIG,Poland,07 Individual consumption expenditure of general government,Individual consumption of general government at current prices ,Mrd ECU/EUR,,,,,,,,,,,,,,,,,,,,,,,,,,,,,,,2.7863,3.8898,3.5486,6.7589,7.7706,8.5258,9.9552,10.9806,11.9475,15.0492,18.2338,21.4434,21.3155,19.2544,19.9666,24.0742,27.1553,30.4332,35.9702,31.8857,36.6639,36.9054,37.6712,38.6324,40.161,42.1178,41.6627,44.9902,48.2101,52.51,54.4374,60.9756,66.7736,79.4378,94.0499,100.5413,107.7166
PRT.1.0.99.0.UCIG,PRT,1.0,0.0,99.0,0.0,UCIG,Portugal,07 Individual consumption expenditure of general government,Individual consumption of general government at current prices ,Mrd ECU/EUR,,,,,,,,,,,,,,,,,,,,,,,,,,,,,3.60781,4.29007,5.08285,6.43742,7.56952,7.95862,8.01733,8.93274,9.79859,10.69408,11.55248,12.7767,14.13854,15.37338,16.43959,17.32102,18.2423,19.30504,19.35304,19.2131,19.77287,20.88994,20.46867,18.54932,16.64118,17.0838,16.73414,17.1444,17.632,18.24381,19.15231,20.4407,21.32117,23.52723,25.14831,26.23687,29.45169,31.5229,32.89723
ROM.1.0.99.0.UCIG,ROM,1.0,0.0,99.0,0.0,UCIG,Romania,07 Individual consumption expenditure of general government,Individual consumption of general government at current prices ,Mrd ECU/EUR,,,,,,,,,,,,,,,,,,,,,,,,,,,,,,,,,,,,1.67029,1.82245,2.19121,2.46262,2.85435,3.04486,3.15583,3.5245,3.5421,3.89068,5.56517,6.93962,8.52505,11.02276,10.00284,10.2794,9.04742,8.88187,9.68997,9.9431,10.44924,11.85948,13.42049,15.05361,18.10567,18.45812,19.32355,21.60365,23.781,26.72319,28.86338,31.17245
SVN.1.0.99.0.UCIG,SVN,1.0,0.0,99.0,0.0,UCIG,Slovenia,07 Individual consumption expenditure of general government,Individual consumption of general government at current prices ,Mrd ECU/EUR,,,,,,,,,,,,,,,,,,,,,,,,,,,,,,,,1.029064,1.133743,1.327834,1.445724,1.804526,1.825682,1.953773,2.113907,2.256155,2.408965,2.629052,2.809288,2.942216,3.133145,3.286606,3.484018,3.62684,4.03943,4.32331,4.46078,4.54188,4.41141,4.25582,4.20804,4.3394,4.55875,4.74981,5.04008,5.36078,5.9102,6.66363,6.79816,7.40781,8.126368,8.61395,9.087717
SVK.1.0.99.0.UCIG,SVK,1.0,0.0,99.0,0.0,UCIG,Slovakia,07 Individual consumption expenditure of general government,Individual consumption of general government at current prices ,Mrd ECU/EUR,,,,,,,,,,,,,,,,,,,,,,,,,,,,,,,,,,1.86835,0.46461,0.64963,1.68328,2.21668,2.37578,1.81359,1.94857,2.07155,2.27592,2.42717,2.54718,2.85821,3.40417,4.38866,5.42604,5.91064,6.14637,6.01197,6.27432,6.62706,6.71205,7.04204,7.12878,7.43652,7.86489,8.7692,8.8993,9.92027,11.18746,12.17251,13.12197,14.14548,15.39028
FIN.1.0.99.0.UCIG,FIN,1.0,0.0,99.0,0.0,UCIG,Finland,07 Individual consumption expenditure of general government,Individual consumption of general government at current prices ,Mrd ECU/EUR,,,,,,,,,,,0.96656,1.09043,1.20875,1.42584,1.89325,2.39439,3.11134,3.302,3.18142,3.56608,4.27516,5.39745,6.20314,6.67487,8.05253,9.3184,9.71664,10.48242,11.75045,13.75207,15.1651,15.91714,13.52142,11.18685,12.19347,14.15985,14.51193,14.80811,15.6323,16.229,17.203,17.789,19.032,20.147,21.357,22.487,23.532,24.775,26.809,27.925,28.691,30.232,31.878,32.636,32.952,34.35,34.821,35.011,36.473,38.188,39.606,42.151,43.833,47.734,49.54789,51.23252,52.51333
SWE.1.0.99.0.UCIG,SWE,1.0,0.0,99.0,0.0,UCIG,Sweden,07 Individual consumption expenditure of general government,Individual consumption of general government at current prices ,Mrd ECU/EUR,,,,,,,,,,,,,,,,,,,,,18.5796,21.3721,21.5713,21.7247,24.8977,26.8355,26.887,27.2416,29.3374,33.376,36.2003,40.0358,41.4997,33.9688,35.0736,36.4988,42.3273,42.567,43.8889,46.4611,49.6367,48.4156,52.5168,55.836,56.9927,57.9329,61.089,64.0677,64.3803,59.8229,68.5253,75.0701,80.3859,83.7237,83.2792,85.7351,91.2743,92.7745,90.5922,90.3313,94.0089,102.5594,102.1444,102.9306,107.7346,110.192,111.7347
GBR.1.0.99.0.UCIG,GBR,1.0,0.0,99.0,0.0,UCIG,United Kingdom,07 Individual consumption expenditure of general government,Individual consumption of general government at current prices ,Mrd ECU/EUR,5.1486,5.5916,6.0043,6.3779,6.8528,7.7869,8.6535,9.3832,9.0513,9.7041,10.6394,12.0308,13.0818,13.4699,18.1416,23.0859,24.1428,24.7975,26.9144,31.7448,43.0985,53.1119,57.0257,59.8956,62.5322,65.6395,62.8764,67.2992,78.3968,83.9842,87.0603,99.0776,102.6089,98.1018,103.1761,100.9355,109.3587,124.2027,134.7951,148.8944,171.3795,180.7939,199.012,200.2563,223.1004,238.922,258.8369,271.0069,249.23,237.4538,252.7779,251.6936,275.9466,269.0204,294.8493,332.1869,302.8275,288.3363,293.4343,314.7223,359.3094,393.6876,399.5965,416.3815,465.2064,509.34,527.1827
MKD.1.0.99.0.UCIG,MKD,1.0,0.0,99.0,0.0,UCIG,North Macedonia,07 Individual consumption expenditure of general government,Individual consumption of general government at current prices ,Mrd ECU/EUR,,,,,,,,,,,,,,,,,,,,,,,,,,,,,,,,,,,,0.325257,0.34042,0.304407,0.298132,0.322089,0.313495,0.446562,0.397957,0.358585,0.360309,0.368304,0.408584,0.463106,0.569117,0.565118,0.587679,0.611077,0.629471,0.688507,0.703832,0.746108,0.748683,0.768019,0.82565,0.901534,1.036237,0.915047,0.930727,0.95982,1.129753,1.309747,1.360851
SRB.1.0.99.0.UCIG,SRB,1.0,0.0,99.0,0.0,UCIG,Serbia,07 Individual consumption expenditure of general government,Individual consumption of general government at current prices ,Mrd ECU/EUR,,,,,,,,,,,,,,,,,,,,,,,,,,,,,,,,,,,,,,3.432555,2.550722,2.416621,0.980428,2.069903,2.702284,2.856946,2.742237,2.618494,2.852735,3.72182,4.06783,3.637181,3.787177,4.111859,3.962944,4.040504,3.872426,3.546943,3.506184,3.574173,4.03008,4.391821,5.076147,5.535311,6.283913,7.024911,,,
ISL.1.0.99.0.UCIG,ISL,1.0,0.0,99.0,0.0,UCIG,Iceland,07 Individual consumption expenditure of general government,Individual consumption of general government at current prices ,Mrd ECU/EUR,,,,,,,,,,,,,,,,,,,,,,,,,,,,,,,0.510578,0.583924,0.584679,0.576199,0.575572,0.670521,0.718736,0.804894,0.986284,1.143568,1.352676,1.298829,1.556345,1.669432,1.757464,2.106955,2.129333,2.380036,1.67603,1.487203,1.576913,1.630837,1.688215,1.783207,2.013442,2.321336,2.789042,3.367377,3.46949,3.520374,3.43895,3.891852,4.571715,4.721592,5.237594,5.707109,6.014219
NOR.1.0.99.0.UCIG,NOR,1.0,0.0,99.0,0.0,UCIG,Norway,07 Individual consumption expenditure of general government,Individual consumption of general government at current prices ,Mrd ECU/EUR,,,,,,,,,,,1.02744,1.22482,1.42276,1.7139,2.17892,2.69441,3.43725,4.00496,4.14951,4.34251,4.98742,6.1013,7.01543,7.61162,8.32806,9.02759,8.8889,9.5355,10.16981,10.86613,11.03389,11.92677,12.69534,12.89819,13.19935,14.0604,15.30466,16.86202,17.70639,19.26428,21.26916,24.13649,27.99686,28.48563,28.71655,31.93127,33.92528,36.33715,38.72867,40.51899,46.74552,50.75965,55.83892,56.522,55.71187,54.57301,54.94435,57.1003,58.09996,59.45527,56.07069,63.88763,68.29072,64.70814,68.45943,71.42779,75.20149
CHE.1.0.99.0.UCIG,CHE,1.0,0.0,99.0,0.0,UCIG,Switzerland,07 Individual consumption expenditure of general government,Individual consumption of general government at current prices ,Mrd ECU/EUR,,,,,,,,,,,,,,,,,,,,,,,,,,,,,,,9.59276,11.35735,11.88964,12.94646,13.80022,15.39132,15.60466,15.21223,15.55227,16.29546,17.13607,18.09198,19.731,19.70273,19.98695,20.51007,20.59346,20.15382,22.26608,24.43525,27.19929,31.40849,33.07164,33.15135,34.72192,40.35474,40.50697,39.90334,39.2043,41.46591,44.46592,47.56212,50.03114,54.52321,58.01851,60.62652,61.90784
AUS.1.0.99.0.UCIG,AUS,1.0,0.0,99.0,0.0,UCIG,Australia,07 Individual consumption expenditure of general government,Individual consumption of general government at current prices ,Mrd ECU/EUR,1.388,1.4795,1.1903,1.2908,1.4416,1.5874,1.7305,1.9364,2.1684,2.5004,2.9516,3.4386,3.9369,5.2417,7.4305,8.7141,10.1323,9.901,10.1048,9.9643,12.749,18.4573,19.9826,21.8383,28.3968,27.628,21.9567,20.9126,24.6491,29.2887,27.4646,30.0468,28.0434,29.5053,34.0282,33.2268,37.4042,42.59,41.0494,47.7692,52.3095,51.1603,54.1894,58.8467,65.6704,72.525,75.4069,83.9014,86.5779,89.7141,120.3873,134.21,149.9245,139.9468,137.3749,144.6969,153.1007,163.5911,163.4226,175.3289,186.359,217.2734,240.7744,,,,
CAN.1.0.99.0.UCIG,CAN,1.0,0.0,99.0,0.0,UCIG,Canada,07 Individual consumption expenditure of general government,Individual consumption of general government at current prices ,Mrd ECU/EUR,,,,,,,,,,,,,,,,,,,,,,,,,,,,,,,,,,73.4293,68.6587,62.2047,63.9588,70.1639,68.1607,74.8173,92.8468,97.7558,96.3365,95.1685,97.6096,109.6381,124.1861,127.1802,127.9101,132.4227,160.4584,169.4749,186.2628,178.9312,171.4302,182.1162,180.8067,188.1007,187.9487,200.0695,204.8214,226.3788,264.3961,261.6541,,,
JPN.1.0.99.0.UCIG,JPN,1.0,0.0,99.0,0.0,UCIG,Japan,07 Individual consumption expenditure of general government,Individual consumption of general government at current prices ,Mrd ECU/EUR,,,,,,,,,,,,,,,,,,,,,60.4471,83.0669,89.3693,110.0716,130.0531,141.2586,164.135,169.3764,195.2529,205.5533,180.4056,211.523,227.9982,301.2293,336.0883,345.9199,321.8584,330.8778,311.3615,384.9813,493.8868,465.2365,432.8807,390.0941,385.3766,386.0118,361.9264,333.6212,357.8652,427.5422,491.2371,529.7958,588.3354,472.1243,446.828,478.6901,542.7539,520.464,513.5308,560.5489,565.4871,556.2378,537.8873,,,,
KOR.1.0.99.0.UCIG,KOR,1.0,0.0,99.0,0.0,UCIG,Korea,07 Individual consumption expenditure of general government,Individual consumption of general government at current prices ,Mrd ECU/EUR,,,,,,,,,,,0.2945,0.3335,0.3385,0.328,0.4708,0.5847,0.9743,1.2361,1.3743,1.6896,1.9844,2.7828,3.6424,4.8309,5.8887,4.7299,4.2877,4.3225,6.7553,9.1233,9.9052,11.5979,14.5301,17.0822,17.5064,19.6033,22.9481,24.1318,17.7685,23.816,32.398,35.6363,38.2569,35.996,39.2067,47.1729,55.7186,58.6986,51.5168,50.6379,63.5174,67.8286,77.2376,81.8887,91.841,108.0053,112.74,120.4104,128.9833,139.8645,143.659,154.955,,,,,
NZL.1.0.99.0.UCIG,NZL,1.0,0.0,99.0,0.0,UCIG,New Zealand,07 Individual consumption expenditure of general government,Individual consumption of general government at current prices ,Mrd ECU/EUR,,,,,,,,,,,,,,,,,,,,,,,,,,,2.95384,3.14772,3.71982,3.84983,3.42238,3.6325,3.33061,3.84475,4.29497,4.68001,5.32711,6.081,5.43029,5.78644,6.15689,6.2548,6.90431,7.79435,8.82178,10.23469,9.9488,11.32424,11.1813,10.95191,13.60695,14.81341,16.75612,16.97363,17.99394,18.66046,19.14867,20.25599,20.47456,22.3287,23.51468,26.87382,,,,,
USA.1.0.99.0.UCIG,USA,1.0,0.0,99.0,0.0,UCIG,United States,07 Individual consumption expenditure of general government,Individual consumption of general government at current prices ,Mrd ECU/EUR,,,,,,,,,,,59.896,66.449,69.427,69.171,80.588,88.452,105.781,112.918,109.396,111.104,120.089,162.795,198.274,231.563,282.924,316.363,262.08,238.942,251.277,294.101,278.24,303.955,307.223,355.403,369.13,351.958,376.713,442.354,475.229,534.737,668.107,738.58,734.809,639.702,608.695,644.707,675.489,657.66,649.026,701.048,750.302,716.398,783.855,792.467,814.227,1001.549,1035.727,1036.856,1041.789,1137.1,1173.769,1172.579,1341.564,,,,
EU27.1.0.319.0.UYVG,EU27,1.0,0.0,319.0,0.0,UYVG,European Union,02 Expenditure (ESA 2010),Subsidies: general government :- ESA 2010 ,(Percentage of GDP at current prices (excessive deficit procedure)) ,,,,,,,,,,,,,,,,,,,,,,,,,,,,,,,,,,,,1.7209591,1.6753434,1.508354,1.5162081,1.4307576,1.3651485,1.3599853,1.3540303,1.3183265,1.2436458,1.195051,1.2120338,1.2382386,1.2589583,1.4826323,1.4564693,1.4305896,1.4658461,1.5933365,1.6700838,1.641154,1.6015563,1.5868477,1.5284753,1.4285516,2.8030478,2.6006758,2.0642781,1.9618791,1.555727,1.4239739,1.3865465
EU15.1.0.319.0.UYVG,EU15,1.0,0.0,319.0,0.0,UYVG,European Union (15 countries),02 Expenditure (ESA 2010),Subsidies: general government :- ESA 2010 ,(Percentage of GDP at current prices (excessive deficit procedure)) ,,,,,,,,,,,,,,,,,,,,,,,,,,,,,,,,,,,,1.5548562,1.4923309,1.3144857,1.3053747,1.229217,1.1674926,1.1742416,1.1915192,1.1744119,1.0928996,1.0709506,1.0960687,1.1239265,1.1520052,1.3752509,1.3460018,1.3095605,1.3357915,1.4481334,1.5179518,1.5056103,1.5029306,1.5192892,1.4857151,1.4033174,3.3034831,2.7902059,2.0394607,1.9591934,1.6322641,1.5621485,1.533657
EA19.1.0.319.0.UYVG,EA19,1.0,0.0,319.0,0.0,UYVG,Euro area (19 countries),02 Expenditure (ESA 2010),Subsidies: general government :- ESA 2010 ,(Percentage of GDP at current prices (excessive deficit procedure)) ,,,,,,,,,,,,,,,,,,,,,,,,,,,,,,,,,,,,1.6451305,1.6063146,1.4520493,1.4805859,1.3899035,1.3429538,1.3493103,1.342845,1.2981467,1.2116365,1.1679191,1.1803413,1.2133539,1.2383799,1.4809727,1.4553132,1.4192452,1.4530477,1.6091715,1.7059743,1.6846198,1.6441955,1.6379562,1.5768607,1.4639814,2.8057795,2.7234668,2.1386941,1.9796033,1.5596862,1.4669429,1.4373419
EA20.1.0.319.0.UYVG,EA20,1.0,0.0,319.0,0.0,UYVG,Euro area,02 Expenditure (ESA 2010),Subsidies: general government :- ESA 2010 ,(Percentage of GDP at current prices (excessive deficit procedure)) ,,,,,,,,,,,,,,,,,,,,,,,,,,,,,,,,,,,,1.6457264,1.6083618,1.4544764,1.4843818,1.3936693,1.3467497,1.3524844,1.3459361,1.3013096,1.2161196,1.1728104,1.1851965,1.218268,1.2436497,1.484874,1.4590007,1.4226041,1.4553245,1.6086645,1.703778,1.6832019,1.6427379,1.6365801,1.5748881,1.4626892,2.8082891,2.7209566,2.1376735,1.9798564,1.5600166,1.466495,1.4363296
EA12.1.0.319.0.UYVG,EA12,1.0,0.0,319.0,0.0,UYVG,Euro area (12 countries),02 Expenditure (ESA 2010),Subsidies: general government :- ESA 2010 ,(Percentage of GDP at current prices (excessive deficit procedure)) ,,,,,,,,,,,,,,,,,,,,,,,,,,,,,,,,,,,,1.6382462,1.601482,1.4445388,1.4764987,1.3863035,1.3395571,1.3477211,1.3435782,1.2969146,1.2101133,1.1714526,1.1841208,1.2179129,1.2394987,1.4857062,1.4615332,1.4281381,1.4627723,1.620048,1.7201051,1.7006769,1.6603837,1.6554792,1.594536,1.47994,2.8187214,2.7429135,2.1573608,1.9779806,1.5681661,1.4812877,1.4549266
BEL.1.0.319.0.UYVG,BEL,1.0,0.0,319.0,0.0,UYVG,Belgium,02 Expenditure (ESA 2010),Subsidies: general government :- ESA 2010 ,(Percentage of GDP at current prices (excessive deficit procedure)) ,,,,,,,,,,,,,,,,,,,,,,,,,,,,,,,,,,,,1.7005156,1.9108476,1.6449689,1.7130233,1.7080768,1.6246425,1.6503307,1.6363416,1.8113074,1.7315899,2.2465662,2.5600066,2.8277257,3.0732088,3.2426426,3.6648805,3.8452744,3.853198,3.9096966,3.9024512,3.8638103,3.7544073,3.6914601,3.7192176,3.7778064,4.9560012,4.3788704,3.8085962,3.6816102,3.5182803,3.5210967,3.5055216
BGR.1.0.319.0.UYVG,BGR,1.0,0.0,319.0,0.0,UYVG,Bulgaria,02 Expenditure (ESA 2010),Subsidies: general government :- ESA 2010 ,(Percentage of GDP at current prices (excessive deficit procedure)) ,,,,,,,,,,,,,,,,,,,,,,,,,,,,,,,,,,,,0.7447009,0.6492497,0.9053002,1.6708214,1.5389567,0.9902264,0.9339494,0.8421217,0.9700335,0.9448731,0.7399413,0.6970917,0.7877849,1.0936613,1.1030115,1.1339661,0.8953938,0.8831982,1.29563,1.3293294,1.8134139,1.3943448,1.1245292,2.1569178,2.4276417,3.322531,3.73691,5.3011395,2.4165844,2.1236977,1.5984088,1.5102952
CZE.1.0.319.0.UYVG,CZE,1.0,0.0,319.0,0.0,UYVG,Czechia,02 Expenditure (ESA 2010),Subsidies: general government :- ESA 2010 ,(Percentage of GDP at current prices (excessive deficit procedure)) ,,,,,,,,,,,,,,,,,,,,,,,,,,,,,,,,,,,,2.1682754,1.8928519,2.162253,2.3886939,2.3942839,2.181731,2.231038,1.827015,2.0877475,1.707442,1.4986804,1.5627496,1.4629097,1.4281384,1.7481666,1.7491902,2.2254725,2.2125415,2.2974034,2.270425,2.2570769999999998,2.2247436,2.1166387,2.1787791,2.1743734,2.9679918,3.1758209,2.1397835,2.7278919,1.9476193,1.8769958,1.802568
DNK.1.0.319.0.UYVG,DNK,1.0,0.0,319.0,0.0,UYVG,Denmark,02 Expenditure (ESA 2010),Subsidies: general government :- ESA 2010 ,(Percentage of GDP at current prices (excessive deficit procedure)) ,,,,,,,,,,,,,,,,,,,,,,,,,,,,,,,,,,,,2.2159239,2.2946299,2.1629604,2.3372917,2.2354101,1.9807198,1.9534692,2.0986493,2.0198162,1.9522755,1.8572038,1.7668099,1.8762072,1.7561272,2.1366511,2.0281364,2.1109734,2.1705413,2.1430027,2.0431648,2.0132441,1.8229184,1.7722957,1.6990097,1.6498695,3.2434995,2.469231,1.4021379,1.2828274,1.263867,1.240383,1.2217227
DEU.1.0.319.0.UYVG,DEU,1.0,0.0,319.0,0.0,UYVG,Germany,02 Expenditure (ESA 2010),Subsidies: general government :- ESA 2010 ,(Percentage of GDP at current prices (excessive deficit procedure)) ,,,,,,,,,,,,,,,,,,,,,,,,,,,,,,,,2.0331614,1.8162572,1.7485518,1.9598263,1.939282,1.9031816,1.7152472,1.7338094,1.4662726,1.4337969,1.3595351,1.2901195,1.192426,1.1397533,1.0929996,1.098517,1.0879468,1.0972784,1.5022426,1.2836862,1.23633,1.2562581,1.3115915,1.3595206,1.4100109,1.3602786,1.3220218,1.2717093,1.3725501,2.7177486,2.9222676,1.7071715,2.0199735,1.3096813,1.2225229,1.1879084
EST.1.0.319.0.UYVG,EST,1.0,0.0,319.0,0.0,UYVG,Estonia,02 Expenditure (ESA 2010),Subsidies: general government :- ESA 2010 ,(Percentage of GDP at current prices (excessive deficit procedure)) ,,,,,,,,,,,,,,,,,,,,,,,,,,,,,,,,,,,,0.7827679,0.8288111,0.7478679,1.3449846,1.1633305,1.0888516,1.028341,0.9725414,0.8586086,0.782239,0.7174689,0.8437009,0.8822009,1.034965,1.1427528,1.4265587,1.2537436,1.306495,0.9893948,0.7272074,0.7277182,0.7711042,0.8015259,0.8018618,0.7930582,2.0459963,1.4989077,1.2128594,0.9526609,0.5376128,0.6283525,0.6380093
IRL.1.0.319.0.UYVG,IRL,1.0,0.0,319.0,0.0,UYVG,Ireland,02 Expenditure (ESA 2010),Subsidies: general government :- ESA 2010 ,(Percentage of GDP at current prices (excessive deficit procedure)) ,,,,,,,,,,,,,,,,,,,,,,,,,,,,,,,,,,,,1.0003882,1.0254778,1.3368735,1.1525434,1.1523805,1.0205973,1.1738961,1.0261189,1.0231709,0.9856012,1.0134653,0.9070593,0.9124197,1.0261477,1.1146197,1.0919357,0.994693,1.0853416,1.050533,0.9228742,0.6561135,0.6400298,0.5880927,0.5815166,0.5564585,1.7034742,1.6420811,0.6570297,0.499557,0.4994097,0.4295727,0.419871
GRC.1.0.319.0.UYVG,GRC,1.0,0.0,319.0,0.0,UYVG,Greece,02 Expenditure (ESA 2010),Subsidies: general government :- ESA 2010 ,(Percentage of GDP at current prices (excessive deficit procedure)) ,,,,,,,,,,,,,,,,,,,,,,,,,,,,,,,,,,,,0.1634535,0.2364298,0.0494634,0.023124,0.0248702,0.0095475,0.0264517,0.0327245,0.1441733,0.1000502,0.0867675,0.037331,0.0850478,0.0414685,0.0998623,0.1534055,0.653643,1.2345403,1.6141357,1.3784146,1.3349461,1.3098446,1.295535,1.1859437,1.3365287,3.7859616,4.7292429,5.5543795,1.827289,1.1055146,0.9074805,0.8685365
ESP.1.0.319.0.UYVG,ESP,1.0,0.0,319.0,0.0,UYVG,Spain,02 Expenditure (ESA 2010),Subsidies: general government :- ESA 2010 ,(Percentage of GDP at current prices (excessive deficit procedure)) ,,,,,,,,,,,,,,,,,,,,,,,,,,,,,,,,,,,,0.9900947,0.9645237,0.9052529,1.134533,1.2040481,1.1487579,1.0314455,1.0774344,1.0705347,1.0222554,1.0398417,1.0299748,1.0932299,1.1037079,1.1529464,1.1334593,1.1269872,0.9460753,1.0423613,1.0734887,1.1308862,0.9700196,1.0263037,0.9920183,1.0129137,1.8969832,1.4248782,1.9266483,1.3820108,1.1606404,1.1276213,1.0987601
FRA.1.0.319.0.UYVG,FRA,1.0,0.0,319.0,0.0,UYVG,France,02 Expenditure (ESA 2010),Subsidies: general government :- ESA 2010 ,(Percentage of GDP at current prices (excessive deficit procedure)) ,,,,,,,,,,,,,,,,,,,1.9783514,1.9919359,1.9518761,2.1119075,2.1543345,2.1669049,2.5606792,2.4057366,2.4636406,2.3332098,1.946766,1.7647175,1.6964969,1.6261972,1.572863,1.6226096,1.5286109,1.5135495,1.5329353,1.443184,1.418588,1.4290384,1.3413348,1.4368223,1.5955024,1.5410407,1.4324503,1.3687371,1.3702067,1.4692269,1.4925982,1.707145,1.7450245,1.6173915,1.6667156,2.1967674,2.4866452,2.5118316,2.4465691,2.6001399,2.3673678,1.6699238,3.022289,3.080736,2.7569118,2.5300669,2.0506565,1.9338235,1.9047574
HRV.1.0.319.0.UYVG,HRV,1.0,0.0,319.0,0.0,UYVG,Croatia,02 Expenditure (ESA 2010),Subsidies: general government :- ESA 2010 ,(Percentage of GDP at current prices (excessive deficit procedure)) ,,,,,,,,,,,,,,,,,,,,,,,,,,,,,,,,,,,,1.8433303,2.2563404,2.1561902,2.5386047,2.5285668,2.4773246,2.2542504,2.1648869,2.1012624,2.3010029,2.2992553,2.2536904,2.2619681,2.2932263,2.2790223,2.2287659,2.1474024,1.9580538,1.495357,1.195183,1.3523643,1.3086072,1.3264165,1.140053,1.1827425,3.3804884,2.1812664,1.9315222,2.0269453,1.6176541,1.3905893,1.2669689
ITA.1.0.319.0.UYVG,ITA,1.0,0.0,319.0,0.0,UYVG,Italy,02 Expenditure (ESA 2010),Subsidies: general government :- ESA 2010 ,(Percentage of GDP at current prices (excessive deficit procedure)) ,,,,,,,,,,,,,,,,,,,,,,,,,,,,,,,,,,,,1.7524113,1.6460106,1.3524896,1.3461475,1.2692458,1.3191465,1.4529776,1.4069853,1.3265103,1.158948,1.0559859,1.1063784,1.0786116,1.090515,1.3559061,1.4119766,1.4147783,1.5707039,1.680174,1.8619442,1.7229234,1.7792698,1.638585,1.690063,1.6551494,2.0521411,2.0067762,2.3026408,1.8343973,1.6999381,1.54527,1.4399403
CYP.1.0.319.0.UYVG,CYP,1.0,0.0,319.0,0.0,UYVG,Cyprus,02 Expenditure (ESA 2010),Subsidies: general government :- ESA 2010 ,(Percentage of GDP at current prices (excessive deficit procedure)) ,,,,,,,,,,,,,,,,,,,,,,,,,,,,,,,,,,,,0.8387251,0.9937966,0.7392422,1.0574208,0.6792333,1.2638061,1.3024563,0.9682547,1.0930076,1.0233509,0.6375524,0.4793753,0.3734678,0.3682362,0.1713479,0.3160145,0.4290445,0.4867822,0.5271516,0.4553046,0.3984586,0.5112071,0.2712623,0.2746725,0.2995618,2.5842914,2.2593384,0.4541789,0.5076581,0.618947,0.5490488,0.5347517
LVA.1.0.319.0.UYVG,LVA,1.0,0.0,319.0,0.0,UYVG,Latvia,02 Expenditure (ESA 2010),Subsidies: general government :- ESA 2010 ,(Percentage of GDP at current prices (excessive deficit procedure)) ,,,,,,,,,,,,,,,,,,,,,,,,,,,,,,,,,,,,1.1168525,0.7780902,0.9827607,1.1085921,1.3946921,1.0076202,0.6731587,0.7421839,0.8326798,0.605991,0.5366866,0.6480591,0.9132316,1.4323038,1.6769386,1.3983918,1.0894867,1.2439153,1.3700464,1.5531903,1.248428,1.1919258,1.2680107,1.011919,0.8916021,1.4478342,2.9854454,1.8364622,2.0648803,1.9255749,1.8539977,1.779425
LTU.1.0.319.0.UYVG,LTU,1.0,0.0,319.0,0.0,UYVG,Lithuania,02 Expenditure (ESA 2010),Subsidies: general government :- ESA 2010 ,(Percentage of GDP at current prices (excessive deficit procedure)) ,,,,,,,,,,,,,,,,,,,,,,,,,,,,,,,,,,,,1.0186492,1.1754599,0.8582387,1.0444631,1.0368781,0.7816774,0.8398989,0.7878283,0.776642,0.6858591,0.6756892,0.6745949,0.8803454,0.6755785,0.6317321,0.4988535,0.3946381,0.3152787,0.3314788,0.3260082,0.3942233,0.4173031,0.3403939,0.4050284,0.3915577,2.3350426,1.5582309,1.6576863,0.6438294,0.32734,0.3570131,0.3451517
LUX.1.0.319.0.UYVG,LUX,1.0,0.0,319.0,0.0,UYVG,Luxembourg,02 Expenditure (ESA 2010),Subsidies: general government :- ESA 2010 ,(Percentage of GDP at current prices (excessive deficit procedure)) ,,,,,,,,,,,,,,,,,,,,,,,,,,,,,,,,,,,,1.1432179,1.2918131,1.2350995,1.2952388,0.927157,1.0322792,0.9742088,0.982884,1.0896284,1.0725312,1.1156835,1.0476649,1.0513816,0.9989862,1.0342954,1.0010679,1.0105933,1.1174769,1.190602,1.1998536,1.1536266,1.0314355,1.0461969,1.1459692,1.079855,1.141555,0.9952203,1.1426434,1.5712217,1.3619304,1.042418,1.0205361
HUN.1.0.319.0.UYVG,HUN,1.0,0.0,319.0,0.0,UYVG,Hungary,02 Expenditure (ESA 2010),Subsidies: general government :- ESA 2010 ,(Percentage of GDP at current prices (excessive deficit procedure)) ,,,,,,,,,,,,,,,,,,,,,,,,,,,,,,,,,,,,2.1391205,2.0577506,1.6368707,1.6445302,1.883663,1.6315461,1.6853579,1.7040343,1.4434873,1.5497747,1.3046536,1.3839927,1.3680236,1.0891453,0.9286832,1.0566046,1.2193499,2.2681926,2.0930093,1.9524397,1.9096992,2.0177032,1.8230692,1.4209469,1.1329416,1.2977332,1.2154259,1.7933843,2.7486677,2.1961905,1.701412,1.7649629
MLT.1.0.319.0.UYVG,MLT,1.0,0.0,319.0,0.0,UYVG,Malta,02 Expenditure (ESA 2010),Subsidies: general government :- ESA 2010 ,(Percentage of GDP at current prices (excessive deficit procedure)) ,,,,,,,,,,,,,,,,,,,,,,,,,,,,,,,,,,,,1.6881759,2.1591812,2.1499313,2.0751691,1.7457671,1.3106701,1.2794226,1.5355692,1.6172495,1.4222458,1.6572877,1.7433097,1.6943022,1.8455805,0.7952097,0.7694572,0.7251724,1.0281491,0.9877752,1.1733863,1.0928042,1.2159045,1.11601,1.3086154,1.3361509,4.7706775,4.2370622,4.5707061,3.6100961,2.5816013,1.9687206,1.7544076
NLD.1.0.319.0.UYVG,NLD,1.0,0.0,319.0,0.0,UYVG,Netherlands,02 Expenditure (ESA 2010),Subsidies: general government :- ESA 2010 ,(Percentage of GDP at current prices (excessive deficit procedure)) ,,,,,,,,,,,,,,,,,,,,,,,,,,,,,,,,,,,,0.8217385,0.9365769,1.0501542,1.1865596,1.3136004,1.2041372,1.2380394,1.2024235,1.1431324,1.1868549,1.0963223,1.0542281,1.187909,1.1925398,1.521963,1.5291856,1.3861006,1.2676382,1.1376766,1.0889635,1.0419423,1.1194501,1.1416228,1.1566509,1.1570718,4.1516884,3.4220178,1.9310338,1.6846213,1.3360459,1.4471697,1.6028861
AUT.1.0.319.0.UYVG,AUT,1.0,0.0,319.0,0.0,UYVG,Austria,02 Expenditure (ESA 2010),Subsidies: general government :- ESA 2010 ,(Percentage of GDP at current prices (excessive deficit procedure)) ,,,,,,,,,,,,,,,,,,,,,,,,,,,,,,,,,,,,2.5739013,2.3137025,2.1662356,2.4010054,2.2311682,2.0970467,1.9523889,1.8809317,2.0308545,1.8968725,1.5896618,1.5727833,1.4706765,1.5233058,1.5600886,1.4830032,1.3936922,1.4830755,1.4445205,1.4964006,1.4490115,1.5381667,1.5681895,1.6446779,1.6198864,5.2354967,4.5997329,2.5769505,2.3173375,1.9663573,1.796759,1.7701418
POL.1.0.319.0.UYVG,POL,1.0,0.0,319.0,0.0,UYVG,Poland,02 Expenditure (ESA 2010),Subsidies: general government :- ESA 2010 ,(Percentage of GDP at current prices (excessive deficit procedure)) ,,,,,,,,,,,,,,,,,,,,,,,,,,,,,,,,,,,,1.0303683,1.0990202,0.9444272,0.8504931,0.8393347,0.7713502,0.6894137,0.5861849,0.5535288,0.8651086,0.7659371,0.8540352,0.9192638,1.1322679,1.0470005,0.961329,0.8898707,0.8212708,0.7886343,0.7831083,0.5596763,0.5821132,0.5753602,0.4533926,0.5332489,3.5403395,1.3987506,1.0885725,2.0743413,1.4068791,0.6487684,0.6109612
PRT.1.0.319.0.UYVG,PRT,1.0,0.0,319.0,0.0,UYVG,Portugal,02 Expenditure (ESA 2010),Subsidies: general government :- ESA 2010 ,(Percentage of GDP at current prices (excessive deficit procedure)) ,,,,,,,,,,,,,,,,,,,,,,,,,,,,,,,,,,,,1.0018134,1.1935146,1.0879405,1.1948447,1.3560661,1.1874832,1.2178235,1.0931276,1.1932125,0.8935398,0.9067648,0.8633441,0.7618954,0.6443786,0.7173786,0.7202254,0.6602275,0.575832,0.5475298,0.6579606,0.5531997,0.4914671,0.4124104,0.3812239,0.4428647,1.8270162,1.9657843,1.1255668,0.8063674,0.7391259,0.5493241,0.5720712
ROM.1.0.319.0.UYVG,ROM,1.0,0.0,319.0,0.0,UYVG,Romania,02 Expenditure (ESA 2010),Subsidies: general government :- ESA 2010 ,(Percentage of GDP at current prices (excessive deficit procedure)) ,,,,,,,,,,,,,,,,,,,,,,,,,,,,,,,,,,,,4.0574988,4.2510779,3.0917526,1.9728327,2.2745908,2.280239,1.6638357,1.5412602,2.0121656,2.0318503,1.7266845,1.9842888,1.5042598,1.0615351,1.0514963,0.9929549,0.8185309,0.6255325,0.5461391,0.3860189,0.4174312,0.3437841,0.3545358,0.3442364,0.3378341,0.914298,0.5097524,1.749023,1.00264,1.021067,0.9848988,0.951721
SVN.1.0.319.0.UYVG,SVN,1.0,0.0,319.0,0.0,UYVG,Slovenia,02 Expenditure (ESA 2010),Subsidies: general government :- ESA 2010 ,(Percentage of GDP at current prices (excessive deficit procedure)) ,,,,,,,,,,,,,,,,,,,,,,,,,,,,,,,,,,,,2.1266368,1.8866711,1.9002504,1.9597739,1.8733567,1.8679345,1.8068486,1.8106677,1.983974,1.6837169,1.5058947,1.5687451,1.5749246,1.5714568,1.9448875,1.9539383,1.2351623,1.1892497,1.382332,1.2342595,1.2050744,1.1517711,1.0925859,1.025044,0.9517936,4.0019299,2.446127,1.2564144,1.9550364,1.2919837,1.0447622,1.0445181
SVK.1.0.319.0.UYVG,SVK,1.0,0.0,319.0,0.0,UYVG,Slovakia,02 Expenditure (ESA 2010),Subsidies: general government :- ESA 2010 ,(Percentage of GDP at current prices (excessive deficit procedure)) ,,,,,,,,,,,,,,,,,,,,,,,,,,,,,,,,,,,,4.5581824,3.7342582,4.1373642,2.7284198,2.6196838,2.4430941,2.0747753,1.4868971,1.63282,1.8331726,0.9125645,0.9272559,0.8363315,1.34181,1.3702257,1.1390039,1.2260307,1.2102657,1.4463577,1.3933751,1.1819403,1.0471497,1.0318929,0.9737931,0.9816232,1.3150894,1.3428794,1.0867614,3.374095,1.749601,1.0700713,0.7251063
FIN.1.0.319.0.UYVG,FIN,1.0,0.0,319.0,0.0,UYVG,Finland,02 Expenditure (ESA 2010),Subsidies: general government :- ESA 2010 ,(Percentage of GDP at current prices (excessive deficit procedure)) ,,,,,,,,,,,,,,,,3.2878208,3.1917781,3.2179247,3.0367384,3.2623685,3.0632376,3.0922708,2.9418823,3.0541252,3.0276099,2.9576112,2.9601215,2.8514108,2.7684626,2.6116384,2.7258326,3.203355,3.3187615,3.131081,2.9372991,2.672314,1.9357306,1.7866816,1.6391129,1.5407288,1.4671594,1.379544,1.3507141,1.3288161,1.2706232,1.2601266,1.3050948,1.2397158,1.2679341,1.3629736,1.4084732,1.3781589,1.3674156,1.3253267,1.3062593,1.3473396,1.2391235,1.2029051,1.1026067,1.09258,1.8482404,1.5894583,1.1314275,1.0068784,1.0131144,0.9684337,0.9611875
SWE.1.0.319.0.UYVG,SWE,1.0,0.0,319.0,0.0,UYVG,Sweden,02 Expenditure (ESA 2010),Subsidies: general government :- ESA 2010 ,(Percentage of GDP at current prices (excessive deficit procedure)) ,,,,,,,,,,,,,,,,,,,,,,,,,,,,,,,,,,4.1431512,3.7631002,3.4389554,2.9509156,2.4624074,1.9323952,1.8159798,1.4749314,1.3482918,1.4097112,1.4505318,1.4012744,1.4470434,1.4906429,1.4519567,1.5446555,1.6308525,1.6714482,1.7030718,1.7335962,1.6281235,1.6674896,1.5772926,1.5650283,1.5327826,1.5930158,1.5459001,2.7357419,2.0951436,1.5678208,1.5536391,1.6478786,1.5265913,1.305539
GBR.1.0.319.0.UYVG,GBR,1.0,0.0,319.0,0.0,UYVG,United Kingdom,02 Expenditure (ESA 2010),Subsidies: general government :- ESA 2010 ,(Percentage of GDP at current prices (excessive deficit procedure)) ,,,,,,,,,,,,,,,,,,,,,,,,,,,,0.9897428,0.8491302,0.7121619,0.7246754,0.6548836,0.7086174,0.6591843,0.6665477,0.6279506,0.5065783,0.4502808,0.3611414,0.3726822,0.3766516,0.3859929,0.4643964,0.5183044,0.4696678,0.520751,0.6059626,0.6085572,0.595507,0.6459832,0.6130976,0.5226785,0.5720905,0.5211745,0.5513516,0.6736932,0.7626861,0.8509557,0.9279358,0.9917092,5.7390922,3.1903387,1.6802775,2.0258608,1.9546265,1.95561,1.949808
ALB.1.0.319.0.UYVG,ALB,1.0,0.0,319.0,0.0,UYVG,Albania,02 Expenditure (ESA 2010),Subsidies: general government :- ESA 2010 ,(Percentage of GDP at current prices (excessive deficit procedure)) ,,,,,,,,,,,,,,,,,,,,,,,,,,,,,,,,,,,,,,,,,,,,,,0.4542232,0.4387338,0.3662317,0.2364431,0.1752067,0.2851624,0.2538012,0.1413554,0.116588,0.1145986,0.1209644,0.1171494,0.1489999,0.1150195,0.0829719,0.0892696,0.0761585,0.0767665,0.0804251,0.116588,0.116588,0.116588
MNE.1.0.319.0.UYVG,MNE,1.0,0.0,319.0,0.0,UYVG,Montenegro,02 Expenditure (ESA 2010),Subsidies: general government :- ESA 2010 ,(Percentage of GDP at current prices (excessive deficit procedure)) ,,,,,,,,,,,,,,,,,,,,,,,,,,,,,,,,,,,,,,,,,,,,,,,,,,,,,,,,,,,0.6879499,0.7352466,0.9126638,1.0453834,1.2305833,1.1344674,1.2299814,1.2204515,1.2393231
MKD.1.0.319.0.UYVG,MKD,1.0,0.0,319.0,0.0,UYVG,North Macedonia,02 Expenditure (ESA 2010),Subsidies: general government :- ESA 2010 ,(Percentage of GDP at current prices (excessive deficit procedure)) ,,,,,,,,,,,,,,,,,,,,,,,,,,,,,,,,,,,,,,,,,,,,,,,,,,,,,,,,,,,5.5834797,5.4137328,7.724717,4.1949729,6.6047141,6.0154158,6.2872042,14.6092137,14.5293373
SRB.1.0.319.0.UYVG,SRB,1.0,0.0,319.0,0.0,UYVG,Serbia,02 Expenditure (ESA 2010),Subsidies: general government :- ESA 2010 ,(Percentage of GDP at current prices (excessive deficit procedure)) ,,,,,,,,,,,,,,,,,,,,,,,,,,,,,,,,,,,,,,,,,,,,,,,,,,,,,,,,,,2.287699,2.0737942,2.1374331,4.3628914,3.1365686,2.151428,2.4241578,2.6241578,2.6241578,2.6241578
TUR.1.0.319.0.UYVG,TUR,1.0,0.0,319.0,0.0,UYVG,Turkey,02 Expenditure (ESA 2010),Subsidies: general government :- ESA 2010 ,(Percentage of GDP at current prices (excessive deficit procedure)) ,,,,,,,,,,,,,,,,,,,,,,,,,,,,,,,,,,,,,,,,,,,,,,,,,,0.9748483,0.7949736,0.8051993,0.739521,0.7304647,1.121369,1.1665163,1.5138668,1.7622737,1.7240794,1.7127254,2.2735386,2.0968877,1.2256325,2.0714078,2.1920608,2.6966152,2.954815
ISL.1.0.319.0.UYVG,ISL,1.0,0.0,319.0,0.0,UYVG,Iceland,02 Expenditure (ESA 2010),Subsidies: general government :- ESA 2010 ,(Percentage of GDP at current prices (excessive deficit procedure)) ,,,,,,,,,,,,,,,,,,,,,,,,,,,,,,,,,,,,,,,1.6624335,1.7554955,1.6968357,1.6656586,1.6091146,1.6774348,1.6019895,1.8040117,1.5026686,1.5076363,1.5588663,1.5453175,1.4705982,1.4761316,1.467706,1.3911773,1.2313069,1.1257526,1.1812648,1.1664267,1.1714957,1.1633793,1.8418404,1.5798379,1.4626727,1.3794936,1.6175426,1.7238422,1.7273709
NOR.1.0.319.0.UYVG,NOR,1.0,0.0,319.0,0.0,UYVG,Norway,02 Expenditure (ESA 2010),Subsidies: general government :- ESA 2010 ,(Percentage of GDP at current prices (excessive deficit procedure)) ,,,,,,,,,,,,,,,,,,,,,,,,,,,,,,,,,,,,3.6445452,3.3324105,2.8902869,2.9053445,2.5534106,2.0949128,2.1815169,2.1008922,2.1632971,1.9597086,1.8073776,1.6396906,1.5323446,1.5118596,1.7721354,1.7460219,1.6169448,1.5797755,1.5982086,1.6307291,1.7596096,1.8561409,1.7907961,1.7388674,1.8181859,2.6400699,2.0322017,2.0639292,1.9670731,1.7139841,1.6942843,1.6869912
CHE.1.0.319.0.UYVG,CHE,1.0,0.0,319.0,0.0,UYVG,Switzerland,02 Expenditure (ESA 2010),Subsidies: general government :- ESA 2010 ,(Percentage of GDP at current prices (excessive deficit procedure)) ,,,,,,,,,,,,,,,,,,,,,,,,,,,,,,,,,,,,3.3931612,3.5854019,3.5721476,3.7620517,3.3303775,3.166431,3.3001947,3.4669302,3.5197396,3.4449377,3.3983905,3.1913676,2.8258172,2.7401202,2.9558201,2.8777649,2.9866404,3.1579988,3.125456,3.0779649,3.1479175,3.1477041,3.1855234,3.131265,3.1425977,3.3939596,3.8155211,3.098456,3.2384833,3.2133459,3.2248625,3.1863104
JPN.1.0.319.0.UYVG,JPN,1.0,0.0,319.0,0.0,UYVG,Japan,02 Expenditure (ESA 2010),Subsidies: general government :- ESA 2010 ,(Percentage of GDP at current prices (excessive deficit procedure)) ,,,,,,,,,,,,,,,,,,,,,,1.3211717,1.3185535,1.3404801,1.2191476,1.1023055,1.0748036,0.9573235,0.836349,0.6789742,0.799661,0.8575343,0.7437722,0.782849,0.7908735,0.8175018,0.7899551,0.8072739,0.6785681,0.8174107,0.904322,0.7928654,0.7505357,0.8873814,0.7581778,0.6022359,0.5504417,0.5182635,0.5115912,0.7009761,0.6809479,0.7449207,0.6288829,0.6778447,0.6353759,0.6130859,0.5998002,0.5437257,0.527855,0.5420759,0.5982965,0.6364268,1.0206832,0.9767991,0.9678195,0.9604758,0.957754
USA.1.0.319.0.UYVG,USA,1.0,0.0,319.0,0.0,UYVG,United States,02 Expenditure (ESA 2010),Subsidies: general government :- ESA 2010 ,(Percentage of GDP at current prices (excessive deficit procedure)) ,0.2028091,0.3557396,0.3808439,0.3451251,0.3944716,0.4041553,0.4794606,0.4418815,0.4358684,0.4422105,0.4450747,0.4013392,0.5187982,0.3669207,0.2140116,0.2667214,0.273565,0.3410468,0.3799968,0.3247019,0.3429803,0.3577441,0.4491013,0.5862349,0.5217191,0.4922817,0.5436027,0.6237005,0.5633982,0.4861759,0.4526639,0.4463693,0.4614492,0.5348208,0.4463009,0.4556694,0.4364359,0.3941684,0.401288,0.4694029,0.447178,0.5548138,0.3787683,0.4282042,0.379678,0.4671377,0.3725286,0.3771116,0.3558395,0.4030027,0.3708426,0.3846733,0.3570635,0.3537772,0.3299043,0.3126097,0.328361,0.3052962,0.3065377,0.338705,3.0760175,2.0385014,0.4900585,0.36928,0.4978554,0.4480699,0.3982843
EU27.1.0.319.0.UYTGH,EU27,1.0,0.0,319.0,0.0,UYTGH,European Union,02 Expenditure (ESA 2010),Social benefits other than social transfers in kind: general government :- ESA 2010 ,(Percentage of GDP at current prices (excessive deficit procedure)) ,,,,,,,,,,,,,,,,,,,,,,,,,,,,,,,,,,,,16.3344691,16.4851514,16.3535477,15.9833356,15.9220643,15.4143025,15.3989005,15.6413854,15.8598413,15.6880308,15.5657043,15.2096419,14.8339769,15.0878338,16.6717725,16.5928506,16.2848736,16.6237459,16.8478152,16.7486146,16.4983588,16.4238866,16.1592887,16.0028216,16.0853359,18.3324387,16.9590332,15.9110841,15.9861994,16.4342585,16.4682897,16.4049558
EU15.1.0.319.0.UYTGH,EU15,1.0,0.0,319.0,0.0,UYTGH,European Union (15 countries),02 Expenditure (ESA 2010),Social benefits other than social transfers in kind: general government :- ESA 2010 ,(Percentage of GDP at current prices (excessive deficit procedure)) ,,,,,,,,,,,,,,,,,,,,,,,,,,,,,,,,,,,,15.9751779,16.0138756,15.7498233,15.3292988,15.1656904,14.6550903,14.7059767,14.9440958,15.2438077,15.1562559,15.0394767,14.7188931,14.4751391,14.8470174,16.502602,16.4244268,16.1971905,16.5175987,16.6572321,16.5026259,16.2372082,16.1365152,15.8796112,15.7593521,15.7880896,18.0661102,16.6985167,15.6660775,15.7564197,16.1501808,16.1721599,16.1245951
EA19.1.0.319.0.UYTGH,EA19,1.0,0.0,319.0,0.0,UYTGH,Euro area (19 countries),02 Expenditure (ESA 2010),Social benefits other than social transfers in kind: general government :- ESA 2010 ,(Percentage of GDP at current prices (excessive deficit procedure)) ,,,,,,,,,,,,,,,,,,,,,,,,,,,,,,,,,,,,16.3407987,16.5471384,16.44392,16.0696437,15.9986749,15.4979568,15.4543231,15.7198061,15.9434049,15.8150929,15.7256767,15.3948505,15.0549552,15.3527173,16.9767934,16.9083244,16.6395636,17.0110631,17.2299125,17.1596967,16.9317913,16.8321277,16.5847223,16.4545421,16.5572726,19.0201891,17.554982,16.4435268,16.477192,16.8976344,16.9172156,16.8776666
EA20.1.0.319.0.UYTGH,EA20,1.0,0.0,319.0,0.0,UYTGH,Euro area,02 Expenditure (ESA 2010),Social benefits other than social transfers in kind: general government :- ESA 2010 ,(Percentage of GDP at current prices (excessive deficit procedure)) ,,,,,,,,,,,,,,,,,,,,,,,,,,,,,,,,,,,,16.3397554,16.5509045,16.4468267,16.0702569,16.0010548,15.4992058,15.4548967,15.7212898,15.9381573,15.8061385,15.7140409,15.382673,15.0414466,15.337655,16.958749,16.8930736,16.6255559,16.9961883,17.2147119,17.1469477,16.9202671,16.8168802,16.5689642,16.438757,16.5403273,19.0001809,17.533627,16.4213441,16.4528149,16.8732572,16.8929936,16.8556332
EA12.1.0.319.0.UYTGH,EA12,1.0,0.0,319.0,0.0,UYTGH,Euro area (12 countries),02 Expenditure (ESA 2010),Social benefits other than social transfers in kind: general government :- ESA 2010 ,(Percentage of GDP at current prices (excessive deficit procedure)) ,,,,,,,,,,,,,,,,,,,,,,,,,,,,,,,,,,,,16.3750338,16.5845069,16.4845133,16.1047588,16.02509,15.5269851,15.4859664,15.75838,15.9937315,15.8640797,15.7793636,15.4559467,15.1278576,15.4252461,17.0189087,16.9523297,16.69279,17.0793308,17.3050504,17.2401209,17.0119059,16.9114986,16.6692592,16.5432,16.648087,19.1367873,17.6545327,16.5281157,16.5508043,16.9697718,16.9899546,16.9454187
BEL.1.0.319.0.UYTGH,BEL,1.0,0.0,319.0,0.0,UYTGH,Belgium,02 Expenditure (ESA 2010),Social benefits other than social transfers in kind: general government :- ESA 2010 ,(Percentage of GDP at current prices (excessive deficit procedure)) ,,,,,,,,,,,,,,,,,,,,,,,,,,,,,,,,,,,,15.647271,15.823911,15.5967274,15.3247862,14.977739,14.5222415,14.6745284,15.1747501,15.4170943,15.1689729,15.0554642,14.8478786,14.7847223,15.3711046,16.7360251,16.4349481,16.4163314,16.8651493,17.2914043,17.0969949,17.0198153,17.003966,16.9495443,16.8497022,16.6983318,19.7399293,17.8980727,16.8461677,17.2139114,17.5496464,17.6330373,17.7673533
BGR.1.0.319.0.UYTGH,BGR,1.0,0.0,319.0,0.0,UYTGH,Bulgaria,02 Expenditure (ESA 2010),Social benefits other than social transfers in kind: general government :- ESA 2010 ,(Percentage of GDP at current prices (excessive deficit procedure)) ,,,,,,,,,,,,,,,,,,,,,,,,,,,,,,,,,,,,6.9531544,7.4343663,7.9942792,8.9043705,10.8601466,12.0537403,11.4878356,11.5968582,10.9877992,10.8195615,10.2222079,9.8365108,9.0787405,9.6224899,11.302178,11.8273252,11.0011153,10.9886121,11.835982,12.1609993,11.8501008,11.5446929,11.0758386,10.9365272,10.6151886,11.6504957,11.5923866,12.0007106,12.4218475,13.1127915,13.4422061,13.4576212
CZE.1.0.319.0.UYTGH,CZE,1.0,0.0,319.0,0.0,UYTGH,Czechia,02 Expenditure (ESA 2010),Social benefits other than social transfers in kind: general government :- ESA 2010 ,(Percentage of GDP at current prices (excessive deficit procedure)) ,,,,,,,,,,,,,,,,,,,,,,,,,,,,,,,,,,,,10.6388379,10.8956207,11.4397381,11.4910249,11.9715959,12.2112347,12.0139344,12.2990269,12.1890924,11.6374013,11.6925291,11.8483326,12.1048719,12.20424,13.3317281,13.2771231,13.3220685,13.4616085,13.5372634,13.1506438,12.6945129,12.501657,12.0477806,12.0184858,12.0332105,14.0806318,13.6172378,13.2937591,13.5935453,13.5874414,13.2892175,12.9518035
DNK.1.0.319.0.UYTGH,DNK,1.0,0.0,319.0,0.0,UYTGH,Denmark,02 Expenditure (ESA 2010),Social benefits other than social transfers in kind: general government :- ESA 2010 ,(Percentage of GDP at current prices (excessive deficit procedure)) ,,,,,,,,,,,,,,,,,,,,,,,,,,,,,,,,,,,,19.4964223,18.9052632,18.0072482,17.4448088,16.8929351,16.2812094,16.3493287,16.4737098,17.1458857,16.8203173,16.1688866,15.2137312,14.8127146,14.5958422,16.5379128,17.146435,17.2593795,17.3487458,17.3802844,17.2743372,17.0674805,16.5984124,16.1570474,15.9071667,15.8796307,16.6116792,15.1342151,13.6373737,14.2552862,14.5193998,14.6010519,14.8126955
DEU.1.0.319.0.UYTGH,DEU,1.0,0.0,319.0,0.0,UYTGH,Germany,02 Expenditure (ESA 2010),Social benefits other than social transfers in kind: general government :- ESA 2010 ,(Percentage of GDP at current prices (excessive deficit procedure)) ,,,,,,,,,,,,,,,,,,,,,,,,,,,,,,,,14.8057627,15.5163198,16.484118,16.7417112,17.1756854,17.9216099,17.9711567,17.6765679,17.8318827,17.3329546,17.4417111,17.900475,18.2517929,17.9289502,17.7414639,16.8684929,15.8063818,15.6454079,17.123297,16.4833375,15.4767251,15.4145866,15.349495,15.1670759,15.2827443,15.3114255,15.2973934,15.2500197,15.5582934,17.2607128,16.4877899,15.5273468,15.6967663,16.1458238,16.3201762,16.3402195
EST.1.0.319.0.UYTGH,EST,1.0,0.0,319.0,0.0,UYTGH,Estonia,02 Expenditure (ESA 2010),Social benefits other than social transfers in kind: general government :- ESA 2010 ,(Percentage of GDP at current prices (excessive deficit procedure)) ,,,,,,,,,,,,,,,,,,,,,,,,,,,,,,,,,,,,9.2184901,9.7636666,9.2805598,9.5501752,10.678967,9.7235095,9.269391,8.9854643,8.9713732,9.2702988,8.9313416,8.7206989,8.475713,10.5825168,14.4460939,13.3579618,11.6743301,11.0794977,10.9459627,10.8585172,11.6848985,11.920793,11.6766162,11.8978141,11.9991318,13.6234635,12.443636,11.4132267,12.4759816,13.024337,13.2936149,13.3795318
IRL.1.0.319.0.UYTGH,IRL,1.0,0.0,319.0,0.0,UYTGH,Ireland,02 Expenditure (ESA 2010),Social benefits other than social transfers in kind: general government :- ESA 2010 ,(Percentage of GDP at current prices (excessive deficit procedure)) ,,,,,,,,,,,,,,,,,,,,,,,,,,,,,,,,,,,,10.6611292,10.2612624,10.336923,9.248446,8.1285235,7.3451115,7.8798963,8.2836579,8.3025563,8.5295688,8.8708159,9.1192639,9.7194186,11.6477215,14.3389226,14.2710699,13.8123102,13.726668,12.863557,11.4416875,8.4374904,8.2292965,7.4448309,6.9507556,6.6159631,7.8393353,6.5261176,5.4230339,5.7724867,6.3760833,6.4057236,6.4901809
GRC.1.0.319.0.UYTGH,GRC,1.0,0.0,319.0,0.0,UYTGH,Greece,02 Expenditure (ESA 2010),Social benefits other than social transfers in kind: general government :- ESA 2010 ,(Percentage of GDP at current prices (excessive deficit procedure)) ,,,,,,,,,,,,,,,,,,,,,,,,,,,,,,,,,,,,11.1616921,11.2910152,11.3262271,11.7527854,12.1452072,12.760613,13.0189682,12.9595388,13.4730256,13.1473353,13.9084715,14.2030614,14.7760776,16.2409932,17.7464735,17.9408346,19.8510883,20.8919718,19.260709,19.9691217,20.0019525,20.1446642,19.3535337,19.0315723,18.6476803,20.4297481,19.2702154,17.879858,17.2249186,16.7347303,16.2673407,16.1791566
ESP.1.0.319.0.UYTGH,ESP,1.0,0.0,319.0,0.0,UYTGH,Spain,02 Expenditure (ESA 2010),Social benefits other than social transfers in kind: general government :- ESA 2010 ,(Percentage of GDP at current prices (excessive deficit procedure)) ,,,,,,,,,,,,,,,,,,,,,,,,,,,,,,,,,,,,13.1278259,12.9934594,12.6249829,12.1267048,11.8414023,11.6293399,11.4013964,11.4925895,11.4613116,11.5086291,11.4047507,11.2664382,11.422396,12.2508162,14.3872729,15.0275961,15.2324809,16.2062581,16.6145047,16.4309316,15.6606679,15.4687538,15.1574669,15.2835658,15.7043495,20.1928952,18.413014,16.6336762,16.8145208,16.9240908,16.948426,17.061984
FRA.1.0.319.0.UYTGH,FRA,1.0,0.0,319.0,0.0,UYTGH,France,02 Expenditure (ESA 2010),Social benefits other than social transfers in kind: general government :- ESA 2010 ,(Percentage of GDP at current prices (excessive deficit procedure)) ,,,,,,,,,,,,,,,,,,,14.8876086,14.9286193,15.2567288,16.1294733,16.7571629,16.9002093,17.0735776,17.2865377,17.0626208,16.7987806,16.5034993,16.2142457,16.3269267,16.7548459,17.1546311,17.8986686,17.8395622,17.7193833,17.8089321,17.8571063,17.5000535,17.3505678,16.8068471,16.9221374,17.2180742,17.4318911,17.4230681,17.5207686,17.5488489,17.4483841,17.5738318,19.0942569,19.0908047,19.0339227,19.4651673,19.7422654,19.8273129,19.7090299,19.7380281,19.5361919,19.4091246,19.3470555,22.3371807,20.1716318,19.2498367,18.8176038,19.2690225,19.009752,18.7368101
HRV.1.0.319.0.UYTGH,HRV,1.0,0.0,319.0,0.0,UYTGH,Croatia,02 Expenditure (ESA 2010),Social benefits other than social transfers in kind: general government :- ESA 2010 ,(Percentage of GDP at current prices (excessive deficit procedure)) ,,,,,,,,,,,,,,,,,,,,,,,,,,,,,,,,,,,,15.9937695,17.7429089,17.2871799,16.2405372,16.7183048,15.8712342,15.6178475,16.1143778,14.6109471,13.639218,13.0343647,12.702803,12.1723792,12.3377162,13.2856058,13.7095174,13.6029448,13.7117341,13.817463,14.1946644,14.231258,13.3217265,13.0172587,12.9592218,12.8691995,14.438262,12.9424322,11.94083,11.9186179,12.6205961,12.7881168,13.1693202
ITA.1.0.319.0.UYTGH,ITA,1.0,0.0,319.0,0.0,UYTGH,Italy,02 Expenditure (ESA 2010),Social benefits other than social transfers in kind: general government :- ESA 2010 ,(Percentage of GDP at current prices (excessive deficit procedure)) ,,,,,,,,,,,,,,,,,,,,,,,,,,,,,,,,,,,,15.5578746,15.8198738,16.2331626,15.9430375,16.171207,15.7239536,15.5207408,15.8077813,16.0331031,16.0973,16.1596523,16.1619197,16.3041645,16.8684571,18.4095542,18.461385,18.3712408,19.0916949,19.7363694,19.9899662,20.0161404,19.730104,19.5703852,19.6020305,20.0215979,23.9025243,21.5942688,20.3749031,19.9476373,20.5652754,20.6175628,20.6063679
CYP.1.0.319.0.UYTGH,CYP,1.0,0.0,319.0,0.0,UYTGH,Cyprus,02 Expenditure (ESA 2010),Social benefits other than social transfers in kind: general government :- ESA 2010 ,(Percentage of GDP at current prices (excessive deficit procedure)) ,,,,,,,,,,,,,,,,,,,,,,,,,,,,,,,,,,,,8.5695829,9.0105896,9.5552127,9.6867694,9.8586455,10.1019539,10.1087074,11.1239838,12.3111273,12.8654979,13.3245088,12.851883,12.2696163,12.5489623,14.0157265,14.5402656,15.1258329,15.6539732,16.6227374,16.4487382,15.9879404,15.4187849,14.7003511,14.1371501,13.7947981,15.3359056,13.5322766,12.5868069,12.5883899,12.281809,12.731134,12.7626613
LVA.1.0.319.0.UYTGH,LVA,1.0,0.0,319.0,0.0,UYTGH,Latvia,02 Expenditure (ESA 2010),Social benefits other than social transfers in kind: general government :- ESA 2010 ,(Percentage of GDP at current prices (excessive deficit procedure)) ,,,,,,,,,,,,,,,,,,,,,,,,,,,,,,,,,,,,11.9952295,12.6091989,12.3452885,12.9504884,14.8678609,12.5000746,11.3448961,10.2136944,9.3979177,9.4284717,8.7587063,8.4002207,7.3825173,8.4353772,13.1956787,13.3930486,11.8754466,10.6569126,10.7553269,10.6005965,10.7773837,10.9006509,10.7380407,10.6201942,11.0849934,12.3026217,12.557139,12.6802394,12.0681862,13.0874461,13.6109624,13.8251457
LTU.1.0.319.0.UYTGH,LTU,1.0,0.0,319.0,0.0,UYTGH,Lithuania,02 Expenditure (ESA 2010),Social benefits other than social transfers in kind: general government :- ESA 2010 ,(Percentage of GDP at current prices (excessive deficit procedure)) ,,,,,,,,,,,,,,,,,,,,,,,,,,,,,,,,,,,,8.1210401,8.5353954,9.5993698,10.7925303,12.1488594,11.4703306,11.2784416,9.9866109,9.7706957,9.7101481,9.3290854,9.2022405,9.6614115,11.4934018,16.1447586,14.4920568,12.5640402,11.9986414,11.33881,10.8972421,10.8277861,10.9740422,10.9467753,11.6600722,11.9650531,14.3206133,12.9026882,12.0515071,12.3839937,13.3419881,13.9313852,14.5111289
LUX.1.0.319.0.UYTGH,LUX,1.0,0.0,319.0,0.0,UYTGH,Luxembourg,02 Expenditure (ESA 2010),Social benefits other than social transfers in kind: general government :- ESA 2010 ,(Percentage of GDP at current prices (excessive deficit procedure)) ,,,,,,,,,,,,,,,,,,,,,,,,,,,,,,,,,,,,15.3627036,15.2028883,14.9432741,14.8267996,14.0162237,13.3175237,13.9460441,14.7386219,15.648319,15.2483612,15.2051832,14.1522543,13.3714026,13.8926547,15.801826,15.1260344,14.9013378,15.1025314,15.126891,14.9377347,14.660201,14.4855178,14.809078,14.9955523,15.2735485,17.2499906,15.0931594,15.5573913,16.5747859,17.0350099,17.2110813,17.1886921
HUN.1.0.319.0.UYTGH,HUN,1.0,0.0,319.0,0.0,UYTGH,Hungary,02 Expenditure (ESA 2010),Social benefits other than social transfers in kind: general government :- ESA 2010 ,(Percentage of GDP at current prices (excessive deficit procedure)) ,,,,,,,,,,,,,,,,,,,,,,,,,,,,,,,,,,,,14.8056283,13.1741833,12.3597228,12.8533296,13.0226616,12.5709252,12.407112,13.0807341,13.6693668,13.6770404,14.1921058,14.6141331,15.0422666,15.4784039,15.9970644,15.4523515,15.1912613,15.031028,14.6761115,13.6830727,12.7946321,12.4805181,11.8810343,11.2609297,10.6510287,11.0177413,10.7143159,10.3808249,10.7952519,10.7664076,10.5540253,10.1486927
MLT.1.0.319.0.UYTGH,MLT,1.0,0.0,319.0,0.0,UYTGH,Malta,02 Expenditure (ESA 2010),Social benefits other than social transfers in kind: general government :- ESA 2010 ,(Percentage of GDP at current prices (excessive deficit procedure)) ,,,,,,,,,,,,,,,,,,,,,,,,,,,,,,,,,,,,10.9878943,11.8895172,11.9832235,11.9549581,12.0685639,11.4440914,11.8311443,11.9489951,11.7492129,11.7901524,12.0172809,11.9392555,12.0176041,11.7132632,12.398909,11.9018126,12.0719883,12.0436502,11.5457759,10.9650152,9.8254546,9.5643178,8.6624393,8.152162,7.8579377,8.5612888,7.5894038,7.432194,6.9586964,7.073823,7.0221247,7.1452757
NLD.1.0.319.0.UYTGH,NLD,1.0,0.0,319.0,0.0,UYTGH,Netherlands,02 Expenditure (ESA 2010),Social benefits other than social transfers in kind: general government :- ESA 2010 ,(Percentage of GDP at current prices (excessive deficit procedure)) ,,,,,,,,,,,,,,,,,,,,,,,,,,,,,,,,,,,,14.6104014,13.9994208,12.9602878,12.2961511,11.6522232,11.0267564,10.8247177,10.8528319,11.311689,11.204858,10.7883975,10.4078006,10.0159769,10.1084141,11.0347476,11.3593314,11.5080037,11.8295677,12.2729943,12.1834233,11.9086066,11.7177075,11.2604064,10.8498577,10.5181334,11.179686,10.4943077,9.7304341,10.2977803,10.5976586,11.0991695,11.1710021
AUT.1.0.319.0.UYTGH,AUT,1.0,0.0,319.0,0.0,UYTGH,Austria,02 Expenditure (ESA 2010),Social benefits other than social transfers in kind: general government :- ESA 2010 ,(Percentage of GDP at current prices (excessive deficit procedure)) ,,,,,,,,,,,,,,,,,,,,,,,,,,,,,,,,,,,,19.9766936,19.9276564,19.2830509,18.8999073,18.9248985,18.7738237,18.6099904,18.8878062,19.1429739,18.8531196,18.4203376,18.0561204,17.4493777,17.6498546,19.1019007,19.2407355,18.5621954,18.7201113,19.1415121,19.2199452,19.0188075,18.777897,18.3485123,17.9923369,17.942157,20.3229441,19.4350217,18.2175722,18.522065,19.6155232,19.8048803,19.8177899
POL.1.0.319.0.UYTGH,POL,1.0,0.0,319.0,0.0,UYTGH,Poland,02 Expenditure (ESA 2010),Social benefits other than social transfers in kind: general government :- ESA 2010 ,(Percentage of GDP at current prices (excessive deficit procedure)) ,,,,,,,,,,,,,,,,,,,,,,,,,,,,,,,,,,,,16.6975094,16.7542346,16.9319848,16.2401342,16.6353368,15.986957,16.983083,17.0428102,16.9418624,15.9544199,15.6536893,15.1375801,14.1508117,13.9952217,14.4844887,14.7626678,13.9567182,14.130814,14.7409157,14.5595301,14.2907684,15.2959335,15.075249,14.7227563,15.2747124,16.542406,15.8219107,14.8246449,15.6618484,17.0166273,17.3267634,17.1328902
PRT.1.0.319.0.UYTGH,PRT,1.0,0.0,319.0,0.0,UYTGH,Portugal,02 Expenditure (ESA 2010),Social benefits other than social transfers in kind: general government :- ESA 2010 ,(Percentage of GDP at current prices (excessive deficit procedure)) ,,,,,,,,,,,,,,,,,,,,,,,,,,,,,,,,,,,,10.8003544,10.9646271,10.7470896,10.9193812,10.8772909,11.2685138,11.5664878,12.0539365,13.240969,13.6755469,14.1694843,14.2576886,14.2390106,14.7231662,16.5481069,16.6118881,17.1538357,17.7888468,18.6626505,18.0019062,17.6822124,17.2519962,16.6632107,16.3795048,16.2241672,18.0621855,17.3554206,16.5178231,15.7893694,15.7422392,15.6927269,15.654663
ROM.1.0.319.0.UYTGH,ROM,1.0,0.0,319.0,0.0,UYTGH,Romania,02 Expenditure (ESA 2010),Social benefits other than social transfers in kind: general government :- ESA 2010 ,(Percentage of GDP at current prices (excessive deficit procedure)) ,,,,,,,,,,,,,,,,,,,,,,,,,,,,,,,,,,,,9.2082096,9.0492373,9.5038843,10.6669693,10.3632742,9.7304295,9.8034439,9.341538,8.8291538,8.98441,9.0988033,8.8569756,9.0079638,9.8825115,12.0211422,12.517201,11.3779151,10.712496,10.7774439,10.4650287,10.5547327,10.8191134,10.901439,10.6452877,10.9104673,12.6734175,12.4262844,12.4174745,11.8247688,12.3834059,13.0238608,13.0827227
SVN.1.0.319.0.UYTGH,SVN,1.0,0.0,319.0,0.0,UYTGH,Slovenia,02 Expenditure (ESA 2010),Social benefits other than social transfers in kind: general government :- ESA 2010 ,(Percentage of GDP at current prices (excessive deficit procedure)) ,,,,,,,,,,,,,,,,,,,,,,,,,,,,,,,,,,,,16.4464017,16.35563,16.7488031,16.7660821,16.7463875,17.0331712,16.971223,17.0942863,16.9857828,16.6665329,16.6348621,16.0739096,15.0949812,15.3697534,17.2273506,17.8441909,18.1856392,18.1278904,18.0935633,17.5111273,17.0972848,16.4865009,15.9728407,15.4879501,15.3781269,17.4107327,16.204193,16.2671588,15.1953584,15.761317,15.7761171,15.8382371
SVK.1.0.319.0.UYTGH,SVK,1.0,0.0,319.0,0.0,UYTGH,Slovakia,02 Expenditure (ESA 2010),Social benefits other than social transfers in kind: general government :- ESA 2010 ,(Percentage of GDP at current prices (excessive deficit procedure)) ,,,,,,,,,,,,,,,,,,,,,,,,,,,,,,,,,,,,13.6870298,13.7580535,13.2551076,13.3058513,14.0329222,13.359248,13.4201641,13.5629054,11.9339757,12.6434992,12.7721234,12.2369388,11.8726149,11.6513861,14.1272035,14.1962253,13.7185041,13.8975073,13.9870399,13.9404119,13.6479269,13.825022,13.50359,13.1389513,13.3315029,14.5188882,14.683992,14.4282921,16.376572,16.7318793,16.2041831,16.2576149
FIN.1.0.319.0.UYTGH,FIN,1.0,0.0,319.0,0.0,UYTGH,Finland,02 Expenditure (ESA 2010),Social benefits other than social transfers in kind: general government :- ESA 2010 ,(Percentage of GDP at current prices (excessive deficit procedure)) ,,,,,,,,,,,,,,,,9.2511335,10.1971722,11.4685597,11.8073184,11.1203013,10.7421496,10.9780874,11.9429195,12.7405444,12.8724912,13.6091359,13.9655785,14.1831449,13.4848395,13.1374387,14.3840768,17.9645898,21.6740746,23.1379999,22.9998352,21.3216324,20.6997656,19.0883319,17.6325033,17.0488935,15.6467673,15.2634964,15.7700081,16.0367534,15.8698761,15.7221284,15.3070965,14.4767159,14.6309195,17.1832613,17.3141214,17.0843136,17.9475791,18.8336929,19.5030483,19.7148322,19.5283636,18.9256184,18.4894677,18.2837354,19.5848333,18.733418,17.6692068,18.1856432,19.0682594,18.4948774,18.1195073
SWE.1.0.319.0.UYTGH,SWE,1.0,0.0,319.0,0.0,UYTGH,Sweden,02 Expenditure (ESA 2010),Social benefits other than social transfers in kind: general government :- ESA 2010 ,(Percentage of GDP at current prices (excessive deficit procedure)) ,,,,,,,,,,,,,,,,,,,,,,,,,,,,,,,,,,18.6734231,18.2869014,17.0266377,16.2155812,15.6298811,15.4490851,15.2342001,14.6428705,14.7491276,14.9005873,15.4128768,15.0851433,14.8656317,14.3286927,13.552009,13.6237654,14.6891642,13.8473239,13.2760298,13.8519087,14.1767109,13.7502671,13.2586203,13.1279169,12.9063496,12.6673155,12.3117715,12.8008328,11.9775636,11.5517242,11.458602,11.9013568,11.7927861,11.4191415
GBR.1.0.319.0.UYTGH,GBR,1.0,0.0,319.0,0.0,UYTGH,United Kingdom,02 Expenditure (ESA 2010),Social benefits other than social transfers in kind: general government :- ESA 2010 ,(Percentage of GDP at current prices (excessive deficit procedure)) ,,,,,,,,,,,,,,,,,,,,,,,,,,,,11.4930082,10.5843015,9.9934969,10.0606908,11.8491759,13.1146133,13.4635058,13.211333,13.0681353,12.5612504,12.2847059,11.7699431,11.3882797,11.1413833,11.4563293,11.5657621,11.8235699,12.0670297,11.9285876,11.7282298,11.9103712,12.3569277,14.1062576,14.193564,14.1825104,14.3795205,14.0610466,13.7296686,13.6146972,13.2563785,12.7629434,12.6556007,12.4408607,14.2166385,13.4579067,12.8244304,13.0917354,13.4521301,13.5394282,13.4986402
ALB.1.0.319.0.UYTGH,ALB,1.0,0.0,319.0,0.0,UYTGH,Albania,02 Expenditure (ESA 2010),Social benefits other than social transfers in kind: general government :- ESA 2010 ,(Percentage of GDP at current prices (excessive deficit procedure)) ,,,,,,,,,,,,,,,,,,,,,,,,,,,,,,,,,,,,,,,,,,,,,,,,,8.6935228,10.279621,10.0750652,10.3211221,10.5763684,11.1703052,11.6000475,11.2575659,11.8915098,11.9629594,7.6593854,7.6656096,8.1009725,7.930139,7.5840165,7.1832808,7.0810572,7.0810572,7.0810572
MNE.1.0.319.0.UYTGH,MNE,1.0,0.0,319.0,0.0,UYTGH,Montenegro,02 Expenditure (ESA 2010),Social benefits other than social transfers in kind: general government :- ESA 2010 ,(Percentage of GDP at current prices (excessive deficit procedure)) ,,,,,,,,,,,,,,,,,,,,,,,,,,,,,,,,,,,,,,,,,,,,,,,,,,,,,,,,,,,5.6048191,5.06189,7.9941704,6.4054957,7.2163835,6.7292586,11.4463141,10.808516,10.7897783
MKD.1.0.319.0.UYTGH,MKD,1.0,0.0,319.0,0.0,UYTGH,North Macedonia,02 Expenditure (ESA 2010),Social benefits other than social transfers in kind: general government :- ESA 2010 ,(Percentage of GDP at current prices (excessive deficit procedure)) ,,,,,,,,,,,,,,,,,,,,,,,,,,,,,,,,,,,,,,,,,,,,,,,,,,,,,,,,,,,12.5741778,13.5415504,15.5241412,16.7113461,16.1503028,16.5869522,18.0965147,19.6876104,19.2078254
SRB.1.0.319.0.UYTGH,SRB,1.0,0.0,319.0,0.0,UYTGH,Serbia,02 Expenditure (ESA 2010),Social benefits other than social transfers in kind: general government :- ESA 2010 ,(Percentage of GDP at current prices (excessive deficit procedure)) ,,,,,,,,,,,,,,,,,,,,,,,,,,,,,,,,,,,,,,,,,,,,,,,,,,,,,,,,,,14.5349303,14.1065847,13.810275,13.9884225,12.9261282,12.4182753,12.4594204,12.9594204,13.1594204,13.1594204
TUR.1.0.319.0.UYTGH,TUR,1.0,0.0,319.0,0.0,UYTGH,Turkey,02 Expenditure (ESA 2010),Social benefits other than social transfers in kind: general government :- ESA 2010 ,(Percentage of GDP at current prices (excessive deficit procedure)) ,,,,,,,,,,,,,,,,,,,,,,,,,,,,,,,,,,,,,,,,,,,,,,,,,,9.2084508,8.5665688,8.8267733,8.4882215,8.7200519,8.2737338,8.2896262,9.099288,8.5836457,8.8397018,9.6959913,9.884059,8.2413357,6.3979565,7.7864829,8.2400211,10.1366559,11.1072368
ISL.1.0.319.0.UYTGH,ISL,1.0,0.0,319.0,0.0,UYTGH,Iceland,02 Expenditure (ESA 2010),Social benefits other than social transfers in kind: general government :- ESA 2010 ,(Percentage of GDP at current prices (excessive deficit procedure)) ,,,,,,,,,,,,,,,,,,,,,,,,,,,,,,,,,,,,,,,5.6520633,5.4525024,5.3952025,5.3435482,5.9914316,6.8513618,6.5422964,5.9962084,5.4376672,5.4347656,5.6477403,7.5236072,7.1956139,7.8327003,7.3076805,6.7780002,6.6800843,6.1303462,5.8810803,6.4862231,6.6275032,7.3482382,10.0568589,9.3413874,7.2879409,6.796516,7.9830128,8.6078409,9.4742615
NOR.1.0.319.0.UYTGH,NOR,1.0,0.0,319.0,0.0,UYTGH,Norway,02 Expenditure (ESA 2010),Social benefits other than social transfers in kind: general government :- ESA 2010 ,(Percentage of GDP at current prices (excessive deficit procedure)) ,,,,,,,,,,,,,,,,,,,,,,,,,,,,,,,,,,,,15.1537994,14.499579,14.0225524,14.720246,14.5021213,13.0651924,13.4958142,14.5350335,15.3169611,14.3414631,13.0573445,12.091128,11.891708,11.4780513,13.4985195,13.3670665,13.1680195,13.0689669,13.1870493,13.6614675,14.7158489,15.3550265,14.8467863,14.1268714,14.574734,16.7359945,13.7501269,10.7524977,13.1144446,16.2781327,16.0910388,16.0217739
CHE.1.0.319.0.UYTGH,CHE,1.0,0.0,319.0,0.0,UYTGH,Switzerland,02 Expenditure (ESA 2010),Social benefits other than social transfers in kind: general government :- ESA 2010 ,(Percentage of GDP at current prices (excessive deficit procedure)) ,,,,,,,,,,,,,,,,,,,,,,,,,,,,,,,,,,,,9.5932937,10.0771849,10.3571402,9.9871582,9.8231375,9.1993885,9.3965717,9.9136591,10.3986489,10.3146148,10.1940254,9.5846875,9.2072545,8.9179364,9.9207668,9.8500986,9.7016567,9.7740218,9.9128114,9.9217664,10.0338473,10.1474514,10.1574961,9.8882168,9.9720386,12.5853055,11.0922517,9.7083299,13.5924405,15.9288081,15.4957719,14.7294065
JPN.1.0.319.0.UYTGH,JPN,1.0,0.0,319.0,0.0,UYTGH,Japan,02 Expenditure (ESA 2010),Social benefits other than social transfers in kind: general government :- ESA 2010 ,(Percentage of GDP at current prices (excessive deficit procedure)) ,,,,,,,,,,,,,,,,,,,,,,6.7404001,7.0321576,7.0692058,6.8913901,6.9008453,7.0839854,7.3143676,7.1117284,6.8461541,7.0198123,6.6694649,6.9236391,7.2852646,7.6373009,8.0398801,8.1664853,8.3643795,8.8981419,9.3964265,9.5246384,9.8328066,10.3811651,10.444958,10.5576133,10.2221794,10.4166114,10.6282301,11.0899319,12.4184141,12.5961514,12.9574113,13.0038142,12.9184436,12.6435253,12.3548716,12.3898578,12.2740398,12.273932,12.3196576,12.8505984,12.7888634,12.9303685,12.9432799,13.0960826,12.8317694,12.6321892
USA.1.0.319.0.UYTGH,USA,1.0,0.0,319.0,0.0,UYTGH,United States,02 Expenditure (ESA 2010),Social benefits other than social transfers in kind: general government :- ESA 2010 ,(Percentage of GDP at current prices (excessive deficit procedure)) ,4.5171116,4.9981413,4.7688278,4.753314,4.5875581,4.5804262,4.6101985,5.3142068,5.6662886,5.7978705,6.7509361,7.4020689,7.4874718,7.7022484,8.4050211,9.8000242,9.6152368,9.2256029,8.7671835,8.7687019,9.625882,9.7316186,10.382892,10.2949942,9.5249842,9.3833134,9.4550194,9.3135525,9.1941125,9.3272098,9.7404658,10.6652361,11.3180673,11.4475067,11.2873249,11.4077046,11.3202674,10.9969371,10.6602947,10.39265,10.2797477,10.9207688,11.5373643,11.6209908,11.5861365,11.5229335,11.6204579,11.8184196,13.0996214,14.6685535,15.2694825,14.9181217,14.3997866,14.2457091,14.3009783,14.5151421,14.5611681,14.425955,14.2751324,14.4499239,19.7467934,19.368451,15.1180151,14.6600816,14.6968415,14.5984632,14.6957215
EU27.1.0.319.0.UYTGM,EU27,1.0,0.0,319.0,0.0,UYTGM,European Union,02 Expenditure (ESA 2010),Social transfers in kind supplied to households via market producers: general government :- ESA 2010 ,(Percentage of GDP at current prices (excessive deficit procedure)) ,,,,,,,,,,,,,,,,,,,,,,,,,,,,,,,,,,,,4.498838,4.4923784,4.3596044,4.3481877,4.3992684,4.404014,4.4632127,4.5898338,4.6870164,4.6342844,4.6247126,4.6500757,4.5747923,4.6774568,5.1500392,5.1207169,5.0552879,5.1061962,5.1948932,5.2314842,5.1928169,5.2627059,5.2262967,5.1868232,5.2147871,5.5413354,5.6051819,5.4238004,5.3072941,5.406009,5.4372397,5.4249398
EU15.1.0.319.0.UYTGM,EU15,1.0,0.0,319.0,0.0,UYTGM,European Union (15 countries),02 Expenditure (ESA 2010),Social transfers in kind supplied to households via market producers: general government :- ESA 2010 ,(Percentage of GDP at current prices (excessive deficit procedure)) ,,,,,,,,,,,,,,,,,,,,,,,,,,,,,,,,,,,,4.1658187,4.1442065,3.9617315,3.9626149,4.0144404,4.003765,4.089856,4.2472018,4.3704626,4.3364361,4.3475519,4.3900298,4.3479909,4.5230641,4.9953377,4.9603454,4.9098194,4.9212739,4.9886956,4.9925673,4.9375222,5.0544686,5.0638717,5.0483109,5.0907308,5.4894547,5.5148998,5.3176901,5.2167592,5.3040895,5.3415459,5.3392811
EA19.1.0.319.0.UYTGM,EA19,1.0,0.0,319.0,0.0,UYTGM,Euro area (19 countries),02 Expenditure (ESA 2010),Social transfers in kind supplied to households via market producers: general government :- ESA 2010 ,(Percentage of GDP at current prices (excessive deficit procedure)) ,,,,,,,,,,,,,,,,,,,,,,,,,,,,,,,,,,,,4.7830021,4.7890112,4.6670483,4.6570889,4.6910334,4.7056273,4.7655503,4.8997024,4.9945057,4.9416302,4.9566213,4.9956097,4.9385033,5.0725896,5.5596091,5.5531569,5.4867501,5.5501436,5.6445506,5.6875026,5.6529433,5.7223497,5.7087685,5.6846464,5.7311481,6.1138364,6.196004,6.0156478,5.8884038,6.0086384,6.0665789,6.0669713
EA20.1.0.319.0.UYTGM,EA20,1.0,0.0,319.0,0.0,UYTGM,Euro area,02 Expenditure (ESA 2010),Social transfers in kind supplied to households via market producers: general government :- ESA 2010 ,(Percentage of GDP at current prices (excessive deficit procedure)) ,,,,,,,,,,,,,,,,,,,,,,,,,,,,,,,,,,,,4.7765248,4.7817001,4.6590004,4.6484882,4.6831762,4.6968739,4.755802,4.8879343,4.9821481,4.9300314,4.9441643,4.9821781,4.9247905,5.0562999,5.5429395,5.5363653,5.4706896,5.5349402,5.6298341,5.6735422,5.6392296,5.7075276,5.6934608,5.6687186,5.7147653,6.0979344,6.1778206,5.9964562,5.8680177,5.986697,6.0438006,6.044025
EA12.1.0.319.0.UYTGM,EA12,1.0,0.0,319.0,0.0,UYTGM,Euro area (12 countries),02 Expenditure (ESA 2010),Social transfers in kind supplied to households via market producers: general government :- ESA 2010 ,(Percentage of GDP at current prices (excessive deficit procedure)) ,,,,,,,,,,,,,,,,,,,,,,,,,,,,,,,,,,,,4.8210476,4.8230703,4.7042479,4.6940817,4.7282546,4.7460894,4.8075903,4.942939,5.0391031,4.9886305,5.0044061,5.049104,4.9988832,5.1345746,5.6247408,5.6186285,5.5548945,5.6239934,5.7216717,5.7653709,5.7306034,5.8011968,5.7914651,5.7707191,5.8168057,6.2059446,6.2867285,6.107259,5.9786125,6.0983673,6.1596063,6.1601217
BEL.1.0.319.0.UYTGM,BEL,1.0,0.0,319.0,0.0,UYTGM,Belgium,02 Expenditure (ESA 2010),Social transfers in kind supplied to households via market producers: general government :- ESA 2010 ,(Percentage of GDP at current prices (excessive deficit procedure)) ,,,,,,,,,,,,,,,,,,,,,,,,,,,,,,,,,,,,5.7768787,6.0814207,5.7839863,5.8715832,6.0444658,6.0383873,6.1757642,6.3368806,6.6055785,6.7692271999999996,6.6656109,6.5653703,6.5661697,7.091852,7.6472048,7.5910742,7.7199353,7.8339175,7.8228649,7.8214473,7.7477872,7.7436751,7.6711204,7.6817475,7.6204586,7.8096452,7.9997913,7.834141,7.8440859,7.9684884,8.10302,8.2072359
BGR.1.0.319.0.UYTGM,BGR,1.0,0.0,319.0,0.0,UYTGM,Bulgaria,02 Expenditure (ESA 2010),Social transfers in kind supplied to households via market producers: general government :- ESA 2010 ,(Percentage of GDP at current prices (excessive deficit procedure)) ,,,,,,,,,,,,,,,,,,,,,,,,,,,,,,,,,,,,1.089615,1.0333129,0.1040333,0.0744519,1.9925775,0.4280907,2.973212,1.4655677,1.5882456,1.3475303,1.1495783,1.1141902,1.1956943,1.5238778,1.5779951,1.6277728,1.8071817,1.8484362,1.9729271,2.2385641,1.9663645,2.1582717,2.2677568,2.0898757,2.1787811,2.4990831,2.4996782,2.6130311,2.5762756,2.7051311,2.5549923,2.5399111
CZE.1.0.319.0.UYTGM,CZE,1.0,0.0,319.0,0.0,UYTGM,Czechia,02 Expenditure (ESA 2010),Social transfers in kind supplied to households via market producers: general government :- ESA 2010 ,(Percentage of GDP at current prices (excessive deficit procedure)) ,,,,,,,,,,,,,,,,,,,,,,,,,,,,,,,,,,,,2.7495178,2.8638629,2.6086259,2.6737253,2.7249451,2.6350377,2.7377571,3.0292117,3.1215267,3.0951069,2.9550922,2.685559,2.6642438,2.6794374,3.0533734,2.9959692,3.0281868,3.151453,3.1949784,3.1894538,3.0444689,3.0512716,2.941164,2.9135065,3.0042101,3.5144788,3.4784325,3.201661,3.3826878,3.5164156,3.5231194,3.5174152
DNK.1.0.319.0.UYTGM,DNK,1.0,0.0,319.0,0.0,UYTGM,Denmark,02 Expenditure (ESA 2010),Social transfers in kind supplied to households via market producers: general government :- ESA 2010 ,(Percentage of GDP at current prices (excessive deficit procedure)) ,,,,,,,,,,,,,,,,,,,,,,,,,,,,,,,,,,,,1.2752088,1.2550281,1.2450045,1.2678681,1.2458699,1.219473,1.2732856,1.3565909,1.4131694,1.4114965,1.438105,1.4756942,1.5445078,1.5814594,1.6907493,1.6614303,1.6149579,1.5833588,1.5114526,1.5076799,1.4914251,1.457897,1.4070218,1.3795595,1.3812942,1.3862766,1.5737755,1.2711006,1.3163778,1.3205097,1.3115571,1.3114698
DEU.1.0.319.0.UYTGM,DEU,1.0,0.0,319.0,0.0,UYTGM,Germany,02 Expenditure (ESA 2010),Social transfers in kind supplied to households via market producers: general government :- ESA 2010 ,(Percentage of GDP at current prices (excessive deficit procedure)) ,,,,,,,,,,,,,,,,,,,,,,,,,,,,,,,,6.321712,6.7115428,6.7231156,7.0127637,7.1928966,7.4407848,7.2686282,7.1901439,7.1722093,7.2064555,7.2148411,7.3452342,7.4680584,7.1573544,7.2237295,7.1040896,7.0342063,7.1876448,7.8881064,7.731971,7.5548528,7.5958977,7.85089,7.9429647,8.0711681,8.2542841,8.2161502,8.1794627,8.3338048,8.8389736,9.0031715,8.9673862,8.6501655,8.9929411,9.1488922,9.0914712
EST.1.0.319.0.UYTGM,EST,1.0,0.0,319.0,0.0,UYTGM,Estonia,02 Expenditure (ESA 2010),Social transfers in kind supplied to households via market producers: general government :- ESA 2010 ,(Percentage of GDP at current prices (excessive deficit procedure)) ,,,,,,,,,,,,,,,,,,,,,,,,,,,,,,,,,,,,1.2510309,1.1005525,1.1130549,1.6018257,1.7218771,1.549021,1.5482404,1.4390034,1.3022039,1.3957598,1.3256427,1.2519195,1.314461,1.5602699,1.9168529,1.7860813,1.6760384,1.7233791,1.7189169,1.7136757,1.8109665,1.8770596,1.8292392,1.8908053,1.904323,2.3062326,2.4224129,2.29428,2.2067271,2.2938303,2.3534931,2.3577167
IRL.1.0.319.0.UYTGM,IRL,1.0,0.0,319.0,0.0,UYTGM,Ireland,02 Expenditure (ESA 2010),Social transfers in kind supplied to households via market producers: general government :- ESA 2010 ,(Percentage of GDP at current prices (excessive deficit procedure)) ,,,,,,,,,,,,,,,,,,,,,,,,,,,,,,,,,,,,0.8274478,0.8904765,0.9633904,1.1356345,1.0982802,1.1634606,1.218208,1.3664918,1.420006,1.5019204,1.6070999,1.6538839,1.7524791,2.0241562,2.3858583,2.6384068,2.5786117,2.7190918,2.4953503,2.3245394,1.811522,1.8839209,1.8324416,1.8962525,1.8627349,1.9046739,1.7814571,1.6944521,2.0058366,2.0982355,2.0140909,1.9453285
GRC.1.0.319.0.UYTGM,GRC,1.0,0.0,319.0,0.0,UYTGM,Greece,02 Expenditure (ESA 2010),Social transfers in kind supplied to households via market producers: general government :- ESA 2010 ,(Percentage of GDP at current prices (excessive deficit procedure)) ,,,,,,,,,,,,,,,,,,,,,,,,,,,,,,,,,,,,2.0061188,2.0533634,2.0675715,2.0547347,2.2336549,2.3082939,2.3250337,2.3977003,2.4159083,2.3403273,2.504449,2.5800416,2.6678847,2.9090784,3.1341406,3.2264342,3.4878979,3.0898472,2.6309008,2.2235242,2.5547026,2.4586098,2.4151749,2.3713337,2.7626993,3.2111735,2.998781,2.9564021,3.1670049,2.8346296,2.7962097,2.7636374
ESP.1.0.319.0.UYTGM,ESP,1.0,0.0,319.0,0.0,UYTGM,Spain,02 Expenditure (ESA 2010),Social transfers in kind supplied to households via market producers: general government :- ESA 2010 ,(Percentage of GDP at current prices (excessive deficit procedure)) ,,,,,,,,,,,,,,,,,,,,,,,,,,,,,,,,,,,,2.0664452,2.0758939,1.9981849,2.1828465,2.2664731,2.2828455,2.2868703,2.3912162,2.3243298,2.4573896,2.5190654,2.6038433,2.4166134,2.5977318,2.9589279,2.937209,2.8645351,2.7779923,2.7687754,2.6812673,2.6136221,2.619044,2.5840496,2.5943762,2.6205422,2.9758753,2.9216317,2.7877251,2.7342551,2.7005356,2.6838136,2.6553909
FRA.1.0.319.0.UYTGM,FRA,1.0,0.0,319.0,0.0,UYTGM,France,02 Expenditure (ESA 2010),Social transfers in kind supplied to households via market producers: general government :- ESA 2010 ,(Percentage of GDP at current prices (excessive deficit procedure)) ,,,,,,,,,,,,,,,,,,,3.1701712,3.2053996,3.3154849,3.62664,3.6733657,3.6716999,3.8397322,4.075998,4.1359052,4.1203467,4.1775398,4.1407304,4.1935878,4.3055577,4.3575413,4.5958077,4.5790975,4.6955007,4.8025712,4.8355113,4.8283332,4.8849154,4.854093,4.963587,5.1976696,5.4849965,5.5745222,5.5824368,5.578247,5.6055178,5.656639,6.0465166,6.055188,6.0018193,6.094508,6.141806,6.2267511,6.1858409,6.2600411,6.3495893,6.2399177,6.1500363,6.4954518,6.9085667,6.6343593,6.3331957,6.3609939,6.3246902,6.3364037
HRV.1.0.319.0.UYTGM,HRV,1.0,0.0,319.0,0.0,UYTGM,Croatia,02 Expenditure (ESA 2010),Social transfers in kind supplied to households via market producers: general government :- ESA 2010 ,(Percentage of GDP at current prices (excessive deficit procedure)) ,,,,,,,,,,,,,,,,,,,,,,,,,,,,,,,,,,,,2.6285114,2.4677098,2.332268,2.259809,2.3152008,2.0896819,1.9863495,1.7701467,1.8566982,2.1232022,2.0753826,2.0263212,2.0123589,1.8119,2.1496621,2.0311978,2.0051127,2.1779469,2.3407808,2.4407317,2.4393459,2.3098757,2.2432664,2.1577318,2.1655078,2.4722592,2.2685034,2.1200896,2.0761455,2.1589666,2.1835727,2.2049797
ITA.1.0.319.0.UYTGM,ITA,1.0,0.0,319.0,0.0,UYTGM,Italy,02 Expenditure (ESA 2010),Social transfers in kind supplied to households via market producers: general government :- ESA 2010 ,(Percentage of GDP at current prices (excessive deficit procedure)) ,,,,,,,,,,,,,,,,,,,,,,,,,,,,,,,,,,,,1.8592238,1.8829956,1.8995671,1.9215658,2.0416973,2.2445576,2.4514316,2.5193979,2.5201052,2.6360748,2.7161451,2.6798487,2.6163052,2.633723,2.8769525,2.8669089,2.7015217,2.6497667,2.674647,2.708527,2.6355791,2.6001599,2.5935902,2.6004863,2.5441408,2.7714773,2.5790941,2.5121493,2.5065773,2.3699746,2.439108,2.4686838
CYP.1.0.319.0.UYTGM,CYP,1.0,0.0,319.0,0.0,UYTGM,Cyprus,02 Expenditure (ESA 2010),Social transfers in kind supplied to households via market producers: general government :- ESA 2010 ,(Percentage of GDP at current prices (excessive deficit procedure)) ,,,,,,,,,,,,,,,,,,,,,,,,,,,,,,,,,,,,0.0,0.0,0.0,0.0,0.0,0.0,0.0,0.0,0.0661721,0.0317542,0.0890549,0.1206251,0.1256314,0.1125751,0.1435039,0.1099628,0.0614359,0.044626,0.0321502,0.0240236,0.0245205,0.0268226,0.0290462,0.0311815,0.7756129,2.6522285,3.4357364,3.0922241,3.1786865,2.8719736,2.7925151,2.7458501
LVA.1.0.319.0.UYTGM,LVA,1.0,0.0,319.0,0.0,UYTGM,Latvia,02 Expenditure (ESA 2010),Social transfers in kind supplied to households via market producers: general government :- ESA 2010 ,(Percentage of GDP at current prices (excessive deficit procedure)) ,,,,,,,,,,,,,,,,,,,,,,,,,,,,,,,,,,,,0.0,0.0,0.0,0.0,0.0,0.0,0.0,0.8595714,0.8755552,0.6666748,0.8532645,0.7652743,0.9216466,1.0182045,1.2370628,1.2953423,1.1672175,1.1181592,1.1131257,1.1064693,1.1355587,1.2666252,1.2356474,1.2548378,1.3134237,1.5426525,2.5715109,1.8569865,1.5470734,1.5700968,1.4877377,1.4290267
LTU.1.0.319.0.UYTGM,LTU,1.0,0.0,319.0,0.0,UYTGM,Lithuania,02 Expenditure (ESA 2010),Social transfers in kind supplied to households via market producers: general government :- ESA 2010 ,(Percentage of GDP at current prices (excessive deficit procedure)) ,,,,,,,,,,,,,,,,,,,,,,,,,,,,,,,,,,,,1.6034767,1.8307686,1.2224171,1.833545,1.7612831,1.4026849,1.2827291,1.4441326,1.4591273,1.4465292,1.8145448,1.677112,1.5753911,1.7271923,1.9893629,1.939745,1.9950789,1.7590025,1.5865674,1.5866464,1.651411,1.65556,1.6011998,1.6436186,1.8249676,1.9576399,1.9735474,1.9483967,2.4175789,2.2814486,2.2459665,2.2568625
LUX.1.0.319.0.UYTGM,LUX,1.0,0.0,319.0,0.0,UYTGM,Luxembourg,02 Expenditure (ESA 2010),Social transfers in kind supplied to households via market producers: general government :- ESA 2010 ,(Percentage of GDP at current prices (excessive deficit procedure)) ,,,,,,,,,,,,,,,,,,,,,,,,,,,,,,,,,,,,1.819555,1.9405568,1.9074644,1.8378999,2.3061395,2.0823083,2.4070463,2.5150043,2.5706811,2.7264513,2.8844169,2.6209472,2.5515184,2.5113248,2.9220445,2.8913004,2.9233496,3.0567697,3.308579,3.2832529,3.1119661,2.9358951,3.047236,3.1452321,3.1388467,3.4502833,3.1134649,3.2082059,3.2131284,3.3112042,3.343857,3.3852973
HUN.1.0.319.0.UYTGM,HUN,1.0,0.0,319.0,0.0,UYTGM,Hungary,02 Expenditure (ESA 2010),Social transfers in kind supplied to households via market producers: general government :- ESA 2010 ,(Percentage of GDP at current prices (excessive deficit procedure)) ,,,,,,,,,,,,,,,,,,,,,,,,,,,,,,,,,,,,2.3808556,2.5077004,2.5977744,2.7341084,2.6455687,2.5531752,2.5203193,2.6414539,2.7239659,2.9127241,3.1487484,3.4758316,2.8173367,2.6637791,2.7697051,2.4949236,2.5560728,2.2434443,2.2215548,1.9932241,1.8137872,1.8100166,1.6707944,1.4825716,1.3789136,1.3902355,1.3699645,1.2615508,1.2107647,1.2122642,1.2132424,1.2135667
MLT.1.0.319.0.UYTGM,MLT,1.0,0.0,319.0,0.0,UYTGM,Malta,02 Expenditure (ESA 2010),Social transfers in kind supplied to households via market producers: general government :- ESA 2010 ,(Percentage of GDP at current prices (excessive deficit procedure)) ,,,,,,,,,,,,,,,,,,,,,,,,,,,,,,,,,,,,0.2720749,0.2679503,0.3436366,0.314169,0.3376371,0.3228132,0.3608628,0.4311149,0.4431684,0.4836044,0.5213065,0.5872984,0.5468841,0.5756415,0.6154923,0.5494041,0.6114199,0.5120691,0.5092639,0.52076,0.5361296,0.5982876,0.5584039,0.6543077,0.8482845,0.9737926,1.0160792,1.0042616,1.0527631,1.0022579,0.8695288,0.9472939
NLD.1.0.319.0.UYTGM,NLD,1.0,0.0,319.0,0.0,UYTGM,Netherlands,02 Expenditure (ESA 2010),Social transfers in kind supplied to households via market producers: general government :- ESA 2010 ,(Percentage of GDP at current prices (excessive deficit procedure)) ,,,,,,,,,,,,,,,,,,,,,,,,,,,,,,,,,,,,7.0774955,6.6411816,6.7126549,6.7250196,6.7120004,6.8351648,7.0265312,7.5963261,7.9007421,7.8653355,7.7847202,9.1144007,9.0928505,9.2707036,10.352554,10.512393,10.4880544,10.7411976,10.648064,10.5281694,10.2548003,10.2284861,10.1073301,10.1687725,10.3013256,10.5375259,10.5943581,9.983498,10.1253373,10.4201939,10.6393533,10.8311751
AUT.1.0.319.0.UYTGM,AUT,1.0,0.0,319.0,0.0,UYTGM,Austria,02 Expenditure (ESA 2010),Social transfers in kind supplied to households via market producers: general government :- ESA 2010 ,(Percentage of GDP at current prices (excessive deficit procedure)) ,,,,,,,,,,,,,,,,,,,,,,,,,,,,,,,,,,,,2.7398319,2.6969694,2.818514,2.9206176,3.0389001,3.023985,3.0139219,3.1302169,3.2154029,3.2897119,3.2467366,3.3120216,3.3704297,3.4673092,3.6614486,3.6397782,3.6248976,3.6736226,3.7947835,3.8740224,3.9135616,3.9612096,3.9555872,3.9995061,4.0640851,4.2187131,4.5013286,4.2850382,4.4025663,4.5519684,4.5959106,4.5855633
POL.1.0.319.0.UYTGM,POL,1.0,0.0,319.0,0.0,UYTGM,Poland,02 Expenditure (ESA 2010),Social transfers in kind supplied to households via market producers: general government :- ESA 2010 ,(Percentage of GDP at current prices (excessive deficit procedure)) ,,,,,,,,,,,,,,,,,,,,,,,,,,,,,,,,,,,,1.6923561,1.3896321,1.2224916,1.0862214,1.6070514,1.8416351,1.7919152,1.7929206,1.8563508,1.9513751,1.7603064,1.9732153,1.8403773,1.9102323,2.0028438,1.8449693,1.7200203,1.8067588,1.8673585,1.8339302,1.8383102,1.8255482,1.8244863,1.7624432,1.7905476,1.8697715,1.9575295,1.9627521,1.9525166,2.2020514,2.2279681,2.2512959
PRT.1.0.319.0.UYTGM,PRT,1.0,0.0,319.0,0.0,UYTGM,Portugal,02 Expenditure (ESA 2010),Social transfers in kind supplied to households via market producers: general government :- ESA 2010 ,(Percentage of GDP at current prices (excessive deficit procedure)) ,,,,,,,,,,,,,,,,,,,,,,,,,,,,,,,,,,,,1.5296215,1.6595375,1.6702668,1.6944254,1.792927,1.7778373,1.8784016,1.9139379,2.0577422,2.1700065,2.22538,2.148797,2.0468603,2.1459187,2.3760031,2.2062673,1.9752946,2.0295036,1.9508934,1.9279199,1.8875906,1.8331292,1.8093783,1.8450943,1.9377602,2.0039028,1.9841682,1.932799,1.7530197,1.8646513,1.9111432,1.9111432
ROM.1.0.319.0.UYTGM,ROM,1.0,0.0,319.0,0.0,UYTGM,Romania,02 Expenditure (ESA 2010),Social transfers in kind supplied to households via market producers: general government :- ESA 2010 ,(Percentage of GDP at current prices (excessive deficit procedure)) ,,,,,,,,,,,,,,,,,,,,,,,,,,,,,,,,,,,,0.4191522,0.4100916,0.5309783,0.4480149,0.3216245,0.2584296,0.1288851,0.2657096,0.2340067,0.8582347,0.8932521,0.8299914,0.8345723,0.8388916,0.6318094,1.0540524,1.2719099,0.9217264,1.011076,0.9990357,0.9093555,0.8776685,0.8008378,0.8491338,0.8533843,0.6538433,0.6997238,0.8298823,0.7080285,0.6915338,0.6629194,0.648778
SVN.1.0.319.0.UYTGM,SVN,1.0,0.0,319.0,0.0,UYTGM,Slovenia,02 Expenditure (ESA 2010),Social transfers in kind supplied to households via market producers: general government :- ESA 2010 ,(Percentage of GDP at current prices (excessive deficit procedure)) ,,,,,,,,,,,,,,,,,,,,,,,,,,,,,,,,,,,,1.6784109,1.5982155,1.680303,1.7848349,1.7530029,1.9398972,2.0283643,2.0543016,2.036858,2.1801999,2.2154077,2.1976747,2.0457734,2.0894467,2.3875569,2.4210294,2.4460466,2.39926,2.3776077,2.251111,2.2739193,2.2701281,2.2226846,2.1777978,2.2080947,2.3590087,2.4543926,2.495046,2.3155767,2.860007,2.963539,3.3584173
SVK.1.0.319.0.UYTGM,SVK,1.0,0.0,319.0,0.0,UYTGM,Slovakia,02 Expenditure (ESA 2010),Social transfers in kind supplied to households via market producers: general government :- ESA 2010 ,(Percentage of GDP at current prices (excessive deficit procedure)) ,,,,,,,,,,,,,,,,,,,,,,,,,,,,,,,,,,,,0.2456595,2.4024567,2.3988494,2.4235205,2.523228,2.4377198,2.5184122,2.7977919,3.3153842,3.0386923,3.368612,3.2518732,3.0955661,3.7151757,3.6417062,3.6247911,3.3797513,3.2648556,3.2510895,3.4220498,3.346384,3.4341412,3.3312002,3.2405123,3.3888793,3.3184697,3.417222,3.4658458,3.4905946,3.9561472,4.0215785,3.9834284
FIN.1.0.319.0.UYTGM,FIN,1.0,0.0,319.0,0.0,UYTGM,Finland,02 Expenditure (ESA 2010),Social transfers in kind supplied to households via market producers: general government :- ESA 2010 ,(Percentage of GDP at current prices (excessive deficit procedure)) ,,,,,,,,,,,,,,,,0.9102189,0.9910544,1.0446083,0.98694,0.9370266,0.9368154,0.9886852,0.9073532,0.8657198,0.8949892,0.9280128,0.9835139,1.0155102,0.9719626,0.9707697,1.0773477,1.2520844,1.2739038,1.2764907,1.2982355,1.4006541,1.5640782,1.4029829,1.5403011,1.558067,1.5705424,1.6672083,1.7845594,1.929288,2.0139724,2.0769315,2.1190436,2.0710043,2.2280222,2.528957,2.5480077,2.5701348,2.6415076,2.7106051,2.7436788,2.8212301,2.8611561,2.8285849,2.876609,2.9406586,3.1291907,3.2802174,3.1725812,3.3499195,3.5820829,3.5942875,3.5690429
SWE.1.0.319.0.UYTGM,SWE,1.0,0.0,319.0,0.0,UYTGM,Sweden,02 Expenditure (ESA 2010),Social transfers in kind supplied to households via market producers: general government :- ESA 2010 ,(Percentage of GDP at current prices (excessive deficit procedure)) ,,,,,,,,,,,,,,,,,,,,,,,,,,,,,,,,,,1.7744365,1.9305113,1.9754663,2.0825576,1.8662384,2.0460218,2.1546009,2.3676618,2.477085,2.7142155,2.7602119,2.6032918,2.6058875,2.5515523,2.5715313,2.7137091,3.0886684,3.1624953,3.2252179,3.3176964,3.4621605,3.532447,3.6042342,3.8777514,3.737955,3.6285962,3.5248437,3.6133,3.5361827,3.4270037,3.4543484,3.505961,3.3835393,3.3071858
GBR.1.0.319.0.UYTGM,GBR,1.0,0.0,319.0,0.0,UYTGM,United Kingdom,02 Expenditure (ESA 2010),Social transfers in kind supplied to households via market producers: general government :- ESA 2010 ,(Percentage of GDP at current prices (excessive deficit procedure)) ,,,,,,,,,,,,,,,,,,,,,,,,,,,,1.1100652,1.0677911,1.0844875,1.127306,1.2009501,1.2954881,1.2937093,1.3501136,1.3706184,1.3477581,1.3539891,1.4394577,1.6313475,1.6795791,1.7747473,2.0058937,2.1031777,2.219203,2.2385718,2.2993972,2.2516617,2.3050954,2.4666161,2.4425058,2.4397476,2.4228066,2.3142979,2.3119826,2.4016268,2.4192564,2.3938742,2.3840498,2.4681267,2.9929365,2.8751203,2.6475324,2.5494581,2.5825223,2.596304,2.5886012
MNE.1.0.319.0.UYTGM,MNE,1.0,0.0,319.0,0.0,UYTGM,Montenegro,02 Expenditure (ESA 2010),Social transfers in kind supplied to households via market producers: general government :- ESA 2010 ,(Percentage of GDP at current prices (excessive deficit procedure)) ,,,,,,,,,,,,,,,,,,,,,,,,,,,,,,,,,,,,,,,,,,,,,,,,,,,,,,,,,,,0.7128259,0.6706095,0.7167517,0.5731445,0.5756226,0.5227166,0.5395755,0.5335921,0.5334253
MKD.1.0.319.0.UYTGM,MKD,1.0,0.0,319.0,0.0,UYTGM,North Macedonia,02 Expenditure (ESA 2010),Social transfers in kind supplied to households via market producers: general government :- ESA 2010 ,(Percentage of GDP at current prices (excessive deficit procedure)) ,,,,,,,,,,,,,,,,,,,,,,,,,,,,,,,,,,,,,,,,,,,,,,,,,,,,,,,,,,,3.374298,3.6669017,3.3468793,2.7555214,0.0,0.0,0.0,0.0,0.0
SRB.1.0.319.0.UYTGM,SRB,1.0,0.0,319.0,0.0,UYTGM,Serbia,02 Expenditure (ESA 2010),Social transfers in kind supplied to households via market producers: general government :- ESA 2010 ,(Percentage of GDP at current prices (excessive deficit procedure)) ,,,,,,,,,,,,,,,,,,,,,,,,,,,,,,,,,,,,,,,,,,,,,,,,,,,,,,,,,,0.0,0.0,0.0,0.0,0.0,0.0,0.0,0.0,0.0,0.0
TUR.1.0.319.0.UYTGM,TUR,1.0,0.0,319.0,0.0,UYTGM,Turkey,02 Expenditure (ESA 2010),Social transfers in kind supplied to households via market producers: general government :- ESA 2010 ,(Percentage of GDP at current prices (excessive deficit procedure)) ,,,,,,,,,,,,,,,,,,,,,,,,,,,,,,,,,,,,,,,,,,,,,,,,,,4.0538817,3.3689966,2.9228694,2.6848614,2.5981078,2.4885245,2.4654991,2.5330196,2.5241615,2.5400421,2.7255247,2.6432402,2.3907269,1.8398481,2.056291,2.0452562,2.0164091,1.9469969
ISL.1.0.319.0.UYTGM,ISL,1.0,0.0,319.0,0.0,UYTGM,Iceland,02 Expenditure (ESA 2010),Social transfers in kind supplied to households via market producers: general government :- ESA 2010 ,(Percentage of GDP at current prices (excessive deficit procedure)) ,,,,,,,,,,,,,,,,,,,,,,,,,,,,,,,,,,,,,,,1.4717149,1.5602973,1.6613039,1.6335038,1.710146,1.8358514,1.7871595,1.695197,1.6606113,1.6384311,1.818998,2.0990436,1.9880135,1.9403055,1.8706082,1.8217378,1.8400524,1.8059428,1.7850144,1.834577,1.8706503,1.9677724,2.1658788,2.2331785,1.9900655,2.0180519,2.1008138,2.1455919,2.1324225
NOR.1.0.319.0.UYTGM,NOR,1.0,0.0,319.0,0.0,UYTGM,Norway,02 Expenditure (ESA 2010),Social transfers in kind supplied to households via market producers: general government :- ESA 2010 ,(Percentage of GDP at current prices (excessive deficit procedure)) ,,,,,,,,,,,,,,,,,,,,,,,,,,,,,,,,,,,,1.4520245,1.4322936,1.5463403,1.7135251,1.670716,1.5457892,1.7483156,1.9261002,2.0432918,2.0633368,1.9784811,1.9025373,1.8202048,1.7865594,2.053849,2.0882407,1.9985558,1.9693391,1.9800766,2.0768391,2.2065164,2.3251343,2.2271353,2.1258011,2.175045,2.2633339,1.9938339,1.6049045,1.9433337,2.0321444,2.0641307,2.0752299
CHE.1.0.319.0.UYTGM,CHE,1.0,0.0,319.0,0.0,UYTGM,Switzerland,02 Expenditure (ESA 2010),Social transfers in kind supplied to households via market producers: general government :- ESA 2010 ,(Percentage of GDP at current prices (excessive deficit procedure)) ,,,,,,,,,,,,,,,,,,,,,,,,,,,,,,,,,,,,0.8972257,0.9220458,0.9605561,0.9686493,0.9922144,0.9885587,0.911717,0.9576143,1.0158375,1.0317806,1.073923,1.046721,0.9853176,0.9075374,0.9205556,0.920257,0.9337782,0.9940129,1.007854,1.0485633,1.0940225,1.1303856,1.167126,1.1177405,1.1136126,1.20117,1.4089068,1.0956819,1.1162301,1.1375857,1.1470982,1.1344812
JPN.1.0.319.0.UYTGM,JPN,1.0,0.0,319.0,0.0,UYTGM,Japan,02 Expenditure (ESA 2010),Social transfers in kind supplied to households via market producers: general government :- ESA 2010 ,(Percentage of GDP at current prices (excessive deficit procedure)) ,,,,,,,,,,,,,,,,,,,,,,3.5509557,3.6958356,3.9171708,3.8297947,3.7287534,3.8227717,3.8977496,3.8358106,3.740314,3.6537916,3.6600501,3.8459447,4.0407174,4.1838572,4.3391323,4.3883426,4.3846751,4.4204501,4.6707264,5.0973287,5.4152147,5.5890735,5.6686794,5.7819509,6.4505153,6.4443611,6.5870212,6.9024739,7.6447897,7.8104866,8.2438417,8.513797,8.5812559,8.6079709,8.5592073,8.6289226,8.6254979,8.7128238,8.9041116,9.1141869,9.2545649,9.2812263,,,,
USA.1.0.319.0.UYTGM,USA,1.0,0.0,319.0,0.0,UYTGM,United States,02 Expenditure (ESA 2010),Social transfers in kind supplied to households via market producers: general government :- ESA 2010 ,(Percentage of GDP at current prices (excessive deficit procedure)) ,,,,,,,,,,,0.0,0.0,0.0,0.0,0.0,0.0,0.0,0.0,0.0,0.0,0.0,0.0,0.0,0.0,0.0,0.0,0.0,0.0,0.0,0.0,0.0,0.0,0.0,0.0,0.0,0.0,0.0,0.0,0.0,0.0,0.0,0.0,0.0,0.0,0.0,0.0,0.0,0.0,0.0,0.0,0.0,0.0,0.0,0.0,0.0,0.0,0.0,0.0,0.0,0.0,0.0,0.0,0.0,0.0,0.0,0.0,0.0
EU27.1.0.319.0.UYIG,EU27,1.0,0.0,319.0,0.0,UYIG,European Union,02 Expenditure (ESA 2010),Interest: general government :- ESA 2010 ,(Percentage of GDP at current prices (excessive deficit procedure)) ,,,,,,,,,,,,,,,,,,,,,,,,,,,,,,,,,,,,5.2816433,5.3363083,4.8749092,4.4592326,3.9356866,3.7744256,3.6353591,3.3958749,3.1490413,2.9605002,2.830629,2.7175738,2.7426837,2.7943878,2.7242921,2.6652633,2.8649226,2.8874325,2.6544734,2.4709226,2.2012346,2.0078586,1.8289001,1.7237808,1.5375935,1.4155933,1.3500875,1.5944774,1.7157808,1.883322,1.9536663,2.0290705
EU15.1.0.319.0.UYIG,EU15,1.0,0.0,319.0,0.0,UYIG,European Union (15 countries),02 Expenditure (ESA 2010),Interest: general government :- ESA 2010 ,(Percentage of GDP at current prices (excessive deficit procedure)) ,,,,,,,,,,,,,,,,,,,,,,,,,,,,,,,,,,,,5.0800865,5.1314336,4.6983089,4.3468201,3.8100577,3.6367851,3.4620707,3.2193124,3.0239094,2.8574174,2.7747335,2.6939988,2.7653425,2.8364386,2.6868837,2.7861058,3.0128579,2.9872933,2.7510965,2.5789527,2.2944691,2.1449478,2.0350352,1.9184918,1.7060598,1.555491,1.6294823,2.1100713,1.9731784,2.0412684,2.1049067,2.1739872
EA19.1.0.319.0.UYIG,EA19,1.0,0.0,319.0,0.0,UYIG,Euro area (19 countries),02 Expenditure (ESA 2010),Interest: general government :- ESA 2010 ,(Percentage of GDP at current prices (excessive deficit procedure)) ,,,,,,,,,,,,,,,,,,,,,,,,,,,,,,,,,,,,5.2984794,5.3800391,4.8948619,4.500792,3.9688138,3.8336324,3.7207649,3.4749119,3.2390929,3.0497776,2.9360756,2.8330151,2.8807818,2.9587641,2.8317977,2.7838768,3.0081284,3.0369558,2.7854685,2.6148789,2.3308748,2.1278407,1.9504397,1.838617,1.6302573,1.5003769,1.4394472,1.6743256,1.7339259,1.9168218,1.9978075,2.0911148
EA20.1.0.319.0.UYIG,EA20,1.0,0.0,319.0,0.0,UYIG,Euro area,02 Expenditure (ESA 2010),Interest: general government :- ESA 2010 ,(Percentage of GDP at current prices (excessive deficit procedure)) ,,,,,,,,,,,,,,,,,,,,,,,,,,,,,,,,,,,,5.2867853,5.3675907,4.8827484,4.4899923,3.9611348,3.8280006,3.7156196,3.4680111,3.2328485,3.0444436,2.9310208,2.8275713,2.8749781,2.9527889,2.8286392,2.7818314,3.0063935,3.0368854,2.786704,2.6182256,2.3354453,2.131913,1.953449,1.8406506,1.6328271,1.5024679,1.4398918,1.6728495,1.7335189,1.9144483,1.9946761,2.0873911
EA12.1.0.319.0.UYIG,EA12,1.0,0.0,319.0,0.0,UYIG,Euro area (12 countries),02 Expenditure (ESA 2010),Interest: general government :- ESA 2010 ,(Percentage of GDP at current prices (excessive deficit procedure)) ,,,,,,,,,,,,,,,,,,,,,,,,,,,,,,,,,,,,5.3322898,5.4151073,4.9287599,4.5299801,3.9878179,3.8487137,3.7361113,3.490646,3.2569076,3.0692961,2.9584316,2.858788,2.9130747,2.9963167,2.859332,2.8094731,3.0357683,3.0615296,2.8036814,2.6275546,2.3400476,2.1361106,1.9607596,1.8518875,1.6422617,1.5115173,1.4538495,1.6980701,1.7555628,1.9386072,2.0203276,2.1141009
BEL.1.0.319.0.UYIG,BEL,1.0,0.0,319.0,0.0,UYIG,Belgium,02 Expenditure (ESA 2010),Interest: general government :- ESA 2010 ,(Percentage of GDP at current prices (excessive deficit procedure)) ,,,,,,,,,,,,,,,,,,,,,,,,,,,,,,,,,,,,8.9984707,8.5731246,7.8147625,7.4691842,6.9362661,6.7141905,6.5714743,5.8391786,5.4167102,4.8579323,4.4049496,4.1432378,4.0292021,4.0295318,3.9539316,3.6411774,3.5889281,3.5609067,3.3508499,3.2923143,2.9831929,2.7733518,2.4125003,2.1776667,2.0081348,1.9679962,1.6958709,1.5695857,1.999998,2.1810858,2.2612727,2.3953591
BGR.1.0.319.0.UYIG,BGR,1.0,0.0,319.0,0.0,UYIG,Bulgaria,02 Expenditure (ESA 2010),Interest: general government :- ESA 2010 ,(Percentage of GDP at current prices (excessive deficit procedure)) ,,,,,,,,,,,,,,,,,,,,,,,,,,,,,,,,,,,,9.7359839,15.6871531,6.4800161,3.6107277,3.5546945,4.068284,4.1730821,2.2096522,2.1764342,1.844602,1.5564504,1.2889761,1.1164748,0.8380573,0.7250469,0.6953087,0.7171532,0.7954713,0.7621568,0.859679,0.9189318,0.8820188,0.8077289,0.6610394,0.5574344,0.5237495,0.4853083,0.3864338,0.4934879,0.5922675,0.5816644,0.5461857
CZE.1.0.319.0.UYIG,CZE,1.0,0.0,319.0,0.0,UYIG,Czechia,02 Expenditure (ESA 2010),Interest: general government :- ESA 2010 ,(Percentage of GDP at current prices (excessive deficit procedure)) ,,,,,,,,,,,,,,,,,,,,,,,,,,,,,,,,,,,,0.9887465,1.1145545,1.0392837,1.0614214,0.9046102,0.7568863,0.9184766,1.089716,1.0364969,1.0723572,1.0735312,1.0281986,1.0652567,0.9910183,1.2245581,1.2904443,1.2947107,1.4042151,1.3196655,1.282232,1.0533957,0.904248,0.7248215,0.7239343,0.6812174,0.7436966,0.7221428,1.1114386,1.2876454,1.3851295,1.3362244,1.3302493
DNK.1.0.319.0.UYIG,DNK,1.0,0.0,319.0,0.0,UYIG,Denmark,02 Expenditure (ESA 2010),Interest: general government :- ESA 2010 ,(Percentage of GDP at current prices (excessive deficit procedure)) ,,,,,,,,,,,,,,,,,,,,,,,,,,,,,,,,,,,,5.9649759,5.7384145,5.1584875,4.6597338,4.2065131,3.8287833,3.2564865,2.9871498,2.6485633,2.3780627,1.8817309,1.6582794,1.513644,1.4096649,1.7967898,1.7657937,1.8092744,1.6398318,1.5577959,1.3531548,1.2595767,1.0605656,0.7632481,0.804041,0.7393093,0.5182688,0.4932386,0.712355,0.6614512,0.6177231,0.5599023,0.5291424
DEU.1.0.319.0.UYIG,DEU,1.0,0.0,319.0,0.0,UYIG,Germany,02 Expenditure (ESA 2010),Interest: general government :- ESA 2010 ,(Percentage of GDP at current prices (excessive deficit procedure)) ,,,,,,,,,,,,,,,,,,,,,,,,,,,,,,,,2.6713202,3.0773909,3.1636451,3.2984951,3.5043923,3.4621168,3.3957747,3.350871,3.0942019,3.1713983,3.0152628,2.974552,2.9040838,2.7830304,2.730091,2.688094,2.6624761,2.6681289,2.6129217,2.4407315,2.4739702,2.2920104,1.8101476,1.5927736,1.390728,1.1854411,1.0353606,0.9264295,0.7935772,0.649057,0.5911665,0.7049079,0.8736486,1.0394604,1.0690127,1.0972504
EST.1.0.319.0.UYIG,EST,1.0,0.0,319.0,0.0,UYIG,Estonia,02 Expenditure (ESA 2010),Interest: general government :- ESA 2010 ,(Percentage of GDP at current prices (excessive deficit procedure)) ,,,,,,,,,,,,,,,,,,,,,,,,,,,,,,,,,,,,0.461274,0.5733742,0.3673737,0.5823038,0.3717479,0.2851754,0.2391824,0.2594296,0.2298007,0.2188224,0.188622,0.1680033,0.1688802,0.2112051,0.191756,0.0956466,0.1003473,0.1155554,0.0840151,0.0765998,0.0666321,0.0441661,0.0419475,0.0404713,0.0375807,0.0703536,0.0635804,0.1105842,0.359801,0.6930345,0.6511612,0.6826689
IRL.1.0.319.0.UYIG,IRL,1.0,0.0,319.0,0.0,UYIG,Ireland,02 Expenditure (ESA 2010),Interest: general government :- ESA 2010 ,(Percentage of GDP at current prices (excessive deficit procedure)) ,,,,,,,,,,,,,,,,,,,,,,,,,,,,,,,,,,,,5.1398188,4.3963538,3.701402,3.3398893,2.3600469,1.9422963,1.4391121,1.3186969,1.2190125,1.0966982,1.0226252,1.0006152,1.0073101,1.2830851,2.0153409,2.8353064,3.3269674,4.1254738,4.2365766,3.7799348,2.5448706,2.2704803,1.9148018,1.584635,1.2703652,1.0011063,0.7325643,0.6379295,0.6753579,0.6455557,0.5995812,0.5584706
GRC.1.0.319.0.UYIG,GRC,1.0,0.0,319.0,0.0,UYIG,Greece,02 Expenditure (ESA 2010),Interest: general government :- ESA 2010 ,(Percentage of GDP at current prices (excessive deficit procedure)) ,,,,,,,,,,,,,,,,,,,,,,,,,,,,,,,,,,,,10.8456821,10.4992733,8.5931475,7.9645747,7.8838537,7.1084877,6.4881193,5.7286787,5.0322808,4.9066939,4.8019909,4.4904576,4.5659776,4.8811362,5.1091954,6.108936,7.6662984,5.4201428,4.1641893,4.0154064,3.5817158,3.2170012,3.1379233,3.3651567,2.9716838,2.9557121,2.4532033,2.4873228,3.383704,3.5024554,2.9213864,2.9794044
ESP.1.0.319.0.UYIG,ESP,1.0,0.0,319.0,0.0,UYIG,Spain,02 Expenditure (ESA 2010),Interest: general government :- ESA 2010 ,(Percentage of GDP at current prices (excessive deficit procedure)) ,,,,,,,,,,,,,,,,,,,,,,,,,,,,,,,,,,,,4.9406964,5.0312304,4.536477,4.0659948,3.4115536,3.1633695,2.9695074,2.6291641,2.2996625,1.9887008,1.7455679,1.6087946,1.5785014,1.5769054,1.7106404,1.8973304,2.4854729,3.0264565,3.5638794,3.5329934,3.069417,2.7806694,2.5309737,2.4411108,2.2517967,2.2251761,2.1182154,2.3132156,2.3831294,2.5064637,2.5387543,2.5850289
FRA.1.0.319.0.UYIG,FRA,1.0,0.0,319.0,0.0,UYIG,France,02 Expenditure (ESA 2010),Interest: general government :- ESA 2010 ,(Percentage of GDP at current prices (excessive deficit procedure)) ,,,,,,,,,,,,,,,,,,,1.0420457,1.144007,1.2310699,1.7176214,1.770045,2.2326959,2.3566769,2.5539523,2.5765528,2.4837775,2.3887375,2.4730921,2.6930727,2.8207489,3.0018063,3.239139,3.3392432,3.4587673,3.6146231,3.5510114,3.3859618,3.0780462,2.959307,3.0525644,3.0281049,2.8760237,2.8011547,2.7153124,2.603443,2.6882624,2.8728296,2.5457422,2.5403804,2.7154152,2.6309031,2.3310282,2.1969203,2.0308607,1.901171,1.7899572,1.7687551,1.5158333,1.282164,1.3874994,1.9173167,1.8705028,2.1733833,2.521305,2.8333108
HRV.1.0.319.0.UYIG,HRV,1.0,0.0,319.0,0.0,UYIG,Croatia,02 Expenditure (ESA 2010),Interest: general government :- ESA 2010 ,(Percentage of GDP at current prices (excessive deficit procedure)) ,,,,,,,,,,,,,,,,,,,,,,,,,,,,,,,,,,,,1.4087447,1.4276103,1.3806335,1.4905906,1.6468631,2.1506031,2.2538621,1.6397446,1.6535366,1.7536265,1.7669358,1.6295643,1.6423363,1.762715,2.185695,2.3548588,2.6320285,3.0213544,3.0628303,3.3932232,3.4019021,3.0653992,2.6317213,2.2889154,2.1895488,1.9792262,1.5354731,1.3746936,1.6578158,1.5003907,1.4639987,1.4644045
ITA.1.0.319.0.UYIG,ITA,1.0,0.0,319.0,0.0,UYIG,Italy,02 Expenditure (ESA 2010),Interest: general government :- ESA 2010 ,(Percentage of GDP at current prices (excessive deficit procedure)) ,,,,,,,,,,,,,,,,,,,,,,,,,,,,,,,,,,,,11.0826536,11.0303515,9.1194198,7.8319796,6.3689032,6.102539,6.0431457,5.4205674,4.9405954,4.5801431,4.484371,4.415192,4.7281442,4.9082605,4.3872673,4.2558315,4.6197506,5.118628,4.7900378,4.5506042,4.0952873,3.8864263,3.7450996,3.6206555,3.3376813,3.4206942,3.4189279,4.0982849,3.6653171,3.9065168,3.9134377,4.0078141
CYP.1.0.319.0.UYIG,CYP,1.0,0.0,319.0,0.0,UYIG,Cyprus,02 Expenditure (ESA 2010),Interest: general government :- ESA 2010 ,(Percentage of GDP at current prices (excessive deficit procedure)) ,,,,,,,,,,,,,,,,,,,,,,,,,,,,,,,,,,,,1.8936434,2.2658061,2.3359575,2.9150818,2.8649055,3.1826393,3.1812516,2.9670692,3.1941669,2.9733467,3.1729197,2.9587518,2.8215663,2.6334146,2.3217647,1.9608317,2.1447189,3.3423321,3.2344162,3.3123985,3.1297108,2.6317699,2.4787766,2.3496191,2.1759893,2.0385598,1.6935303,1.3149431,1.297384,1.1724609,1.0772272,1.0280024
LVA.1.0.319.0.UYIG,LVA,1.0,0.0,319.0,0.0,UYIG,Latvia,02 Expenditure (ESA 2010),Interest: general government :- ESA 2010 ,(Percentage of GDP at current prices (excessive deficit procedure)) ,,,,,,,,,,,,,,,,,,,,,,,,,,,,,,,,,,,,0.8101758,1.3411935,0.8951163,0.6638911,0.6534801,0.9599938,0.9243291,0.743536,0.7928669,0.7745885,0.5698097,0.4796006,0.3969905,0.6051759,1.5888011,1.8170234,1.8811273,1.7443814,1.5702178,1.4087443,1.3105904,1.1179611,1.0162151,0.80214,0.7543207,0.7246015,0.5428167,0.5074001,0.7341228,1.1039411,1.2542285,1.4204606
LTU.1.0.319.0.UYIG,LTU,1.0,0.0,319.0,0.0,UYIG,Lithuania,02 Expenditure (ESA 2010),Interest: general government :- ESA 2010 ,(Percentage of GDP at current prices (excessive deficit procedure)) ,,,,,,,,,,,,,,,,,,,,,,,,,,,,,,,,,,,,0.344242,0.829375,0.7283569,1.127806,1.4636897,1.7314976,1.5030882,1.3047172,1.234231,0.8939103,0.7657493,0.700012,0.6623256,0.6550786,1.2352883,1.8443121,1.8531251,1.981623,1.7689381,1.7030975,1.6054717,1.4252705,1.1896046,0.8838367,0.8170315,0.6358351,0.4541312,0.3342946,0.5912498,0.7819223,0.9173438,1.1241392
LUX.1.0.319.0.UYIG,LUX,1.0,0.0,319.0,0.0,UYIG,Luxembourg,02 Expenditure (ESA 2010),Interest: general government :- ESA 2010 ,(Percentage of GDP at current prices (excessive deficit procedure)) ,,,,,,,,,,,,,,,,,,,,,,,,,,,,,,,,,,,,0.5394555,0.431311,0.3706221,0.3995363,0.3992163,0.3345945,0.3074972,0.2666017,0.2416567,0.1862403,0.1913742,0.2155081,0.2806447,0.3475669,0.3624259,0.411601,0.5009761,0.4776015,0.4979989,0.404952,0.374901,0.3698935,0.3694422,0.3490618,0.3270303,0.2205217,0.1482155,0.1510016,0.2975427,0.3377398,0.347802,0.3611747
HUN.1.0.319.0.UYIG,HUN,1.0,0.0,319.0,0.0,UYIG,Hungary,02 Expenditure (ESA 2010),Interest: general government :- ESA 2010 ,(Percentage of GDP at current prices (excessive deficit procedure)) ,,,,,,,,,,,,,,,,,,,,,,,,,,,,,,,,,,,,8.7194719,9.0149419,8.4254434,7.0513003,6.6853226,5.2791427,4.6989735,3.9996014,4.0328293,4.3331877,4.0605953,3.8472164,4.0319728,4.0590913,4.510934,4.098219,4.1408753,4.5629731,4.5108904,3.9604975,3.4383599,3.0790437,2.6429974,2.3217116,2.2128161,2.3096527,2.2385088,2.8271174,4.7401111,4.9260368,3.9900472,3.9508005
MLT.1.0.319.0.UYIG,MLT,1.0,0.0,319.0,0.0,UYIG,Malta,02 Expenditure (ESA 2010),Interest: general government :- ESA 2010 ,(Percentage of GDP at current prices (excessive deficit procedure)) ,,,,,,,,,,,,,,,,,,,,,,,,,,,,,,,,,,,,1.7996283,1.9473135,2.4260153,2.8661034,3.8213193,4.0703587,3.7304777,3.87559,3.5390461,3.7076336,3.8067042,3.7282295,3.4907125,3.2999173,3.1999237,2.983104,3.1168196,2.9320299,2.7578979,2.6261502,2.2658322,2.032337,1.6799979,1.4182759,1.2580375,1.1912752,1.0076818,0.8979152,1.0454993,1.2095828,1.3426085,1.367508
NLD.1.0.319.0.UYIG,NLD,1.0,0.0,319.0,0.0,UYIG,Netherlands,02 Expenditure (ESA 2010),Interest: general government :- ESA 2010 ,(Percentage of GDP at current prices (excessive deficit procedure)) ,,,,,,,,,,,,,,,,,,,,,,,,,,,,,,,,,,,,5.3428152,4.9950767,4.6488665,4.3579788,4.039101,3.4385912,3.0105127,2.6935719,2.4758157,2.4094527,2.2526676,2.0858158,2.0673598,2.1389561,2.1024385,1.8795624,1.8572803,1.7401159,1.6791698,1.5190966,1.3402939,1.1880446,1.0193631,0.9056579,0.7768446,0.6931116,0.5429869,0.5685134,0.6846203,0.7562676,0.7938638,0.8219394
AUT.1.0.319.0.UYIG,AUT,1.0,0.0,319.0,0.0,UYIG,Austria,02 Expenditure (ESA 2010),Interest: general government :- ESA 2010 ,(Percentage of GDP at current prices (excessive deficit procedure)) ,,,,,,,,,,,,,,,,,,,,,,,,,,,,,,,,,,,,4.0189408,3.9586284,3.6095567,3.5964459,3.4549788,3.5830443,3.6306105,3.4774989,3.2062115,3.0528965,3.2663915,3.1724379,3.1849107,2.9753685,3.210311,2.9634695,2.8429775,2.7864135,2.656893,2.4651159,2.3517559,2.0960897,1.8474773,1.633074,1.4312239,1.3501495,1.1051196,0.950473,1.2031125,1.4808815,1.4894429,1.4716755
POL.1.0.319.0.UYIG,POL,1.0,0.0,319.0,0.0,UYIG,Poland,02 Expenditure (ESA 2010),Interest: general government :- ESA 2010 ,(Percentage of GDP at current prices (excessive deficit procedure)) ,,,,,,,,,,,,,,,,,,,,,,,,,,,,,,,,,,,,5.5900872,4.4463614,4.4599009,3.9625658,2.9054803,2.9950683,3.0993054,2.8669792,2.9485848,2.695823,2.45564,2.3598463,2.1742347,2.1070675,2.4461271,2.4993584,2.5423691,2.6799947,2.5430342,1.9678047,1.7508527,1.7045381,1.5609194,1.4241565,1.3582526,1.2898931,1.0940373,1.5271942,2.0800151,2.2700466,2.5898783,2.5535827
PRT.1.0.319.0.UYIG,PRT,1.0,0.0,319.0,0.0,UYIG,Portugal,02 Expenditure (ESA 2010),Interest: general government :- ESA 2010 ,(Percentage of GDP at current prices (excessive deficit procedure)) ,,,,,,,,,,,,,,,,,,,,,,,,,,,,,,,,,,,,5.5363133,4.8289594,3.8315872,3.1399137,2.9455707,3.0073718,2.9883261,2.8357623,2.6584219,2.5673835,2.5677898,2.7825015,2.9661495,3.1115095,2.9815335,2.9164293,4.2659286,4.8279105,4.7688701,4.8123799,4.5335176,4.095541,3.7335339,3.3199405,2.9031204,2.833917,2.3639482,1.8888568,2.0667254,2.0613251,2.1297887,2.1457085
ROM.1.0.319.0.UYIG,ROM,1.0,0.0,319.0,0.0,UYIG,Romania,02 Expenditure (ESA 2010),Interest: general government :- ESA 2010 ,(Percentage of GDP at current prices (excessive deficit procedure)) ,,,,,,,,,,,,,,,,,,,,,,,,,,,,,,,,,,,,1.582004,1.7870158,4.4219434,3.9826847,5.0540213,3.9481608,3.4431824,2.4576497,1.6457063,1.4583043,1.2435252,0.8392689,0.7037497,0.722596,1.9011918,1.8084458,1.9245787,2.024936,1.8921401,1.6171355,1.4702436,1.3114637,1.0767588,0.9560362,1.0331162,1.2442908,1.3399567,1.3775235,1.9074397,2.0182528,2.1393774,2.1529969
SVN.1.0.319.0.UYIG,SVN,1.0,0.0,319.0,0.0,UYIG,Slovenia,02 Expenditure (ESA 2010),Interest: general government :- ESA 2010 ,(Percentage of GDP at current prices (excessive deficit procedure)) ,,,,,,,,,,,,,,,,,,,,,,,,,,,,,,,,,,,,2.0868955,2.0390627,2.3347878,2.1577982,2.3254417,2.3968712,2.346644,2.1976029,1.958399,1.6953504,1.5638071,1.3992901,1.2676278,1.1161556,1.3369671,1.6555259,1.9145125,2.049921,2.6097582,3.3039691,3.2788061,3.0732889,2.5377544,2.0291696,1.6303943,1.580596,1.2347699,1.1267156,1.2403356,1.3720638,1.3649663,1.3884569
SVK.1.0.319.0.UYIG,SVK,1.0,0.0,319.0,0.0,UYIG,Slovakia,02 Expenditure (ESA 2010),Interest: general government :- ESA 2010 ,(Percentage of GDP at current prices (excessive deficit procedure)) ,,,,,,,,,,,,,,,,,,,,,,,,,,,,,,,,,,,,2.3312689,2.495948,2.3927465,2.5504064,3.3902819,4.0465326,3.9947731,3.5675335,2.5347657,2.1964591,1.7386064,1.4640883,1.41768,1.3527499,1.458431,1.2866902,1.5453124,1.780744,1.9001196,1.9252295,1.7527553,1.6823984,1.4364344,1.3401148,1.2321851,1.1712184,1.0779716,1.0345307,1.1617417,1.3697913,1.4904391,1.5878893
FIN.1.0.319.0.UYIG,FIN,1.0,0.0,319.0,0.0,UYIG,Finland,02 Expenditure (ESA 2010),Interest: general government :- ESA 2010 ,(Percentage of GDP at current prices (excessive deficit procedure)) ,,,,,,,,,,,,,,,,0.5737137,0.5975475,0.7214879,0.7711717,0.8887973,0.9576335,1.0333864,1.1762852,1.423302,1.5765291,1.7288535,1.6285458,1.5979135,1.5564448,1.4031293,1.3722702,1.839539,2.4781503,4.3129736,4.0237579,3.837325,4.0626808,4.0590806,3.4135729,2.9001954,2.7121552,2.5537123,2.0297763,1.8159168,1.6920644,1.6111401,1.4931072,1.4166653,1.3966322,1.3283077,1.4015637,1.4823809,1.5171326,1.3464572,1.3038304,1.2203129,1.150118,1.0422508,0.9771243,0.8523466,0.6700876,0.5085141,0.5625197,1.1638373,1.2663929,1.5354238,1.5829309
SWE.1.0.319.0.UYIG,SWE,1.0,0.0,319.0,0.0,UYIG,Sweden,02 Expenditure (ESA 2010),Interest: general government :- ESA 2010 ,(Percentage of GDP at current prices (excessive deficit procedure)) ,,,,,,,,,,,,,,,,,,,,,,,,,,,,,,,,,,4.3291804,4.746008,5.0748359,5.1524824,4.9942458,4.3324379,3.8419709,3.3296385,2.6518695,2.9144121,2.1090366,1.8806447,1.8101964,1.7622696,1.6983223,1.6049759,1.3118838,1.0980617,1.2353317,1.0041852,0.8607372,0.6664004,0.5486862,0.4649613,0.4227448,0.4504106,0.3960311,0.2769779,0.2238477,0.509598,0.7170518,0.6535149,0.5524706,0.5355885
GBR.1.0.319.0.UYIG,GBR,1.0,0.0,319.0,0.0,UYIG,United Kingdom,02 Expenditure (ESA 2010),Interest: general government :- ESA 2010 ,(Percentage of GDP at current prices (excessive deficit procedure)) ,,,,,,,,,,,,,,,,,,,,,,,,,,,,4.6621935,4.2873347,4.1654326,3.8705066,3.3738957,3.2558685,3.1618525,3.3359448,3.5630442,3.5412071,3.5815839,3.5330961,3.0217168,2.8507784,2.519773,2.2115274,2.2216677,2.1863142,2.2668113,2.2770472,2.4586359,2.470005,2.1455293,3.1365457,3.4337389,3.2102771,3.04941,2.8694013,2.5210141,2.6310914,2.8613933,2.6509266,2.3636019,2.1611744,2.8700884,4.438005,3.331288,2.8924215,2.9078571,2.8992299
ALB.1.0.319.0.UYIG,ALB,1.0,0.0,319.0,0.0,UYIG,Albania,02 Expenditure (ESA 2010),Interest: general government :- ESA 2010 ,(Percentage of GDP at current prices (excessive deficit procedure)) ,,,,,,,,,,,,,,,,,,,,,,,,,,,,,,,,,,,,,,,,,,,,,,3.2366945,2.8651966,2.650819,2.8969425,3.1733678,3.3561233,3.1616361,3.1135548,3.2098748,2.8721327,2.694194,2.4624458,2.0574516,2.2308713,2.0526899,2.076916,1.9190447,1.8431983,2.0081349,1.8632433,1.8209723,1.7932111
MNE.1.0.319.0.UYIG,MNE,1.0,0.0,319.0,0.0,UYIG,Montenegro,02 Expenditure (ESA 2010),Interest: general government :- ESA 2010 ,(Percentage of GDP at current prices (excessive deficit procedure)) ,,,,,,,,,,,,,,,,,,,,,,,,,,,,,,,,,,,,,,,,,,,,,,,,,,,,,,,,,,,1.9724949,2.2138194,2.7140997,2.3531216,1.5884484,1.822328,1.6642964,1.8229962,1.8319125
MKD.1.0.319.0.UYIG,MKD,1.0,0.0,319.0,0.0,UYIG,North Macedonia,02 Expenditure (ESA 2010),Interest: general government :- ESA 2010 ,(Percentage of GDP at current prices (excessive deficit procedure)) ,,,,,,,,,,,,,,,,,,,,,,,,,,,,,,,,,,,,,,,,,,,,,,,,,,,,,,,,,,,13.9178445,15.8225365,16.9734595,15.9847658,11.530679,14.1362272,14.8090919,16.8594801,16.4435793
SRB.1.0.319.0.UYIG,SRB,1.0,0.0,319.0,0.0,UYIG,Serbia,02 Expenditure (ESA 2010),Interest: general government :- ESA 2010 ,(Percentage of GDP at current prices (excessive deficit procedure)) ,,,,,,,,,,,,,,,,,,,,,,,,,,,,,,,,,,,,,,,,,,,,,,,,,,,,,,,,2.8870806,2.7972161,2.4422738,2.0479655,1.9084481,1.8994921,1.5759964,1.3051324,1.5944745,1.5875441,1.5909519,1.5798242
TUR.1.0.319.0.UYIG,TUR,1.0,0.0,319.0,0.0,UYIG,Turkey,02 Expenditure (ESA 2010),Interest: general government :- ESA 2010 ,(Percentage of GDP at current prices (excessive deficit procedure)) ,,,,,,,,,,,,,,,,,,,,,,,,,,,,,,,,,,,,,,,,,,,,,,,,,,4.5416099,3.8232051,3.0028927,2.8595163,2.3279128,2.2138179,1.9505143,1.9715883,2.1537392,2.9447046,2.5659098,3.0905825,3.1925034,4.6783926,3.9064713,3.488985,2.8808488,2.7243144
ISL.1.0.319.0.UYIG,ISL,1.0,0.0,319.0,0.0,UYIG,Iceland,02 Expenditure (ESA 2010),Interest: general government :- ESA 2010 ,(Percentage of GDP at current prices (excessive deficit procedure)) ,,,,,,,,,,,,,,,,,,,,,,,,,,,,,,,,,,,,,,,3.9510523,7.6408958,6.8957536,9.303879,5.6361526,6.4112573,6.4485752,5.4723934,6.1531322,6.3465021,11.5763915,12.0754998,8.0751077,8.7727359,8.9464378,8.1005059,6.7979513,6.7777939,6.0632936,5.7061051,4.9351311,4.3110206,4.0558254,3.9177795,5.7379488,5.3735587,5.3198094,5.1793255,4.9394798
NOR.1.0.319.0.UYIG,NOR,1.0,0.0,319.0,0.0,UYIG,Norway,02 Expenditure (ESA 2010),Interest: general government :- ESA 2010 ,(Percentage of GDP at current prices (excessive deficit procedure)) ,,,,,,,,,,,,,,,,,,,,,,,,,,,,,,,,,,,,2.6217427,2.3139896,1.9275588,1.9097985,1.6941671,1.5689814,1.9639907,1.8298176,1.8264941,1.4799877,1.5993695,2.3947905,2.5919275,1.9963503,1.3014651,1.0608168,0.9216959,0.7621648,0.7035807,0.7024533,0.6958379,0.5600065,0.4336609,0.4561619,0.5135759,0.3972469,0.2144345,0.3552089,0.8529211,0.9019208,0.8376703,0.7926906
CHE.1.0.319.0.UYIG,CHE,1.0,0.0,319.0,0.0,UYIG,Switzerland,02 Expenditure (ESA 2010),Interest: general government :- ESA 2010 ,(Percentage of GDP at current prices (excessive deficit procedure)) ,,,,,,,,,,,,,,,,,,,,,,,,,,,,,,,,,,,,1.8683894,1.7953344,1.8051002,1.797998,1.7866684,1.6613584,1.5432734,1.4861686,1.3112007,1.2539001,1.2682829,1.2386569,1.0821729,0.9903163,0.9041587,0.8256889,0.7453628,0.6868221,0.6058416,0.5538865,0.5357269,0.4697334,0.3996211,0.3226188,0.2936271,0.2839166,0.236729,0.2347984,0.2354252,0.2230351,0.2128584,0.2055246
JPN.1.0.319.0.UYIG,JPN,1.0,0.0,319.0,0.0,UYIG,Japan,02 Expenditure (ESA 2010),Interest: general government :- ESA 2010 ,(Percentage of GDP at current prices (excessive deficit procedure)) ,,,,,,,,,,,,,,,,,,,,,,3.2264304,3.5449424,3.8965114,4.065887,4.0738206,4.0255379,3.9805116,3.7577199,3.5503308,3.4584537,3.359406,3.3333735,3.2837598,3.2429395,3.2915176,3.2774164,3.2572808,3.2968659,3.2840917,3.1414165,2.998699,2.8230698,2.5605351,2.3721153,1.6940349,1.7180142,1.8463263,1.9458198,1.9648506,1.8894801,1.9547535,1.9556233,1.9295829,1.8882984,1.7830342,1.7304762,1.6273078,1.5351847,1.4801112,1.5008094,1.4440547,1.3843495,1.3510875,1.3517913,1.3546863,1.364091
USA.1.0.319.0.UYIG,USA,1.0,0.0,319.0,0.0,UYIG,United States,02 Expenditure (ESA 2010),Interest: general government :- ESA 2010 ,(Percentage of GDP at current prices (excessive deficit procedure)) ,1.935905,1.7964849,1.8214273,1.8825006,1.8846974,1.8456423,1.8440794,1.9070677,1.9986159,1.9850336,4.135179,4.1740138,4.1797813,4.3483263,4.4993571,4.5939116,4.6292006,4.5994718,4.7342255,4.8371866,5.1369699,5.5017382,6.034681,6.1398092,6.3092971,6.4493052,6.4349289,6.2795571,6.1773671,6.2291238,6.2483985,6.4609397,6.2252859,6.0016543,5.8047249,6.0458138,5.8036655,5.5298178,5.1665613,4.7165288,4.4238135,4.2336515,4.0297067,4.0484356,3.8455305,3.9164298,3.9760392,4.0628903,3.933334,4.2098369,4.2227405,4.3433759,4.2426373,3.9821375,3.9024172,3.7390232,3.8466277,3.8461252,3.9373823,4.0394323,3.758823,3.562991,3.6986963,4.3222588,4.7336554,4.8336554,4.7336554
EU27.1.0.319.0.UWCG,EU27,1.0,0.0,319.0,0.0,UWCG,European Union,02 Expenditure (ESA 2010),Compensation of employees: general government :- ESA 2010 ,(Percentage of GDP at current prices (excessive deficit procedure)) ,,,,,,,,,,,,,,,,,,,,,,,,,,,,,,,,,,,,10.9930972,11.0678513,10.9690044,10.6637198,10.7214333,10.5655031,10.5356207,10.6640708,10.7874177,10.63672,10.621385,10.4212536,10.202609,10.4060063,11.1474182,10.9520016,10.6929223,10.6379722,10.6717268,10.5578449,10.3356025,10.2893902,10.193568,10.1500853,10.1758892,10.9315722,10.4737557,10.008788,9.9822921,10.181196,10.191252,10.152037
EU15.1.0.319.0.UWCG,EU15,1.0,0.0,319.0,0.0,UWCG,European Union (15 countries),02 Expenditure (ESA 2010),Compensation of employees: general government :- ESA 2010 ,(Percentage of GDP at current prices (excessive deficit procedure)) ,,,,,,,,,,,,,,,,,,,,,,,,,,,,,,,,,,,,,,,,,,,,,,,,,,,,,,,,,,,,,,,,,10.0277212,10.0385932,9.9959177
EA19.1.0.319.0.UWCG,EA19,1.0,0.0,319.0,0.0,UWCG,Euro area (19 countries),02 Expenditure (ESA 2010),Compensation of employees: general government :- ESA 2010 ,(Percentage of GDP at current prices (excessive deficit procedure)) ,,,,,,,,,,,,,,,,,,,,,,,,,,,,,,,,,,,,10.8099064,10.8855447,10.8018373,10.5096568,10.5435049,10.3958959,10.3372026,10.4521114,10.5606237,10.433107,10.4344964,10.2361675,10.011462,10.2182115,10.9884516,10.7938231,10.5706045,10.4923877,10.5060368,10.3897183,10.1657471,10.0911812,9.9773645,9.9123763,9.9285675,10.7060608,10.2542777,9.8369394,9.7687269,9.8925007,9.8998716,9.8583954
EA20.1.0.319.0.UWCG,EA20,1.0,0.0,319.0,0.0,UWCG,Euro area,02 Expenditure (ESA 2010),Compensation of employees: general government :- ESA 2010 ,(Percentage of GDP at current prices (excessive deficit procedure)) ,,,,,,,,,,,,,,,,,,,,,,,,,,,,,,,,,,,,10.8279206,10.8995029,10.8144917,10.5256819,10.5584409,10.4054992,10.3440414,10.4576124,10.5648022,10.438059,10.4377224,10.2389416,10.0174469,10.2228696,10.9944078,10.799879,10.5770722,10.4989196,10.5109635,10.3942282,10.1709591,10.0964932,9.9831152,9.920056,9.9366234,10.7175758,10.2641547,9.8442215,9.776856,9.9091987,9.9183657,9.8766564
EA12.1.0.319.0.UWCG,EA12,1.0,0.0,319.0,0.0,UWCG,Euro area (12 countries),02 Expenditure (ESA 2010),Compensation of employees: general government :- ESA 2010 ,(Percentage of GDP at current prices (excessive deficit procedure)) ,,,,,,,,,,,,,,,,,,,,,,,,,,,,,,,,,,,,10.8102987,10.8852501,10.8015222,10.5032345,10.5345781,10.3886962,10.3286696,10.444524,10.5544328,10.4305455,10.4356006,10.237648,10.0176221,10.2168856,10.9791361,10.7920352,10.5692417,10.4946801,10.5089875,10.3931483,10.1653437,10.0849121,9.97067,9.9049934,9.9095452,10.6787919,10.2230808,9.8116737,9.7317857,9.8533879,9.8582221,9.8183254
BEL.1.0.319.0.UWCG,BEL,1.0,0.0,319.0,0.0,UWCG,Belgium,02 Expenditure (ESA 2010),Compensation of employees: general government :- ESA 2010 ,(Percentage of GDP at current prices (excessive deficit procedure)) ,,,,,,,,,,,,,,,,,,,,,,,,,,,,,,,,,,,,11.6054941,11.6460114,11.5109448,11.422262,11.4617948,11.2406602,11.3889615,11.8280337,11.9674879,11.6779311,11.7630894,11.6999922,11.5442137,11.9239013,12.6433959,12.4716167,12.4511347,12.6688782,12.8445024,12.8837216,12.5946845,12.5322808,12.482657,12.3872504,12.25657,13.0609127,12.4128301,12.0897655,12.3630477,12.3863118,12.3655369,12.2658871
BGR.1.0.319.0.UWCG,BGR,1.0,0.0,319.0,0.0,UWCG,Bulgaria,02 Expenditure (ESA 2010),Compensation of employees: general government :- ESA 2010 ,(Percentage of GDP at current prices (excessive deficit procedure)) ,,,,,,,,,,,,,,,,,,,,,,,,,,,,,,,,,,,,6.843409,6.0581399,6.4521688,8.5823755,10.0942621,10.0473318,8.5759402,9.2595229,9.9901987,9.7763906,9.203858,8.5260828,8.4503395,8.8044746,9.349088,9.0336718,8.600045,8.594938,9.4534671,9.4645498,9.3198286,8.9046144,9.1391981,9.4912037,10.0165554,10.7281118,11.0424659,10.0535739,10.5446933,11.4497616,12.2138865,12.6124896
CZE.1.0.319.0.UWCG,CZE,1.0,0.0,319.0,0.0,UWCG,Czechia,02 Expenditure (ESA 2010),Compensation of employees: general government :- ESA 2010 ,(Percentage of GDP at current prices (excessive deficit procedure)) ,,,,,,,,,,,,,,,,,,,,,,,,,,,,,,,,,,,,8.3440378,8.2968951,8.0411194,7.4773478,7.9411187,7.7501354,8.0228463,8.5433501,8.9828205,8.609009,8.6376951,8.5699265,8.2886376,8.2799431,8.9227868,8.7676223,8.5442166,8.7266468,8.796019,8.6695701,8.5509671,8.6604047,8.916998,9.5104015,9.774916,10.8667372,10.7224361,9.7911565,9.6891577,9.5925707,9.7939221,9.7780649
DNK.1.0.319.0.UWCG,DNK,1.0,0.0,319.0,0.0,UWCG,Denmark,02 Expenditure (ESA 2010),Compensation of employees: general government :- ESA 2010 ,(Percentage of GDP at current prices (excessive deficit procedure)) ,,,,,,,,,,,,,,,,,,,,,,,,,,,,,,,,,,,,16.0845677,16.0527511,15.7991023,16.048863,16.0894574,15.530747,15.7421624,16.022977,16.2654868,16.0480977,15.6126877,15.3620186,15.3064201,15.5280302,17.4374641,17.2777167,16.7831636,16.6240522,16.3710133,16.2439681,16.0367476,15.5764856,15.1936704,15.1777398,15.1325511,15.3218527,14.5544339,13.5717671,14.1685403,14.5536901,14.7160721,14.7590859
DEU.1.0.319.0.UWCG,DEU,1.0,0.0,319.0,0.0,UWCG,Germany,02 Expenditure (ESA 2010),Compensation of employees: general government :- ESA 2010 ,(Percentage of GDP at current prices (excessive deficit procedure)) ,,,,,,,,,,,,,,,,,,,,,,,,,,,,,,,,8.6403704,8.83589,8.9603036,8.7569232,9.0009632,9.0228461,8.8870871,8.6938204,8.8671506,8.6879126,8.4934845,8.5433758,8.5599404,8.3548477,8.2311208,7.9241441,7.5950941,7.649671,8.3063246,8.1385366,7.9459642,7.9421364,7.9689462,7.8995836,7.8360151,7.8180038,7.8164936,7.8899954,8.0653374,8.6022518,8.3553745,8.1103481,8.0651527,8.1687367,8.175928,8.1407229
EST.1.0.319.0.UWCG,EST,1.0,0.0,319.0,0.0,UWCG,Estonia,02 Expenditure (ESA 2010),Compensation of employees: general government :- ESA 2010 ,(Percentage of GDP at current prices (excessive deficit procedure)) ,,,,,,,,,,,,,,,,,,,,,,,,,,,,,,,,,,,,11.4270139,11.1223733,10.3323857,10.3246197,11.4631516,10.5595919,10.0327694,10.0653558,10.0277704,9.9635773,9.6690829,9.0486001,9.1689143,10.7852977,11.917886,10.9729022,10.0902767,9.7359586,10.0531069,10.1921968,10.6045059,10.6332158,10.4029755,10.4393333,10.7414075,11.6661271,10.9984537,10.4369023,11.7081967,11.8044148,11.7365649,11.5775605
IRL.1.0.319.0.UWCG,IRL,1.0,0.0,319.0,0.0,UWCG,Ireland,02 Expenditure (ESA 2010),Compensation of employees: general government :- ESA 2010 ,(Percentage of GDP at current prices (excessive deficit procedure)) ,,,,,,,,,,,,,,,,,,,,,,,,,,,,,,,,,,,,10.647798,10.2037372,9.7053734,8.9118834,8.5089502,8.2189743,8.5563691,8.8066808,9.1634075,9.2756333,9.7271529,9.8229339,10.0997923,11.3231325,12.2184022,11.5217018,11.8635285,11.1298531,10.3234452,9.5267224,7.1387658,7.253756,6.8694439,6.6603407,6.5532148,6.5286063,5.9463527,5.5349672,6.1594252,6.5942477,6.5548412,6.6161805
GRC.1.0.319.0.UWCG,GRC,1.0,0.0,319.0,0.0,UWCG,Greece,02 Expenditure (ESA 2010),Compensation of employees: general government :- ESA 2010 ,(Percentage of GDP at current prices (excessive deficit procedure)) ,,,,,,,,,,,,,,,,,,,,,,,,,,,,,,,,,,,,10.3291691,9.8555483,10.6724104,10.5660274,10.6871916,10.9392421,10.7854979,11.1848629,10.9072,11.5878229,11.65457,11.1937128,11.2424497,11.7477341,13.2552296,12.5524122,12.8281122,13.1856432,12.3151534,12.4193625,12.2768285,12.2827306,12.1299959,12.029411,11.8273339,13.320998,12.219423,10.9403716,10.4242064,10.3536349,10.1138419,9.9371848
ESP.1.0.319.0.UWCG,ESP,1.0,0.0,319.0,0.0,UWCG,Spain,02 Expenditure (ESA 2010),Compensation of employees: general government :- ESA 2010 ,(Percentage of GDP at current prices (excessive deficit procedure)) ,,,,,,,,,,,,,,,,,,,,,,,,,,,,,,,,,,,,10.9366683,10.8574362,10.5707255,10.3785557,10.2523007,10.0367683,9.8452404,9.7395911,9.8130894,9.8216518,9.7722067,9.7528697,9.9635188,10.6090979,11.6853838,11.5659452,11.4433559,10.9685279,11.1585606,11.0694558,10.9700748,10.8236484,10.5554245,10.5312652,10.7496151,12.4557436,11.9868164,11.2445937,10.9037164,10.8103533,10.7949664,10.7635994
FRA.1.0.319.0.UWCG,FRA,1.0,0.0,319.0,0.0,UWCG,France,02 Expenditure (ESA 2010),Compensation of employees: general government :- ESA 2010 ,(Percentage of GDP at current prices (excessive deficit procedure)) ,,,,,,,,,,,,,,,,,,,12.4805033,12.4071397,12.6553449,12.9801375,13.3223813,13.3688014,13.4196919,13.389039,13.2171675,12.9188945,12.3978601,12.0766501,12.075483,12.2474103,12.5491091,13.0867949,13.1337767,13.5185266,13.667281,13.5371691,13.3206607,13.3423049,13.1673242,13.0747013,13.2525864,13.347241,13.0506984,13.0430124,12.7540166,12.5335038,12.5263335,13.3180983,13.1525863,13.0193982,13.0541941,13.1147759,13.1373614,12.9515441,12.8890414,12.8654932,12.5961529,12.3604621,13.268308,12.6446213,12.4657542,12.26489,12.279224,12.3620061,12.4134822
HRV.1.0.319.0.UWCG,HRV,1.0,0.0,319.0,0.0,UWCG,Croatia,02 Expenditure (ESA 2010),Compensation of employees: general government :- ESA 2010 ,(Percentage of GDP at current prices (excessive deficit procedure)) ,,,,,,,,,,,,,,,,,,,,,,,,,,,,,,,,,,,,16.8018569,15.3173574,14.4729878,14.9762955,15.0597873,13.2658081,12.286946,11.9150061,11.6216149,11.6364326,11.1806437,10.8494142,11.2885776,11.1506167,12.2068581,12.0640157,11.9726981,11.9412035,11.6120388,11.4385898,11.3870947,11.3141444,11.2792651,11.6129136,11.6819038,13.3430271,12.3876463,11.3150819,11.2888811,12.8222055,13.0525523,12.9318259
ITA.1.0.319.0.UWCG,ITA,1.0,0.0,319.0,0.0,UWCG,Italy,02 Expenditure (ESA 2010),Compensation of employees: general government :- ESA 2010 ,(Percentage of GDP at current prices (excessive deficit procedure)) ,,,,,,,,,,,,,,,,,,,,,,,,,,,,,,,,,,,,10.4778203,10.8063467,10.9849258,10.1493371,10.1049663,10.0123383,10.1981235,10.2680716,10.4723071,10.418455,10.5619266,10.6192578,10.2528528,10.4749669,10.9497668,10.79561,10.3757646,10.3250753,10.3285055,10.1369259,9.8963631,9.8123203,9.6848769,9.679513,9.61838,10.4514824,9.8683457,9.1805688,8.7937442,8.9985217,8.964982,8.8522896
CYP.1.0.319.0.UWCG,CYP,1.0,0.0,319.0,0.0,UWCG,Cyprus,02 Expenditure (ESA 2010),Compensation of employees: general government :- ESA 2010 ,(Percentage of GDP at current prices (excessive deficit procedure)) ,,,,,,,,,,,,,,,,,,,,,,,,,,,,,,,,,,,,11.7161046,12.3666896,12.7784996,12.563219,12.5622202,12.5710478,12.2660374,12.6883466,14.1514905,13.6543008,13.5538927,13.5487585,13.2575357,13.2228344,14.6716679,14.2766633,14.5995988,14.6819476,14.4609168,13.4778182,12.7880117,12.0060041,11.6893884,11.4344461,11.6824816,12.9786671,11.7262077,10.7704312,11.4607571,11.9113389,12.0326109,12.0859588
LVA.1.0.319.0.UWCG,LVA,1.0,0.0,319.0,0.0,UWCG,Latvia,02 Expenditure (ESA 2010),Compensation of employees: general government :- ESA 2010 ,(Percentage of GDP at current prices (excessive deficit procedure)) ,,,,,,,,,,,,,,,,,,,,,,,,,,,,,,,,,,,,10.5655973,10.6835576,10.3132717,10.4532944,11.1998452,10.8960042,10.3914597,10.5530733,10.7768215,10.5720552,10.1777354,10.1185592,10.7304598,12.2276612,12.5722238,10.7679953,10.4185432,9.7535435,10.0022363,10.2067045,10.4455561,10.6990441,10.9070063,10.9722293,11.201407,12.1956219,12.330937,11.6495958,12.2679176,13.1998382,13.141288,12.9469472
LTU.1.0.319.0.UWCG,LTU,1.0,0.0,319.0,0.0,UWCG,Lithuania,02 Expenditure (ESA 2010),Compensation of employees: general government :- ESA 2010 ,(Percentage of GDP at current prices (excessive deficit procedure)) ,,,,,,,,,,,,,,,,,,,,,,,,,,,,,,,,,,,,9.5747907,10.3968815,11.0221274,12.5931969,13.2820637,12.0136188,11.6121483,11.2715995,10.7140608,10.7504041,10.2597067,10.4360116,9.7626718,10.6348541,12.6431685,11.1421469,10.3793676,9.8359137,9.657903,9.5912868,9.712155599999999,9.889054,9.5781031,9.6832465,10.1331804,11.193761,10.672082,10.1168973,10.45901,10.8432544,11.0373122,10.977622
LUX.1.0.319.0.UWCG,LUX,1.0,0.0,319.0,0.0,UWCG,Luxembourg,02 Expenditure (ESA 2010),Compensation of employees: general government :- ESA 2010 ,(Percentage of GDP at current prices (excessive deficit procedure)) ,,,,,,,,,,,,,,,,,,,,,,,,,,,,,,,,,,,,10.843968,10.7134372,10.5616336,10.3638405,9.7530339,9.3178335,9.6873981,9.9309146,10.1813416,10.1342739,10.0315082,9.3574113,8.9365574,8.8505097,9.7159747,9.4610912,9.5253598,9.565312,9.5105581,9.4209223,9.4079491,9.2218431,9.5372638,9.9249582,10.1618685,10.7655,10.1910342,10.2331127,11.1389637,11.5636789,11.6548612,11.6807082
HUN.1.0.319.0.UWCG,HUN,1.0,0.0,319.0,0.0,UWCG,Hungary,02 Expenditure (ESA 2010),Compensation of employees: general government :- ESA 2010 ,(Percentage of GDP at current prices (excessive deficit procedure)) ,,,,,,,,,,,,,,,,,,,,,,,,,,,,,,,,,,,,11.5604524,10.630548,10.4199111,10.504547,10.6655129,10.6172571,10.9742869,12.0362505,13.0259457,12.3984396,12.2930279,11.8873286,11.3619304,11.3301053,11.1861432,10.7132884,10.0686338,9.9020882,10.1046279,10.2974432,10.381435,10.7245727,10.7457452,10.414726,10.4207956,10.9335848,10.5279163,10.301864,9.7673549,10.5010013,10.610655,10.4364729
MLT.1.0.319.0.UWCG,MLT,1.0,0.0,319.0,0.0,UWCG,Malta,02 Expenditure (ESA 2010),Compensation of employees: general government :- ESA 2010 ,(Percentage of GDP at current prices (excessive deficit procedure)) ,,,,,,,,,,,,,,,,,,,,,,,,,,,,,,,,,,,,14.3937482,14.8089296,14.009798,13.8757985,13.2908626,12.718354,14.2681398,13.922346,13.7634237,13.5960169,13.162988,12.7663054,12.3931543,13.5748783,13.3372564,12.6610687,12.7502378,12.5543823,12.218644,11.9115468,11.1197966,11.0977749,10.3791323,10.2050067,10.3500304,11.0783719,10.6382411,10.0574172,9.4148208,9.8246753,9.6302291,9.6955886
NLD.1.0.319.0.UWCG,NLD,1.0,0.0,319.0,0.0,UWCG,Netherlands,02 Expenditure (ESA 2010),Compensation of employees: general government :- ESA 2010 ,(Percentage of GDP at current prices (excessive deficit procedure)) ,,,,,,,,,,,,,,,,,,,,,,,,,,,,,,,,,,,,9.7169365,9.3950188,9.147054,9.0125342,8.9157739,8.7624477,8.7814039,9.0202644,9.2874164,9.1656273,8.9350993,8.605416,8.4226245,8.5258844,9.2731678,9.3147668,9.1162828,9.1498134,9.0259884,8.8661371,8.6140094,8.5393134,8.4064827,8.3245583,8.293774,8.8905437,8.4642477,8.2516955,8.3212892,8.5871803,8.578968,8.5022874
AUT.1.0.319.0.UWCG,AUT,1.0,0.0,319.0,0.0,UWCG,Austria,02 Expenditure (ESA 2010),Compensation of employees: general government :- ESA 2010 ,(Percentage of GDP at current prices (excessive deficit procedure)) ,,,,,,,,,,,,,,,,,,,,,,,,,,,,,,,,,,,,12.1059079,11.9778396,11.6124594,11.5301925,11.551951,11.2382131,11.085319,11.0051708,11.010989,10.8965376,11.0711449,10.9001174,10.5927421,10.7328415,11.3857861,11.2576981,10.8605673,10.832706,10.8082055,10.7331121,10.7715238,10.6904688,10.6563799,10.5415741,10.5822703,11.335649,11.0248437,10.4057043,10.6537751,11.237471,11.2589257,11.1812774
POL.1.0.319.0.UWCG,POL,1.0,0.0,319.0,0.0,UWCG,Poland,02 Expenditure (ESA 2010),Compensation of employees: general government :- ESA 2010 ,(Percentage of GDP at current prices (excessive deficit procedure)) ,,,,,,,,,,,,,,,,,,,,,,,,,,,,,,,,,,,,11.1712247,11.037715,11.1036944,10.6760608,10.8068039,10.8430706,11.5751205,11.6435515,11.5643393,10.8883766,10.9046978,10.6446489,10.439202,10.7827768,10.9497079,11.1699095,10.6893829,10.5055842,10.6449143,10.6072209,10.3356223,10.3663476,10.1780517,10.0250653,10.2035542,10.7305867,10.3062237,9.7045649,10.2541738,11.1957925,11.0126182,10.993104
PRT.1.0.319.0.UWCG,PRT,1.0,0.0,319.0,0.0,UWCG,Portugal,02 Expenditure (ESA 2010),Compensation of employees: general government :- ESA 2010 ,(Percentage of GDP at current prices (excessive deficit procedure)) ,,,,,,,,,,,,,,,,,,,,,,,,,,,,,,,,,,,,12.4599342,12.6496013,12.6802289,13.0438789,13.2913546,13.7272713,13.8510761,14.1423343,14.3058849,14.2717437,14.5231838,13.7718846,13.0929193,13.0982333,14.0091202,13.6654354,12.809129,11.6633118,12.4720193,11.8282782,11.3347973,11.219238,10.9472631,10.7514891,10.793795,11.9070178,11.5672626,10.6480203,10.4415243,10.5462421,10.7307215,10.5856313
ROM.1.0.319.0.UWCG,ROM,1.0,0.0,319.0,0.0,UWCG,Romania,02 Expenditure (ESA 2010),Compensation of employees: general government :- ESA 2010 ,(Percentage of GDP at current prices (excessive deficit procedure)) ,,,,,,,,,,,,,,,,,,,,,,,,,,,,,,,,,,,,6.6578194,6.4323788,5.3995867,5.8536467,8.1298616,7.8906336,8.3368969,8.4980446,8.4087129,8.2264252,8.8069904,9.3194532,9.4997523,10.0294462,10.3294171,9.3765444,7.5154069,7.4665973,8.1856898,7.8634634,7.8193824,9.1523915,9.9235152,10.873358,11.3287916,12.1433835,11.126402,10.1408399,10.0764885,11.1630841,10.7834933,10.5534592
SVN.1.0.319.0.UWCG,SVN,1.0,0.0,319.0,0.0,UWCG,Slovenia,02 Expenditure (ESA 2010),Compensation of employees: general government :- ESA 2010 ,(Percentage of GDP at current prices (excessive deficit procedure)) ,,,,,,,,,,,,,,,,,,,,,,,,,,,,,,,,,,,,11.1776411,11.1297844,11.0780973,10.8556966,10.8859595,11.2709215,11.7346529,11.6281228,11.7052735,11.5785854,11.5623748,11.2421887,10.5423748,11.0224802,12.4257229,12.6509884,12.6958114,12.6523714,12.007679,11.417531,11.1583423,11.4526571,11.2940429,11.1499955,11.3583954,12.9388282,12.7168656,11.379037,11.2128711,11.3834995,11.6243203,11.6921321
SVK.1.0.319.0.UWCG,SVK,1.0,0.0,319.0,0.0,UWCG,Slovakia,02 Expenditure (ESA 2010),Compensation of employees: general government :- ESA 2010 ,(Percentage of GDP at current prices (excessive deficit procedure)) ,,,,,,,,,,,,,,,,,,,,,,,,,,,,,,,,,,,,9.5347848,9.57252,9.381389,9.6840056,9.6987014,9.1404216,9.2411738,9.4713896,9.1060838,8.2940625,8.2172572,8.0705872,7.5111557,7.7082238,8.8540904,8.7197527,8.5679747,8.5158057,8.9121946,9.0434848,9.0496814,9.4294927,9.5120819,9.4427247,10.3246538,11.2598965,11.1892886,10.8419978,11.0795829,10.8351511,10.8529161,10.5700312
FIN.1.0.319.0.UWCG,FIN,1.0,0.0,319.0,0.0,UWCG,Finland,02 Expenditure (ESA 2010),Compensation of employees: general government :- ESA 2010 ,(Percentage of GDP at current prices (excessive deficit procedure)) ,,,,,,,,,,,,,,,,11.9486912,12.7525379,12.9956354,12.7782755,12.5740706,12.392729,12.8476491,13.1636369,13.5224172,13.6289256,14.1607879,14.2641452,14.4684338,14.0288776,13.7772377,14.5249354,16.8703117,17.3128135,16.0373014,15.1707143,14.6809678,14.9033606,14.1435846,13.4375701,13.0800391,12.7058496,12.5714839,12.9062247,13.1985183,13.1541316,13.2553168,13.0208665,12.5324096,12.8332638,14.1898919,14.0725071,13.909084,14.2755193,14.340752,14.2036871,13.8768364,13.3619511,12.520805,12.5115888,12.5898255,12.9194922,12.9001785,12.5475342,13.1391775,13.2790346,13.2412854,13.235997
SWE.1.0.319.0.UWCG,SWE,1.0,0.0,319.0,0.0,UWCG,Sweden,02 Expenditure (ESA 2010),Compensation of employees: general government :- ESA 2010 ,(Percentage of GDP at current prices (excessive deficit procedure)) ,,,,,,,,,,,,,,,,,,,,,,,,,,,,,,,,,,15.0940387,14.3191161,13.4395433,13.7902977,13.4957328,12.4683255,12.478111,12.309998,12.4968111,12.6767228,13.0530465,12.8776054,12.7603009,12.5416598,12.3831009,12.5530641,12.8582306,12.2857157,12.1268289,12.5722511,12.7495865,12.7042198,12.4406362,12.626501,12.7462329,12.8028664,12.6297646,12.9799015,12.4497061,11.9465097,12.3316671,12.3143217,12.3882641,12.3463604
GBR.1.0.319.0.UWCG,GBR,1.0,0.0,319.0,0.0,UWCG,United Kingdom,02 Expenditure (ESA 2010),Compensation of employees: general government :- ESA 2010 ,(Percentage of GDP at current prices (excessive deficit procedure)) ,,,,,,,,,,,,,,,,,,,,,,,,,,,,,,,,,,,,,,,,,,,,,,,,,,,,,,,,,,,,,,,,,9.878913,9.883884,9.81629
ALB.1.0.319.0.UWCG,ALB,1.0,0.0,319.0,0.0,UWCG,Albania,02 Expenditure (ESA 2010),Compensation of employees: general government :- ESA 2010 ,(Percentage of GDP at current prices (excessive deficit procedure)) ,,,,,,,,,,,,,,,,,,,,,,,,,,,,,,,,,,,,,,,,,,,,,,6.6745666,6.4978247,6.1197048,6.1647165,5.4512988,5.3049076,5.1856644,5.209816,5.238018,5.1152271,5.0539407,4.5868901,4.6846272,4.4956731,4.4953268,4.6434623,4.4607467,3.9398086,4.2396619,4.5579247,4.6391177,4.7318053
MNE.1.0.319.0.UWCG,MNE,1.0,0.0,319.0,0.0,UWCG,Montenegro,02 Expenditure (ESA 2010),Compensation of employees: general government :- ESA 2010 ,(Percentage of GDP at current prices (excessive deficit procedure)) ,,,,,,,,,,,,,,,,,,,,,,,,,,,,,,,,,,,,,,,,,,,,,,,,,,,,,,,,,,,10.8836768,10.5944186,13.1117774,11.852387,10.1231934,10.2719563,9.4741688,9.6630905,10.5369613
MKD.1.0.319.0.UWCG,MKD,1.0,0.0,319.0,0.0,UWCG,North Macedonia,02 Expenditure (ESA 2010),Compensation of employees: general government :- ESA 2010 ,(Percentage of GDP at current prices (excessive deficit procedure)) ,,,,,,,,,,,,,,,,,,,,,,,,,,,,,,,,,,,,,,,,,,,,,,,,,,,,,,,,,,,6.2643918,6.3376766,7.1880808,4.2498091,3.9334197,4.1105342,4.2550378,4.200989,4.1626926
SRB.1.0.319.0.UWCG,SRB,1.0,0.0,319.0,0.0,UWCG,Serbia,02 Expenditure (ESA 2010),Compensation of employees: general government :- ESA 2010 ,(Percentage of GDP at current prices (excessive deficit procedure)) ,,,,,,,,,,,,,,,,,,,,,,,,,,,,,,,,,,,,,,,,,,,,,,,,,,,,,,,,,,8.6059041,8.8657886,9.1070162,10.0438046,9.5645246,9.3171435,8.7882835,10.1524524,10.2641042,10.323022
TUR.1.0.319.0.UWCG,TUR,1.0,0.0,319.0,0.0,UWCG,Turkey,02 Expenditure (ESA 2010),Compensation of employees: general government :- ESA 2010 ,(Percentage of GDP at current prices (excessive deficit procedure)) ,,,,,,,,,,,,,,,,,,,,,,,,,,,,,,,,,,,,,,,,,,,,,,,,,,8.2889051,8.2314775,7.8875971,8.1982644,7.8890989,7.9817777,7.7688432,8.2553785,7.5687142,7.9780446,8.6461507,8.6051179,7.2043804,6.028756,7.2866811,7.1376812,7.1700382,7.1875085
ISL.1.0.319.0.UWCG,ISL,1.0,0.0,319.0,0.0,UWCG,Iceland,02 Expenditure (ESA 2010),Compensation of employees: general government :- ESA 2010 ,(Percentage of GDP at current prices (excessive deficit procedure)) ,,,,,,,,,,,,,,,,,,,,,,,,,,,,,,,,,,,,,,,13.5054395,13.7221822,13.6791011,13.8372317,14.7310523,15.3677419,14.7469261,14.8583702,14.3351463,13.6806935,13.310903,13.4811104,13.2258824,13.1713087,13.3338601,13.2465709,13.4530236,13.5046255,13.4511057,14.1157767,14.1561839,14.2872338,16.1326124,15.5744201,14.5698156,13.9680654,13.0482721,13.0280168,12.76406
NOR.1.0.319.0.UWCG,NOR,1.0,0.0,319.0,0.0,UWCG,Norway,02 Expenditure (ESA 2010),Compensation of employees: general government :- ESA 2010 ,(Percentage of GDP at current prices (excessive deficit procedure)) ,,,,,,,,,,,,,,,,,,,,,,,,,,,,,,,,,,,,13.7068624,13.3892812,13.1014422,14.0250395,13.7634499,12.1797828,12.75177,13.5546896,13.7760414,13.0890884,12.2795922,11.7248146,11.9444583,11.7431025,13.5143,13.3675271,13.1587666,13.143219,13.4320066,13.8347562,14.6168131,15.2251178,14.9265611,14.5322306,15.1578412,16.0827947,13.5466778,10.8551923,12.9108944,12.5262218,13.1955789,13.743128
CHE.1.0.319.0.UWCG,CHE,1.0,0.0,319.0,0.0,UWCG,Switzerland,02 Expenditure (ESA 2010),Compensation of employees: general government :- ESA 2010 ,(Percentage of GDP at current prices (excessive deficit procedure)) ,,,,,,,,,,,,,,,,,,,,,,,,,,,,,,,,,,,,7.3187095,7.4222476,7.2431648,7.0233179,6.9526343,6.8531656,7.0246808,7.3675752,7.5222846,7.4060784,7.2343922,6.8942955,6.6798186,6.769386,7.2367135,7.1737971,7.2241956,7.3063936,7.3154333,7.3180207,7.4179217,7.4000802,7.4411657,7.2790205,7.3478453,7.765122,7.4499888,7.1736803,7.0617007,7.117247,7.2437289,7.2016208
JPN.1.0.319.0.UWCG,JPN,1.0,0.0,319.0,0.0,UWCG,Japan,02 Expenditure (ESA 2010),Compensation of employees: general government :- ESA 2010 ,(Percentage of GDP at current prices (excessive deficit procedure)) ,,,,,,,,,,,,,,,,,,,,,,6.6993492,6.6150912,6.5372261,6.434541,6.2583945,6.2413957,6.121256,5.8850514,5.7566998,5.6663955,5.6201839,5.6875583,5.7964108,5.8715707,5.913804,5.8938263,5.9193399,6.0802345,6.1948238,6.105831,6.1798286,6.3117149,6.1659611,6.0138545,5.9328403,5.8989832,5.8540833,5.9172398,6.1379962,5.8236237,5.9551242,5.8261886,5.6111591,5.6098271,5.4412347,5.4327192,5.3194244,5.319044,5.3248297,5.4808794,5.3570383,5.2294503,5.1285772,5.1810665,5.1669577,5.1775721
USA.1.0.319.0.UWCG,USA,1.0,0.0,319.0,0.0,UWCG,United States,02 Expenditure (ESA 2010),Compensation of employees: general government :- ESA 2010 ,(Percentage of GDP at current prices (excessive deficit procedure)) ,8.8682884,9.1780815,9.1899285,9.3026904,9.4088771,9.3359864,9.6383883,10.1632752,10.3970548,10.5639166,12.0939753,12.2621797,12.203798,11.7557052,11.7119443,11.8592513,11.3978132,11.0504432,10.6624897,10.3257943,10.4483697,10.2630119,10.695651,10.4674745,10.1160512,10.1917755,10.2629884,10.2681962,10.224393,10.2365295,10.4814843,10.8414585,10.8531213,10.655664,10.3734941,10.1818267,9.8948214,9.6586765,9.5514342,9.5067869,9.4951084,9.8314305,10.1764298,10.3140414,10.1798891,9.9893345,9.8525846,9.9155547,10.2133723,10.7584873,10.6911164,10.3777937,9.9741848,9.8664491,9.6937507,9.6095227,9.5664096,9.4129227,9.3056206,9.1927932,9.5754236,8.8873941,8.5958211,8.5501453,8.3307994,8.1922042,8.0495438
EU27.1.0.319.0.UCTGI,EU27,1.0,0.0,319.0,0.0,UCTGI,European Union,02 Expenditure (ESA 2010),Intermediate consumption: general government :- ESA 2010 ,(Percentage of GDP at current prices (excessive deficit procedure)) ,,,,,,,,,,,,,,,,,,,,,,,,,,,,,,,,,,,,5.0526372,5.0852281,5.0420427,4.9369035,5.0752147,5.0585159,5.1158011,5.240605,5.251847,5.2607547,5.3266377,5.2727149,5.2845818,5.4540964,5.886675,5.8683744,5.7563477,5.7885495,5.8182495,5.7762762,5.690593,5.6790624,5.6348328,5.6335826,5.6707651,6.192116,6.1808103,6.0790437,6.0806497,6.150257,6.1495762,6.1092378
EU15.1.0.319.0.UCTGI,EU15,1.0,0.0,319.0,0.0,UCTGI,European Union (15 countries),02 Expenditure (ESA 2010),Intermediate consumption: general government :- ESA 2010 ,(Percentage of GDP at current prices (excessive deficit procedure)) ,,,,,,,,,,,,,,,,,,,,,,,,,,,,,,,,,,,,,,,,,,,,,,,,,,,,,,,,,,,,,,,,,6.5557525,6.5522421,6.5063721
EA19.1.0.319.0.UCTGI,EA19,1.0,0.0,319.0,0.0,UCTGI,Euro area (19 countries),02 Expenditure (ESA 2010),Intermediate consumption: general government :- ESA 2010 ,(Percentage of GDP at current prices (excessive deficit procedure)) ,,,,,,,,,,,,,,,,,,,,,,,,,,,,,,,,,,,,4.7497291,4.7927223,4.7437272,4.6177126,4.7615116,4.7500385,4.8215473,4.9427852,4.9613406,5.0002394,5.0657795,5.0003814,5.0214831,5.171181,5.6397056,5.6185502,5.5221974,5.5489605,5.5600805,5.5182624,5.4443794,5.4500287,5.4166272,5.414146,5.4561232,6.0229704,6.0254003,5.9076464,5.8803206,5.9364826,5.935675,5.904991
EA20.1.0.319.0.UCTGI,EA20,1.0,0.0,319.0,0.0,UCTGI,Euro area,02 Expenditure (ESA 2010),Intermediate consumption: general government :- ESA 2010 ,(Percentage of GDP at current prices (excessive deficit procedure)) ,,,,,,,,,,,,,,,,,,,,,,,,,,,,,,,,,,,,4.7605531,4.8012877,4.7533968,4.6303456,4.7751787,4.7616503,4.8310077,4.9551509,4.9717568,5.0095663,5.0761939,5.011657,5.0339237,5.1841939,5.6505096,5.6297629,5.5343086,5.5607491,5.5719069,5.5311455,5.4565523,5.4620819,5.4286402,5.4261478,5.4696565,6.0347267,6.0363533,5.9166946,5.890737,5.9462582,5.9454946,5.9149163
EA12.1.0.319.0.UCTGI,EA12,1.0,0.0,319.0,0.0,UCTGI,Euro area (12 countries),02 Expenditure (ESA 2010),Intermediate consumption: general government :- ESA 2010 ,(Percentage of GDP at current prices (excessive deficit procedure)) ,,,,,,,,,,,,,,,,,,,,,,,,,,,,,,,,,,,,4.7325744,4.7730422,4.7215543,4.5915716,4.745195,4.7319726,4.8042719,4.9264418,4.9454835,4.9894668,5.0574462,4.9856117,5.0153625,5.1628302,5.6302251,5.6069644,5.511026,5.5414738,5.5547789,5.5137351,5.4355059,5.44685,5.4131011,5.4139638,5.4545505,6.0323789,6.035094,5.9098534,5.8907427,5.9381,5.9366817,5.9079075
BEL.1.0.319.0.UCTGI,BEL,1.0,0.0,319.0,0.0,UCTGI,Belgium,02 Expenditure (ESA 2010),Intermediate consumption: general government :- ESA 2010 ,(Percentage of GDP at current prices (excessive deficit procedure)) ,,,,,,,,,,,,,,,,,,,,,,,,,,,,,,,,,,,,3.5538182,3.7107693,3.6504441,3.6754623,3.7184967,3.6868838,3.7951099,4.2196344,4.1954095,4.0808612,4.0183836,3.9564634,3.7473201,3.9386416,4.2717024,4.1540305,4.2082359,4.2599158,4.1638929,4.2076184,4.0770038,4.0757155,4.0342602,4.150259,4.1044341,4.2918084,4.2199646,4.2119545,4.2189051,4.1626053,4.0715918,4.0062265
BGR.1.0.319.0.UCTGI,BGR,1.0,0.0,319.0,0.0,UCTGI,Bulgaria,02 Expenditure (ESA 2010),Intermediate consumption: general government :- ESA 2010 ,(Percentage of GDP at current prices (excessive deficit procedure)) ,,,,,,,,,,,,,,,,,,,,,,,,,,,,,,,,,,,,4.8131193,4.6087585,6.6991167,6.3234976,7.4647785,8.0220787,7.0575463,8.0863056,8.0525882,7.949021,8.1621125,7.092913,7.1470769,6.877286,5.8063879,5.6615514,5.4394184,5.3364581,5.6758734,5.4599241,5.2038938,4.7721308,4.7960241,4.8246679,4.569394,5.1246853,5.1709872,5.1652402,4.8616736,4.6218926,4.6188931,4.5704299
CZE.1.0.319.0.UCTGI,CZE,1.0,0.0,319.0,0.0,UCTGI,Czechia,02 Expenditure (ESA 2010),Intermediate consumption: general government :- ESA 2010 ,(Percentage of GDP at current prices (excessive deficit procedure)) ,,,,,,,,,,,,,,,,,,,,,,,,,,,,,,,,,,,,7.9904652,6.8800949,7.1916538,6.7661064,7.1192952,7.0532983,6.8465728,7.4264938,7.9138514,7.3280551,7.0807206,7.1686667,6.9035938,6.9105282,7.4095711,7.1883821,6.8636785,6.2950146,6.4747251,6.2594236,6.094742,6.0183604,5.7237171,5.923182,5.758627,5.9383685,5.6172442,5.5916051,5.6815221,6.057569,5.7801117,5.7157936
DNK.1.0.319.0.UCTGI,DNK,1.0,0.0,319.0,0.0,UCTGI,Denmark,02 Expenditure (ESA 2010),Intermediate consumption: general government :- ESA 2010 ,(Percentage of GDP at current prices (excessive deficit procedure)) ,,,,,,,,,,,,,,,,,,,,,,,,,,,,,,,,,,,,7.1347381,7.2172393,7.0022652,7.1522712,7.4886764,7.5120896,7.8264838,7.9593092,7.8748021,7.9971556,8.1380885,8.1029965,8.0326106,8.560602,9.6543625,9.4459373,9.2203479,9.4195901,9.2192669,9.1556608,9.017903,8.8527817,8.7389443,8.7222339,8.5553421,8.8610294,8.5238284,7.9412058,8.0843086,8.4284736,8.6801297,8.8645437
DEU.1.0.319.0.UCTGI,DEU,1.0,0.0,319.0,0.0,UCTGI,Germany,02 Expenditure (ESA 2010),Intermediate consumption: general government :- ESA 2010 ,(Percentage of GDP at current prices (excessive deficit procedure)) ,,,,,,,,,,,,,,,,,,,,,,,,,,,,,,,,4.1042718,4.1454713,4.1488841,3.963613,4.0328328,4.0237275,3.9508332,3.9155718,4.3764803,4.2494107,4.3090279,4.4280728,4.3417782,4.31436,4.4046334,4.4055676,4.3910047,4.5955485,5.0914877,5.1543543,5.1466804,5.1956877,5.2961692,5.2620119,5.3049439,5.4338555,5.4352453,5.4842865,5.6436994,6.5769563,6.6297199,6.3792506,6.3071042,6.3666482,6.4192897,6.4358573
EST.1.0.319.0.UCTGI,EST,1.0,0.0,319.0,0.0,UCTGI,Estonia,02 Expenditure (ESA 2010),Intermediate consumption: general government :- ESA 2010 ,(Percentage of GDP at current prices (excessive deficit procedure)) ,,,,,,,,,,,,,,,,,,,,,,,,,,,,,,,,,,,,10.497477,9.49736,8.9481741,8.6561329,8.7573448,7.7661691,7.5908177,7.2026848,7.281595,6.6382947,6.4484057,6.1070682,5.7138816,6.3987311,6.8006176,6.7861593,6.4706072,6.4854787,6.4540268,6.4500986,6.5285224,6.6181561,6.4664922,6.2942371,6.4536953,6.3027453,6.2626684,6.2264691,6.4363527,6.8356278,6.9515992,6.9813144
IRL.1.0.319.0.UCTGI,IRL,1.0,0.0,319.0,0.0,UCTGI,Ireland,02 Expenditure (ESA 2010),Intermediate consumption: general government :- ESA 2010 ,(Percentage of GDP at current prices (excessive deficit procedure)) ,,,,,,,,,,,,,,,,,,,,,,,,,,,,,,,,,,,,5.6982684,5.4063697,5.2783306,5.3026943,5.2119543,5.0618787,5.1992327,5.3102294,5.2442404,5.2071564,4.6361633,4.7486365,4.9389707,5.3585756,5.8886368,5.4748478,5.3167572,4.9291772,4.5348964,4.4871413,3.5075397,3.6505017,3.3864921,3.3485658,3.4166775,3.8274794,3.5779849,3.3210072,3.7735135,3.7342231,3.6153305,3.577194
GRC.1.0.319.0.UCTGI,GRC,1.0,0.0,319.0,0.0,UCTGI,Greece,02 Expenditure (ESA 2010),Intermediate consumption: general government :- ESA 2010 ,(Percentage of GDP at current prices (excessive deficit procedure)) ,,,,,,,,,,,,,,,,,,,,,,,,,,,,,,,,,,,,5.4190271,5.6425274,5.2053519,5.3383462,5.6719602,5.4655817,6.1476388,5.9067756,6.0426428,6.5297303,6.0208433,6.3598096,6.8208353,6.3212243,6.8000267,6.0449798,4.8000985,5.1549453,4.8205109,5.0274933,5.0734796,5.3391213,5.3010946,4.7554016,4.7251014,5.4476543,5.6936205,5.5716994,5.3855069,5.6013001,5.7470874,5.5228832
ESP.1.0.319.0.UCTGI,ESP,1.0,0.0,319.0,0.0,UCTGI,Spain,02 Expenditure (ESA 2010),Intermediate consumption: general government :- ESA 2010 ,(Percentage of GDP at current prices (excessive deficit procedure)) ,,,,,,,,,,,,,,,,,,,,,,,,,,,,,,,,,,,,4.2321823,4.0724334,4.0763357,3.9639354,3.9526781,4.020421,4.0343359,4.1647549,4.3049373,4.5099232,4.6738468,4.6970276,5.043242,5.3285055,5.7203702,5.7070311,5.754054,5.6325316,5.424062,5.3970888,5.3655925,5.1720131,5.0599817,5.0835783,5.1380303,5.8652302,5.7686362,5.7533002,5.7263983,5.6935562,5.7126035,5.6960043
FRA.1.0.319.0.UCTGI,FRA,1.0,0.0,319.0,0.0,UCTGI,France,02 Expenditure (ESA 2010),Intermediate consumption: general government :- ESA 2010 ,(Percentage of GDP at current prices (excessive deficit procedure)) ,,,,,,,,,,,,,,,,,,,5.0998533,4.9395347,5.1974037,5.1996237,5.2602431,5.3662469,5.2984845,5.2930742,5.0788213,5.2005931,5.2009265,4.919083,4.9637213,5.1236894,5.3803169,5.7858448,5.3521841,5.4630968,5.6906894,5.7327104,5.1364552,5.0854891,5.1470383,4.9600054,5.1590402,5.0633762,5.1162199,5.1334592,5.0301221,4.9026556,4.9137394,5.365603,5.3808747,5.2769902,5.3544468,5.3816963,5.2867971,5.2504186,5.2066942,5.2640846,5.2169458,5.2097379,5.4527114,5.4256685,5.4875642,5.4846614,5.6562287,5.4877296,5.4200688
HRV.1.0.319.0.UCTGI,HRV,1.0,0.0,319.0,0.0,UCTGI,Croatia,02 Expenditure (ESA 2010),Intermediate consumption: general government :- ESA 2010 ,(Percentage of GDP at current prices (excessive deficit procedure)) ,,,,,,,,,,,,,,,,,,,,,,,,,,,,,,,,,,,,8.3500253,7.5122794,7.5489557,8.138901,8.8941364,8.2201944,7.5186977,8.2312351,7.6062041,7.266638,7.4745835,7.4930587,7.6761773,7.7759636,7.8497918,7.9703778,8.1476928,8.1637291,8.2150332,8.5144809,8.2969085,8.2249905,8.1362391,8.0717209,8.4015875,8.7151769,8.3912002,7.74428,7.8282115,7.651638,7.6096249,7.5754879
ITA.1.0.319.0.UCTGI,ITA,1.0,0.0,319.0,0.0,UCTGI,Italy,02 Expenditure (ESA 2010),Intermediate consumption: general government :- ESA 2010 ,(Percentage of GDP at current prices (excessive deficit procedure)) ,,,,,,,,,,,,,,,,,,,,,,,,,,,,,,,,,,,,4.5375115,4.5113059,4.4937793,4.6230612,4.6914368,4.7565596,5.0411001,4.9929831,5.0793705,5.1579017,5.3190868,5.0220397,5.0380014,5.2552176,5.6314385,5.6109458,5.4847999,5.6058598,5.718266,5.6157861,5.6073619,5.6837622,5.6615303,5.6543562,5.6012338,6.1287587,6.0478997,6.003841,5.7091128,5.7142774,5.9207375,5.9051087
CYP.1.0.319.0.UCTGI,CYP,1.0,0.0,319.0,0.0,UCTGI,Cyprus,02 Expenditure (ESA 2010),Intermediate consumption: general government :- ESA 2010 ,(Percentage of GDP at current prices (excessive deficit procedure)) ,,,,,,,,,,,,,,,,,,,,,,,,,,,,,,,,,,,,1.2854374,1.2444389,2.4840448,4.1932586,4.3209927,3.3600819,4.5038535,4.9557802,4.8142159,3.8314314,3.9750889,4.3837527,4.3811085,4.4730172,5.0017536,4.5490678,4.5457567,4.2835812,4.1396093,3.7259478,3.8943054,3.5831832,3.6317646,3.7816762,4.3754821,4.1982444,4.1814505,4.3367966,4.1531604,3.9618559,3.8374041,3.7869701
LVA.1.0.319.0.UCTGI,LVA,1.0,0.0,319.0,0.0,UCTGI,Latvia,02 Expenditure (ESA 2010),Intermediate consumption: general government :- ESA 2010 ,(Percentage of GDP at current prices (excessive deficit procedure)) ,,,,,,,,,,,,,,,,,,,,,,,,,,,,,,,,,,,,7.9697799,7.148044,7.1449258,7.6226174,7.5456042,6.9127018,7.6736807,7.8998703,8.5384408,8.562246,7.0118801,6.6345051,5.9510454,6.7141032,6.509242,6.9341702,7.2126968,6.5290393,6.721157,6.7589975,6.6759714,6.2089944,6.212407,6.0740357,6.5581561,6.73117,6.4427154,7.1736502,6.2550158,7.2680282,7.2623863,7.1549168
LTU.1.0.319.0.UCTGI,LTU,1.0,0.0,319.0,0.0,UCTGI,Lithuania,02 Expenditure (ESA 2010),Intermediate consumption: general government :- ESA 2010 ,(Percentage of GDP at current prices (excessive deficit procedure)) ,,,,,,,,,,,,,,,,,,,,,,,,,,,,,,,,,,,,9.0206763,8.5732804,9.5951253,9.241128,6.9198299,7.252561,6.0313614,6.2677722,5.9204707,5.5594994,5.5579963,5.8313496,5.1112383,5.5686272,5.6470323,6.4420789,5.1840507,5.028515,4.7129626,4.6668331,4.9707925,4.7255717,4.5313315,4.2513831,4.2746404,4.4520392,4.2403217,4.2509529,3.9976781,4.3428037,4.5041271,4.4070312
LUX.1.0.319.0.UCTGI,LUX,1.0,0.0,319.0,0.0,UCTGI,Luxembourg,02 Expenditure (ESA 2010),Intermediate consumption: general government :- ESA 2010 ,(Percentage of GDP at current prices (excessive deficit procedure)) ,,,,,,,,,,,,,,,,,,,,,,,,,,,,,,,,,,,,3.7921997,4.1444396,4.0083093,3.8523481,3.5930437,3.7172578,3.8728403,4.1438418,4.3090613,4.2239296,4.2007543,3.8060808,3.5495817,3.765775,4.2925947,4.1422343,4.0718834,4.1341402,3.9043485,3.7960222,3.9690039,4.0567306,4.0555604,4.1102334,4.2594663,4.3264343,4.1915616,4.4617498,4.650432,4.6395933,4.5726156,4.4831784
HUN.1.0.319.0.UCTGI,HUN,1.0,0.0,319.0,0.0,UCTGI,Hungary,02 Expenditure (ESA 2010),Intermediate consumption: general government :- ESA 2010 ,(Percentage of GDP at current prices (excessive deficit procedure)) ,,,,,,,,,,,,,,,,,,,,,,,,,,,,,,,,,,,,7.7784556,7.0761307,6.9148725,6.5529381,6.8071603,6.7018178,6.5356902,6.476139,6.6206013,6.3572359,6.3171403,6.4421893,6.3375113,7.0860779,7.6984298,7.6946473,7.3456444,7.3538152,7.4220824,7.6509934,7.8119278,7.4530015,8.1406874,8.1598299,8.6724545,8.7616913,8.6677524,8.6105281,8.7893119,8.013754,8.1244776,8.1599032
MLT.1.0.319.0.UCTGI,MLT,1.0,0.0,319.0,0.0,UCTGI,Malta,02 Expenditure (ESA 2010),Intermediate consumption: general government :- ESA 2010 ,(Percentage of GDP at current prices (excessive deficit procedure)) ,,,,,,,,,,,,,,,,,,,,,,,,,,,,,,,,,,,,4.9956894,4.9601969,4.9166461,4.4865541,4.3866652,4.9125856,4.5037551,4.6133743,4.8118425,5.2380272,4.7967975,5.4901247,5.2923147,6.2887636,5.8082113,5.9909822,6.2293735,6.5178502,5.8811373,5.837876,5.813288,5.7720948,5.7204487,6.0708056,6.6375865,8.2915267,7.4880358,7.1356298,7.1136569,7.2201421,7.1729374,7.2770918
NLD.1.0.319.0.UCTGI,NLD,1.0,0.0,319.0,0.0,UCTGI,Netherlands,02 Expenditure (ESA 2010),Intermediate consumption: general government :- ESA 2010 ,(Percentage of GDP at current prices (excessive deficit procedure)) ,,,,,,,,,,,,,,,,,,,,,,,,,,,,,,,,,,,,6.248182,6.1280046,5.9365363,5.8482065,5.732334,5.8077228,6.0148134,6.2286613,6.5439764,6.4390027,6.2214123,6.0717277,6.2589218,6.1142425,6.7440211,6.7843713,6.5068832,6.3685752,6.2883226,6.454503,6.1938713,5.9756309,5.8554113,5.9130695,5.8910513,6.2613983,6.3772082,6.0939607,6.2965589,6.2920607,6.2860434,6.2661831
AUT.1.0.319.0.UCTGI,AUT,1.0,0.0,319.0,0.0,UCTGI,Austria,02 Expenditure (ESA 2010),Intermediate consumption: general government :- ESA 2010 ,(Percentage of GDP at current prices (excessive deficit procedure)) ,,,,,,,,,,,,,,,,,,,,,,,,,,,,,,,,,,,,5.9971009,6.1544683,5.5953193,5.6231576,5.7319699,5.474462,5.5268668,5.5954624,5.6959979,5.6873292,6.4572307,6.4723663,6.1127594,6.3879674,6.7603734,6.7607682,6.5616035,6.5111338,6.5837378,6.4971839,6.45257,6.3700931,6.2846067,6.2403232,6.3035768,6.8114652,7.4229739,7.0690231,6.9973099,6.8767423,6.7966751,6.669556
POL.1.0.319.0.UCTGI,POL,1.0,0.0,319.0,0.0,UCTGI,Poland,02 Expenditure (ESA 2010),Intermediate consumption: general government :- ESA 2010 ,(Percentage of GDP at current prices (excessive deficit procedure)) ,,,,,,,,,,,,,,,,,,,,,,,,,,,,,,,,,,,,6.9960535,7.2994317,6.8646429,6.9643256,6.6573834,6.6325736,6.8411636,6.8513427,6.7714038,6.4741785,6.1717439,6.2216839,6.1059499,6.3066337,5.9601903,6.2599799,5.6784969,5.7025401,5.7229107,5.7385985,5.6466309,5.5312868,5.5079135,5.5838017,5.6166373,5.7336106,5.8424929,6.2601545,6.6233636,6.413418,6.5510086,6.5394002
PRT.1.0.319.0.UCTGI,PRT,1.0,0.0,319.0,0.0,UCTGI,Portugal,02 Expenditure (ESA 2010),Intermediate consumption: general government :- ESA 2010 ,(Percentage of GDP at current prices (excessive deficit procedure)) ,,,,,,,,,,,,,,,,,,,,,,,,,,,,,,,,,,,,4.2568362,4.3500062,4.2743662,4.2127145,4.3613341,4.5913057,4.5520159,4.4961126,4.6301767,4.7914464,5.0154933,5.000046,5.3391375,5.4407866,6.113167,5.84181,5.9777788,5.6845681,5.5559185,5.6260684,5.5217963,5.5097428,5.3626137,5.2424991,5.08989,5.4333945,5.5269495,5.3928337,5.2015763,5.2901728,5.2901728,5.4527625
ROM.1.0.319.0.UCTGI,ROM,1.0,0.0,319.0,0.0,UCTGI,Romania,02 Expenditure (ESA 2010),Intermediate consumption: general government :- ESA 2010 ,(Percentage of GDP at current prices (excessive deficit procedure)) ,,,,,,,,,,,,,,,,,,,,,,,,,,,,,,,,,,,,6.1020156,5.9046164,7.8811456,6.6469951,9.5979422,9.4507321,7.6591641,6.9146886,6.9487634,5.6505358,6.4944839,6.1046042,6.3650144,6.2748851,6.0490138,5.3545256,5.4385382,5.738483,5.7674064,6.0476002,5.9338689,5.6770839,5.2378489,5.1231253,5.7174434,6.0118766,6.0242234,5.8224621,6.1440936,6.7844146,6.6600269,6.5179548
SVN.1.0.319.0.UCTGI,SVN,1.0,0.0,319.0,0.0,UCTGI,Slovenia,02 Expenditure (ESA 2010),Intermediate consumption: general government :- ESA 2010 ,(Percentage of GDP at current prices (excessive deficit procedure)) ,,,,,,,,,,,,,,,,,,,,,,,,,,,,,,,,,,,,6.2205665,6.1915698,5.9588529,6.1186773,6.2533857,6.508249,6.3232296,6.4869763,6.2061747,6.0200475,6.0383855,6.0296014,5.660804,6.1018148,6.6509537,6.8143879,7.1528872,6.9216872,6.8550581,6.6192338,6.6503281,6.4962377,6.3340988,6.2846385,6.0875127,6.1353012,6.5491863,6.6010388,6.5463939,6.7651382,6.6856147,6.6834189
SVK.1.0.319.0.UCTGI,SVK,1.0,0.0,319.0,0.0,UCTGI,Slovakia,02 Expenditure (ESA 2010),Intermediate consumption: general government :- ESA 2010 ,(Percentage of GDP at current prices (excessive deficit procedure)) ,,,,,,,,,,,,,,,,,,,,,,,,,,,,,,,,,,,,7.7812152,8.6771611,7.5537717,7.2578728,5.7356258,6.2506283,6.2528911,5.6760727,5.6543279,5.2214547,5.2563952,5.9465056,5.1984238,4.8810728,6.0889727,5.9247699,5.8709027,5.8231916,5.7633255,5.7353293,5.8859383,5.5438777,5.6937134,5.4219373,5.3860769,5.465085,5.606904,5.9931746,5.4075498,5.8926246,5.9198926,5.6946029
FIN.1.0.319.0.UCTGI,FIN,1.0,0.0,319.0,0.0,UCTGI,Finland,02 Expenditure (ESA 2010),Intermediate consumption: general government :- ESA 2010 ,(Percentage of GDP at current prices (excessive deficit procedure)) ,,,,,,,,,,,,,,,,5.2847858,5.5965423,5.8250192,5.8936699,5.7392881,5.8885538,6.0872509,6.1176184,6.2088668,6.3903727,6.6284174,6.8079601,6.9799698,6.700671,6.5553174,7.1507713,8.1782885,8.3636096,8.3094523,8.1964212,8.1032767,8.2381321,8.1912896,7.6317559,7.5933106,7.4780403,7.6576795,8.1763676,8.4481327,8.5050491,8.6399135,8.7272433,8.703671,9.1519822,10.3309764,10.372209,10.2855986,10.6653425,10.990334,10.962085,9.906181,9.8133202,9.5992096,9.6875876,9.8030337,10.2124905,10.4886559,10.4364883,11.5703205,11.7955457,11.5495105,11.3499516
SWE.1.0.319.0.UCTGI,SWE,1.0,0.0,319.0,0.0,UCTGI,Sweden,02 Expenditure (ESA 2010),Intermediate consumption: general government :- ESA 2010 ,(Percentage of GDP at current prices (excessive deficit procedure)) ,,,,,,,,,,,,,,,,,,,,,,,,,,,,,,,,,,11.2601103,11.1954584,9.5427325,9.0928082,8.913825,9.2237218,8.8312829,8.2998518,8.3492528,8.4595349,8.3762521,8.1163157,8.1192536,8.1496988,7.9216195,8.2053687,8.76684,8.4756687,8.3980258,8.508363,8.9475305,8.8498752,8.5271442,8.5201643,8.3075,8.3632807,8.1419021,8.3715961,8.1740738,8.3593071,8.4848285,8.9242649,8.6810631,8.1767673
GBR.1.0.319.0.UCTGI,GBR,1.0,0.0,319.0,0.0,UCTGI,United Kingdom,02 Expenditure (ESA 2010),Intermediate consumption: general government :- ESA 2010 ,(Percentage of GDP at current prices (excessive deficit procedure)) ,,,,,,,,,,,,,,,,,,,,,,,,,,,,,,,,,,,,,,,,,,,,,,,,,,,,,,,,,,,,,,,,,8.6532335,8.6157637,8.548502
MNE.1.0.319.0.UCTGI,MNE,1.0,0.0,319.0,0.0,UCTGI,Montenegro,02 Expenditure (ESA 2010),Intermediate consumption: general government :- ESA 2010 ,(Percentage of GDP at current prices (excessive deficit procedure)) ,,,,,,,,,,,,,,,,,,,,,,,,,,,,,,,,,,,,,,,,,,,,,,,,,,,,,,,,,,,0.0,0.0,0.0,0.0,0.0,0.0,0.0,0.0,0.0
MKD.1.0.319.0.UCTGI,MKD,1.0,0.0,319.0,0.0,UCTGI,North Macedonia,02 Expenditure (ESA 2010),Intermediate consumption: general government :- ESA 2010 ,(Percentage of GDP at current prices (excessive deficit procedure)) ,,,,,,,,,,,,,,,,,,,,,,,,,,,,,,,,,,,,,,,,,,,,,,,,,,,,,,,,,,,3.374298,3.6669017,3.3468793,2.7555214,2.5732652,2.450725,2.6917506,2.8637473,2.768261
SRB.1.0.319.0.UCTGI,SRB,1.0,0.0,319.0,0.0,UCTGI,Serbia,02 Expenditure (ESA 2010),Intermediate consumption: general government :- ESA 2010 ,(Percentage of GDP at current prices (excessive deficit procedure)) ,,,,,,,,,,,,,,,,,,,,,,,,,,,,,,,,,,,,,,,,,,,,,,,,,,,,,,,,,,0.0,0.0,0.0,0.0,0.0,0.0,0.0,0.0,0.0,0.0
TUR.1.0.319.0.UCTGI,TUR,1.0,0.0,319.0,0.0,UCTGI,Turkey,02 Expenditure (ESA 2010),Intermediate consumption: general government :- ESA 2010 ,(Percentage of GDP at current prices (excessive deficit procedure)) ,,,,,,,,,,,,,,,,,,,,,,,,,,,,,,,,,,,,,,,,,,,,,,,,,,4.4793218,4.7247659,4.3913795,4.8811593,5.0248154,4.9040444,5.0281185,5.3052731,5.4358239,5.0664028,4.8895609,4.5764916,4.2651401,4.3412373,4.5816233,4.5570365,4.4927624,4.3381049
ISL.1.0.319.0.UCTGI,ISL,1.0,0.0,319.0,0.0,UCTGI,Iceland,02 Expenditure (ESA 2010),Intermediate consumption: general government :- ESA 2010 ,(Percentage of GDP at current prices (excessive deficit procedure)) ,,,,,,,,,,,,,,,,,,,,,,,,,,,,,,,,,,,,,,,7.5855126,8.0008759,8.5250673,8.4569517,9.1700045,9.2250088,9.0808315,9.3511021,9.3606149,9.4968104,9.8560419,9.8757972,9.8043636,9.9584916,9.9997759,9.7458994,9.4728094,8.9395299,8.5943654,8.7467718,8.9355084,8.8692594,9.8259017,9.7965153,9.3256478,9.3954756,9.7807912,9.9892653,9.9279523
NOR.1.0.319.0.UCTGI,NOR,1.0,0.0,319.0,0.0,UCTGI,Norway,02 Expenditure (ESA 2010),Intermediate consumption: general government :- ESA 2010 ,(Percentage of GDP at current prices (excessive deficit procedure)) ,,,,,,,,,,,,,,,,,,,,,,,,,,,,,,,,,,,,7.1318959,6.7466473,6.5605341,6.6619518,6.5809266,5.9532897,6.5297426,7.1706907,6.86881,6.4691858,6.0017416,5.6966449,5.7721168,5.6863205,6.8097382,6.6690438,6.4333654,6.2037517,6.3801174,6.6108731,7.0861033,7.4471243,7.4386199,7.1948881,7.5557898,8.31789,7.1928299,5.9878525,7.2488052,7.5800771,7.6993888,7.7407898
CHE.1.0.319.0.UCTGI,CHE,1.0,0.0,319.0,0.0,UCTGI,Switzerland,02 Expenditure (ESA 2010),Intermediate consumption: general government :- ESA 2010 ,(Percentage of GDP at current prices (excessive deficit procedure)) ,,,,,,,,,,,,,,,,,,,,,,,,,,,,,,,,,,,,4.1324542,4.303422,4.3389428,4.3198021,4.4883275,4.4192684,4.3481234,4.3600817,4.4832994,4.3219497,4.2675284,4.1054516,3.9977242,4.2029371,4.5303516,4.4326693,4.4069031,4.568407,4.6901119,4.713689,4.7945306,4.8340991,4.8474106,4.8052958,4.8121412,5.02569,4.8983821,4.7776437,4.8672425,4.9603622,5.0018405,4.9468251
JPN.1.0.319.0.UCTGI,JPN,1.0,0.0,319.0,0.0,UCTGI,Japan,02 Expenditure (ESA 2010),Intermediate consumption: general government :- ESA 2010 ,(Percentage of GDP at current prices (excessive deficit procedure)) ,,,,,,,,,,,,,,,,,,,,,,2.5384163,2.5405229,2.6098597,2.6131714,2.5621646,2.4995845,2.572586,2.4641009,2.4830683,2.5413785,2.6316851,2.7059077,2.8296327,2.9084815,2.9762458,2.9505635,2.9421277,3.1044326,3.2707602,3.2101852,3.2583228,3.2993714,3.3276422,3.2813696,3.651386,3.5084166,3.4502376,3.4145486,3.746244,3.8246152,3.8811826,3.8256879,3.8980493,3.8797944,3.8020766,3.7868002,3.6256697,3.6456527,3.764401,4.2754102,4.5352913,4.7937948,,,,
USA.1.0.319.0.UCTGI,USA,1.0,0.0,319.0,0.0,UCTGI,United States,02 Expenditure (ESA 2010),Intermediate consumption: general government :- ESA 2010 ,(Percentage of GDP at current prices (excessive deficit procedure)) ,,,,,,,,,,,5.0159182,4.9507662,4.9231888,4.6001195,4.9745574,5.2194072,4.9439205,4.9698198,4.8373894,4.9196276,5.2882662,5.43105,5.7610094,5.8747322,5.5390648,5.729205,5.8959335,5.8062104,5.5473205,5.5779232,5.7137309,5.9046019,5.8422837,5.7629598,5.732338,5.7167061,5.6492643,5.6288438,5.5570691,5.6599861,5.7685472,6.1426891,6.4353834,6.5395301,6.5932887,6.6371572,6.7143746,6.790711,7.210785,7.5977891,7.5412864,7.2337076,6.9149691,6.5535204,6.3003993,6.1365173,6.1482656,6.0660046,6.1638516,6.4048521,6.884873,6.8514179,7.3079549,6.8040624,7.02157,7.1789188,7.2087893
EU27.1.0.319.0.UUOG,EU27,1.0,0.0,319.0,0.0,UUOG,European Union,02 Expenditure (ESA 2010),Other current expenditure: general government :- ESA 2010 ,(Percentage of GDP at current prices (excessive deficit procedure)) ,,,,,,,,,,,,,,,,,,,,,,,,,,,,,,,,,,,,,,,,,,,,,,,,,,,,,,,,,,,,,,,,,2.5017974,2.4978853,2.4762816
EU15.1.0.319.0.UUOG,EU15,1.0,0.0,319.0,0.0,UUOG,European Union (15 countries),02 Expenditure (ESA 2010),Other current expenditure: general government :- ESA 2010 ,(Percentage of GDP at current prices (excessive deficit procedure)) ,,,,,,,,,,,,,,,,,,,,,,,,,,,,,,,,,,,,,,,,,,,,,,,,,,,,,,,,,,,,,,,,,2.289887,2.2725632,2.2511116
EA19.1.0.319.0.UUOG,EA19,1.0,0.0,319.0,0.0,UUOG,Euro area (19 countries),02 Expenditure (ESA 2010),Other current expenditure: general government :- ESA 2010 ,(Percentage of GDP at current prices (excessive deficit procedure)) ,,,,,,,,,,,,,,,,,,,,,,,,,,,,,,,,,,,,2.0841158,2.1143825,2.0720426,2.1959842,2.1680262,2.1996487,2.214618,2.1900273,2.2697601,2.231009,2.3013753,2.2764332,2.2305927,2.3535632,2.4719678,2.4720576,2.4380178,2.4634018,2.5948781,2.4619507,2.4007523,2.3709025,2.2272936,2.3773184,2.3668117,2.7582196,2.7417954,2.7892403,2.4881431,2.3864812,2.3751184,2.3551183
EA20.1.0.319.0.UUOG,EA20,1.0,0.0,319.0,0.0,UUOG,Euro area,02 Expenditure (ESA 2010),Other current expenditure: general government :- ESA 2010 ,(Percentage of GDP at current prices (excessive deficit procedure)) ,,,,,,,,,,,,,,,,,,,,,,,,,,,,,,,,,,,,2.0868524,2.1170941,2.0707469,2.1937703,2.1674144,2.2037152,2.2141809,2.1858026,2.2686819,2.2276055,2.2975949,2.2712462,2.227028,2.3491125,2.4668944,2.4659437,2.4306657,2.457781,2.5914056,2.4616065,2.3983225,2.3684286,2.2260151,2.3750104,2.3647286,2.7562205,2.7399858,2.7854963,2.4871896,2.3850325,2.3736251,2.352888
EA12.1.0.319.0.UUOG,EA12,1.0,0.0,319.0,0.0,UUOG,Euro area (12 countries),02 Expenditure (ESA 2010),Other current expenditure: general government :- ESA 2010 ,(Percentage of GDP at current prices (excessive deficit procedure)) ,,,,,,,,,,,,,,,,,,,,,,,,,,,,,,,,,,,,2.0932731,2.1254521,2.0795587,2.2082353,2.1794973,2.2098895,2.2265537,2.2019558,2.2801222,2.2415588,2.3025376,2.2786491,2.2345577,2.3590482,2.4783352,2.4825028,2.4471488,2.473724,2.6067993,2.4729088,2.4088238,2.3766127,2.2370707,2.3852001,2.3764975,2.7618586,2.7369089,2.8041745,2.4949212,2.3881894,2.3684011,2.3451493
BEL.1.0.319.0.UUOG,BEL,1.0,0.0,319.0,0.0,UUOG,Belgium,02 Expenditure (ESA 2010),Other current expenditure: general government :- ESA 2010 ,(Percentage of GDP at current prices (excessive deficit procedure)) ,,,,,,,,,,,,,,,,,,,,,,,,,,,,,,,,,,,,1.9863736,2.006327,2.0247522,2.0114021,1.9696039,1.9126956,1.9327754,1.8984403,2.0183129,2.0352423,2.0682008,1.9989144,1.7911704,1.9053963,2.2212036,2.1287163,2.1282635,2.140256,2.1530788,2.0335427,2.0303318,2.1364768,1.7613607,1.9341803,1.9321094,2.9146035,2.5136792,2.2546259,2.1094358,1.8125898,1.8169168,1.9167581
BGR.1.0.319.0.UUOG,BGR,1.0,0.0,319.0,0.0,UUOG,Bulgaria,02 Expenditure (ESA 2010),Other current expenditure: general government :- ESA 2010 ,(Percentage of GDP at current prices (excessive deficit procedure)) ,,,,,,,,,,,,,,,,,,,,,,,,,,,,,,,,,,,,0.8544463,0.7498377,1.5489409,0.4455776,1.4255515,3.0659686,1.244728,1.3596053,1.051643,1.2718045,1.6555629,1.0552443,1.8363798,2.606969,4.2428773,1.2267719,1.5424094,1.7885399,2.1844684,2.5991207,2.1404156,1.0906199,2.1766024,2.763941,1.520685,2.697368,3.8033847,2.0894508,1.3607762,1.8876282,1.9380959,1.9223051
CZE.1.0.319.0.UUOG,CZE,1.0,0.0,319.0,0.0,UUOG,Czechia,02 Expenditure (ESA 2010),Other current expenditure: general government :- ESA 2010 ,(Percentage of GDP at current prices (excessive deficit procedure)) ,,,,,,,,,,,,,,,,,,,,,,,,,,,,,,,,,,,,1.150417,1.4860727,0.9813244,0.9515032,0.9368956,1.1956078,1.0530666,1.1018811,0.9684819,1.3801839,1.6272803,1.691324,1.7434137,1.857209,1.9080447,1.9827164,2.0579901,2.1262213,2.1813567,2.1128413,2.0654313,2.0864418,2.0258164,2.000156,1.933699,2.1644152,2.3224903,2.3684827,2.1207428,1.9909017,2.0028818,1.9993672
DNK.1.0.319.0.UUOG,DNK,1.0,0.0,319.0,0.0,UUOG,Denmark,02 Expenditure (ESA 2010),Other current expenditure: general government :- ESA 2010 ,(Percentage of GDP at current prices (excessive deficit procedure)) ,,,,,,,,,,,,,,,,,,,,,,,,,,,,,,,,,,,,,,,,,,,,,,,,,,,,,,,,,,,,,,,,,2.9926095,2.9410151,2.9263117
DEU.1.0.319.0.UUOG,DEU,1.0,0.0,319.0,0.0,UUOG,Germany,02 Expenditure (ESA 2010),Other current expenditure: general government :- ESA 2010 ,(Percentage of GDP at current prices (excessive deficit procedure)) ,,,,,,,,,,,,,,,,,,,,,,,,,,,,,,,,2.4371548,2.0801923,2.1887626,2.1238071,1.9061755,1.8789148,1.9070954,1.8894235,1.8317575,1.9677789,1.8149148,1.7336374,1.8391117,1.7351202,1.8163486,1.7565473,1.7279386,1.8625081,1.9135666,1.9891746,1.9256062,1.9848378,2.2336849,2.0690949,2.0735015,2.0508994,1.9466184,2.1153381,2.1470036,2.4092509,2.4763223,2.8229447,2.2026257,2.102296,2.0882096,2.0688492
EST.1.0.319.0.UUOG,EST,1.0,0.0,319.0,0.0,UUOG,Estonia,02 Expenditure (ESA 2010),Other current expenditure: general government :- ESA 2010 ,(Percentage of GDP at current prices (excessive deficit procedure)) ,,,,,,,,,,,,,,,,,,,,,,,,,,,,,,,,,,,,0.4927245,0.7527235,0.7937896,0.6960197,0.7989806,0.5800727,0.5958076,0.641545,0.8288831,1.3783767,1.6006431,1.8635106,1.5930829,1.5903561,2.1121469,1.8715527,1.7799695,1.739966,1.9286936,1.6886335,1.9485143,1.9410554,1.5820781,1.8552511,1.7627808,2.1946002,2.1385264,1.8950243,1.9108209,1.915223,2.1086388,2.0461736
IRL.1.0.319.0.UUOG,IRL,1.0,0.0,319.0,0.0,UUOG,Ireland,02 Expenditure (ESA 2010),Other current expenditure: general government :- ESA 2010 ,(Percentage of GDP at current prices (excessive deficit procedure)) ,,,,,,,,,,,,,,,,,,,,,,,,,,,,,,,,,,,,2.54973,2.7984505,1.186731,1.5016634,1.4645891,1.3585843,1.4978397,1.7010558,1.8167037,1.8174203,1.7980495,1.816444,1.5973053,1.8749168,1.6074827,1.5912019,1.6672038,1.6108552,1.7352764,1.312032,0.9525424,1.0738005,0.9450193,1.1396209,0.9170002,1.1415799,1.0128523,0.9373332,1.0414121,1.005086,1.1484051,1.1172496
GRC.1.0.319.0.UUOG,GRC,1.0,0.0,319.0,0.0,UUOG,Greece,02 Expenditure (ESA 2010),Other current expenditure: general government :- ESA 2010 ,(Percentage of GDP at current prices (excessive deficit procedure)) ,,,,,,,,,,,,,,,,,,,,,,,,,,,,,,,,,,,,1.8557416,1.8288544,1.4425336,1.7326501,1.7098263,1.6348273,1.5945608,1.4807845,1.6732147,2.0168847,2.1440302,1.7372933,1.8121728,2.0520627,2.0062084,1.9656471,1.6483598,1.7294322,1.8645372,1.7277039,1.6018213,1.6136597,1.5013097,1.7235493,1.5579334,1.9165572,1.987268,1.475555,1.4498417,1.259795,1.3005048,1.2859075
ESP.1.0.319.0.UUOG,ESP,1.0,0.0,319.0,0.0,UUOG,Spain,02 Expenditure (ESA 2010),Other current expenditure: general government :- ESA 2010 ,(Percentage of GDP at current prices (excessive deficit procedure)) ,,,,,,,,,,,,,,,,,,,,,,,,,,,,,,,,,,,,1.3863933,1.49403,1.6230194,1.7517491,1.7559245,1.7269202,1.6351907,1.6210867,1.7259616,1.6866285,1.7425511,1.7617336,1.6919078,1.8512592,1.99452,1.7836039,1.9203885,1.7298864,1.7309965,1.6255851,1.517231,1.5689686,1.40886,1.5010608,1.5701398,1.8357016,1.9636188,1.8322269,1.6803442,1.6463906,1.617353,1.6002245
FRA.1.0.319.0.UUOG,FRA,1.0,0.0,319.0,0.0,UUOG,France,02 Expenditure (ESA 2010),Other current expenditure: general government :- ESA 2010 ,(Percentage of GDP at current prices (excessive deficit procedure)) ,,,,,,,,,,,,,,,,,,,2.1443487,2.1980245,2.1058716,2.3381763,2.4840708,2.5224564,2.5899858,2.5842358,2.5542675,2.5921673,2.766434,2.6550145,2.703322,3.0054496,3.1692669,3.2500657,3.359619,3.1655152,3.1264092,3.0974299,3.1006428,3.0287898,3.027769,3.1119865,3.1818243,3.3142129,3.1831823,3.286625,3.3099898,3.289018,3.3772015,3.6690528,3.6787744,3.6013146,3.6823871,3.8073067,3.6429955,3.5987845,3.6554753,3.510869,3.628787,3.6163372,4.1057536,4.031104,3.9373737,3.8352852,3.7582294,3.7538695,3.7661574
HRV.1.0.319.0.UUOG,HRV,1.0,0.0,319.0,0.0,UUOG,Croatia,02 Expenditure (ESA 2010),Other current expenditure: general government :- ESA 2010 ,(Percentage of GDP at current prices (excessive deficit procedure)) ,,,,,,,,,,,,,,,,,,,,,,,,,,,,,,,,,,,,2.9943777,2.9753431,1.6961487,1.5789219,1.9830491,3.4149275,2.0900155,1.0665408,1.9959907,1.4039716,1.426981,1.129757,1.469921,1.4626647,1.4341525,1.1896791,0.844223,1.2166678,1.8153311,2.3818974,1.8313584,1.8013583,1.9378508,1.8662551,1.913442,2.3004268,2.3509414,2.0292815,2.3098464,2.1322989,2.1205453,1.9797388
ITA.1.0.319.0.UUOG,ITA,1.0,0.0,319.0,0.0,UUOG,Italy,02 Expenditure (ESA 2010),Other current expenditure: general government :- ESA 2010 ,(Percentage of GDP at current prices (excessive deficit procedure)) ,,,,,,,,,,,,,,,,,,,,,,,,,,,,,,,,,,,,1.3187001,1.5570577,1.428465,2.0885746,2.1239868,2.0637975,2.0460437,2.089084,2.1059951,2.1822393,2.1430576,2.0763987,2.1686925,2.2111446,2.3834883,2.2702877,2.2381348,2.3022252,2.3830221,2.3208436,2.2303552,2.2438836,2.0818083,2.2471172,2.2442628,2.6617774,2.6194196,2.3499604,2.2983538,2.0801355,1.9845677,1.8639298
CYP.1.0.319.0.UUOG,CYP,1.0,0.0,319.0,0.0,UUOG,Cyprus,02 Expenditure (ESA 2010),Other current expenditure: general government :- ESA 2010 ,(Percentage of GDP at current prices (excessive deficit procedure)) ,,,,,,,,,,,,,,,,,,,,,,,,,,,,,,,,,,,,2.7180425,2.674353,2.0194806,1.7870191,1.5722043,1.8857987,1.7570459,1.8430518,2.3463853,1.7991634,2.4618295,2.2568764,2.5348984,2.9500977,2.7356771,2.3785875,2.6734709,2.6996153,2.2344356,2.2622234,2.5880301,2.0995255,2.2838221,2.1162163,2.449911,2.3894192,2.350849,2.2171818,3.7393121,3.6588616,3.5912839,3.4335305
LVA.1.0.319.0.UUOG,LVA,1.0,0.0,319.0,0.0,UUOG,Latvia,02 Expenditure (ESA 2010),Other current expenditure: general government :- ESA 2010 ,(Percentage of GDP at current prices (excessive deficit procedure)) ,,,,,,,,,,,,,,,,,,,,,,,,,,,,,,,,,,,,1.4604016,0.3778227,1.9956254,2.3325025,1.6587079,1.5555483,0.5594623,1.2756516,0.7144443,1.0661528,3.7249039,4.6672529,3.173832,4.1500709,3.4611137,4.152511,2.5281866,3.5176194,3.0860545,3.7826709,3.183043,3.4918935,3.2043888,3.7514066,2.6211655,2.3796602,3.0426231,2.3832212,2.4616301,1.9571581,1.9792005,2.0997494
LTU.1.0.319.0.UUOG,LTU,1.0,0.0,319.0,0.0,UUOG,Lithuania,02 Expenditure (ESA 2010),Other current expenditure: general government :- ESA 2010 ,(Percentage of GDP at current prices (excessive deficit procedure)) ,,,,,,,,,,,,,,,,,,,,,,,,,,,,,,,,,,,,0.1087754,0.1013681,1.9957657,0.6812713,0.5513309,0.1449765,0.4181894,0.1690082,0.2093035,0.7721375,1.8135917,1.2741884,1.3263732,1.4805817,1.6727554,1.2558096,1.6026941,1.4187542,1.5974638,1.422681,1.477269,1.6583936,1.3972946,1.5657034,1.6033963,2.1082429,1.7717114,2.0102152,1.9987035,2.4664818,2.4760457,2.3528433
LUX.1.0.319.0.UUOG,LUX,1.0,0.0,319.0,0.0,UUOG,Luxembourg,02 Expenditure (ESA 2010),Other current expenditure: general government :- ESA 2010 ,(Percentage of GDP at current prices (excessive deficit procedure)) ,,,,,,,,,,,,,,,,,,,,,,,,,,,,,,,,,,,,2.9649383,2.8136545,3.4422317,3.5918001,3.6510062,3.2108198,2.998255,2.9522504,3.0394295,3.5777291,3.1758539,3.0084228,2.756795,2.8455199,3.0320808,3.0367156,3.3042991,3.3447147,3.2294052,3.0570374,3.121201,3.1441037,3.4079621,3.5380056,3.6067513,3.6875738,3.5093419,3.6254563,4.1451213,4.1651651,4.1429285,4.132752
HUN.1.0.319.0.UUOG,HUN,1.0,0.0,319.0,0.0,UUOG,Hungary,02 Expenditure (ESA 2010),Other current expenditure: general government :- ESA 2010 ,(Percentage of GDP at current prices (excessive deficit procedure)) ,,,,,,,,,,,,,,,,,,,,,,,,,,,,,,,,,,,,1.0797215,1.3257342,1.2004577,1.3137101,1.4838684,1.631681,1.6654137,1.8984502,1.7867429,2.2828837,2.5087907,2.7605724,2.7265137,2.4666043,2.6837856,2.5154942,2.6801793,2.6662328,3.2879171,3.1461301,2.8933525,3.531414,3.0710636,3.322556,3.2213232,4.0941661,3.908144,4.0385697,4.4018544,4.5348946,4.4921819,4.5527924
MLT.1.0.319.0.UUOG,MLT,1.0,0.0,319.0,0.0,UUOG,Malta,02 Expenditure (ESA 2010),Other current expenditure: general government :- ESA 2010 ,(Percentage of GDP at current prices (excessive deficit procedure)) ,,,,,,,,,,,,,,,,,,,,,,,,,,,,,,,,,,,,1.1833621,0.8723964,0.9839166,0.6145587,0.9160697,1.2014476,1.5067193,0.8622299,1.1173724,1.811986,1.7136977,1.6429486,1.8050635,1.8343563,1.9434924,1.8915823,1.8271502,1.7795402,2.2117308,2.0919801,2.0143992,1.8546916,1.7573767,1.9928969,2.0467091,2.1420649,2.7075451,2.6416686,2.03192,2.1831238,2.2407726,2.1005831
NLD.1.0.319.0.UUOG,NLD,1.0,0.0,319.0,0.0,UUOG,Netherlands,02 Expenditure (ESA 2010),Other current expenditure: general government :- ESA 2010 ,(Percentage of GDP at current prices (excessive deficit procedure)) ,,,,,,,,,,,,,,,,,,,,,,,,,,,,,,,,,,,,1.9164808,1.8673617,1.8427744,1.7885771,1.7391698,1.9135719,2.4994772,2.2646604,2.146432,2.2768275,2.3338432,2.5803311,2.2484846,2.5756219,2.1387778,2.4283773,2.3249539,2.2770087,2.3217798,2.2463003,2.1877212,1.5286562,1.6402503,1.8158885,1.7254241,2.1916486,2.1116034,2.8189209,2.0197658,1.978753,1.9629617,1.9618935
AUT.1.0.319.0.UUOG,AUT,1.0,0.0,319.0,0.0,UUOG,Austria,02 Expenditure (ESA 2010),Other current expenditure: general government :- ESA 2010 ,(Percentage of GDP at current prices (excessive deficit procedure)) ,,,,,,,,,,,,,,,,,,,,,,,,,,,,,,,,,,,,2.9307628,3.318633,2.9481559,2.825193,2.9722662,2.9506681,3.6825174,3.4124088,3.49697,3.0831823,3.3211834,3.1058574,3.0435753,3.0971107,3.2390003,3.4286581,3.3175416,3.3949588,3.53525,3.424065,3.521441,3.4729139,3.2114385,3.4269974,3.3597378,3.8034446,3.6379994,4.3892596,3.8104231,3.7852651,3.8842613,3.9087647
POL.1.0.319.0.UUOG,POL,1.0,0.0,319.0,0.0,UUOG,Poland,02 Expenditure (ESA 2010),Other current expenditure: general government :- ESA 2010 ,(Percentage of GDP at current prices (excessive deficit procedure)) ,,,,,,,,,,,,,,,,,,,,,,,,,,,,,,,,,,,,1.0609704,1.1647539,1.2926752,0.8606708,0.3244227,0.406961,0.3621523,1.0144092,1.0274106,1.2086342,2.1610341,2.4213346,2.3950127,2.4629985,2.2587966,2.1877016,2.1917791,2.3408345,2.3761607,2.1467034,2.2167439,2.0051126,1.8485244,2.0309771,1.9896462,2.3673785,2.3325786,2.7545995,1.7832144,2.4699497,2.5958483,2.5904869
PRT.1.0.319.0.UUOG,PRT,1.0,0.0,319.0,0.0,UUOG,Portugal,02 Expenditure (ESA 2010),Other current expenditure: general government :- ESA 2010 ,(Percentage of GDP at current prices (excessive deficit procedure)) ,,,,,,,,,,,,,,,,,,,,,,,,,,,,,,,,,,,,1.8435657,1.8375949,1.8589682,1.9773086,1.9987741,1.9872374,2.0276191,2.2268012,2.1353089,2.2779223,2.3265451,2.4055026,2.3656369,2.3373172,2.6860082,2.7642557,2.8224572,2.6826472,2.7655966,2.7566788,2.5433586,2.4924784,2.2302282,2.3532953,2.2604328,2.6167881,2.7752765,2.6737899,2.4145768,2.4692926,2.5255256,2.3426999
ROM.1.0.319.0.UUOG,ROM,1.0,0.0,319.0,0.0,UUOG,Romania,02 Expenditure (ESA 2010),Other current expenditure: general government :- ESA 2010 ,(Percentage of GDP at current prices (excessive deficit procedure)) ,,,,,,,,,,,,,,,,,,,,,,,,,,,,,,,,,,,,1.6411321,0.85004,0.5686252,3.1825809,0.37024,0.5150044,1.1925064,1.2236696,1.2593947,1.2370841,0.9185953,0.7986286,1.8868377,1.3907305,1.6590648,1.7138945,2.0512401,2.4365972,1.9132599,2.3876485,2.3166139,1.3566953,1.6197001,1.5848316,1.4175569,2.0487844,2.2419056,1.91791,1.5559277,1.6081321,1.5817385,1.5445772
SVN.1.0.319.0.UUOG,SVN,1.0,0.0,319.0,0.0,UUOG,Slovenia,02 Expenditure (ESA 2010),Other current expenditure: general government :- ESA 2010 ,(Percentage of GDP at current prices (excessive deficit procedure)) ,,,,,,,,,,,,,,,,,,,,,,,,,,,,,,,,,,,,0.7598173,0.8165487,0.9541433,1.0625824,1.4164902,1.5079607,1.9851883,1.6837375,1.488749,1.9693752,2.6253263,2.3090683,1.9336284,2.1161278,2.119516,1.8654243,1.9778039,2.0343923,2.2188452,1.7758344,1.8623735,2.4173297,1.5864689,1.7291857,1.8496588,2.7701456,3.1662557,2.444263,2.089983,2.1601477,2.0540765,2.0535998
SVK.1.0.319.0.UUOG,SVK,1.0,0.0,319.0,0.0,UUOG,Slovakia,02 Expenditure (ESA 2010),Other current expenditure: general government :- ESA 2010 ,(Percentage of GDP at current prices (excessive deficit procedure)) ,,,,,,,,,,,,,,,,,,,,,,,,,,,,,,,,,,,,1.100974,1.074251,1.3450808,1.043823,1.0627613,1.8740504,1.2956415,1.62185,2.5121988,1.6064175,1.8143882,1.6965678,2.002194,1.5690673,1.8660485,1.6334258,1.9279758,1.6658617,1.83233,1.7553025,1.9402483,1.8529416,1.6299364,1.9655312,1.9507659,3.1284794,3.8459195,2.2469182,2.1555678,2.2459619,3.1202667,3.5148294
FIN.1.0.319.0.UUOG,FIN,1.0,0.0,319.0,0.0,UUOG,Finland,02 Expenditure (ESA 2010),Other current expenditure: general government :- ESA 2010 ,(Percentage of GDP at current prices (excessive deficit procedure)) ,,,,,,,,,,,,,,,,1.3405041,1.2728247,1.2216606,1.1467683,1.1368338,1.1241784,1.2700398,1.2651497,1.3205895,1.2788235,1.3421815,1.3986334,1.4752244,1.4886031,1.5616223,1.6583891,1.9708523,2.0861799,2.173421,1.8221623,2.409247,2.5093894,2.6913076,2.5608025,2.5794401,2.467262,2.3434961,2.353813,2.5132816,2.4524225,2.5475812,2.5506042,2.4013814,2.4581345,2.8040829,2.8791317,2.8959551,2.8635878,3.0496764,3.041947,2.8283664,2.7100321,2.4676689,2.5756236,2.5436235,2.9426322,2.8854657,2.6559048,2.7176935,2.5302043,2.4427197,2.5577031
SWE.1.0.319.0.UUOG,SWE,1.0,0.0,319.0,0.0,UUOG,Sweden,02 Expenditure (ESA 2010),Other current expenditure: general government :- ESA 2010 ,(Percentage of GDP at current prices (excessive deficit procedure)) ,,,,,,,,,,,,,,,,,,,,,,,,,,,,,,,,,,6.5550049,6.5094619,7.0258923,6.7271315,6.4893556,7.2208846,7.0329952,6.6711502,6.2676486,6.0128499,6.3820068,6.4903774,6.5049138,6.1868527,5.707741,5.7592392,5.8456731,5.6888142,5.5068849,5.5694276,5.7825847,5.6883711,5.5292084,5.4033723,5.5735148,5.8939205,5.820807,6.4440434,6.2664002,5.9905944,5.7878926,5.5956287,5.6668066,5.5568908
GBR.1.0.319.0.UUOG,GBR,1.0,0.0,319.0,0.0,UUOG,United Kingdom,02 Expenditure (ESA 2010),Other current expenditure: general government :- ESA 2010 ,(Percentage of GDP at current prices (excessive deficit procedure)) ,,,,,,,,,,,,,,,,,,,,,,,,,,,,,,,,,,,,,,,,,,,,,,,,,,,,,,,,,,,,,,,,,1.2208276,1.2198069,1.2148049
ALB.1.0.319.0.UUOG,ALB,1.0,0.0,319.0,0.0,UUOG,Albania,02 Expenditure (ESA 2010),Other current expenditure: general government :- ESA 2010 ,(Percentage of GDP at current prices (excessive deficit procedure)) ,,,,,,,,,,,,,,,,,,,,,,,,,,,,,,,,,,,,,,,,,,,,,,3.0485175,2.6124808,2.616042,2.6638824,2.8024327,2.7683741,2.5368591,2.361175,2.4016841,2.3739619,2.9567599,3.0231328,2.8014991,,,,,,,,,0.0
MNE.1.0.319.0.UUOG,MNE,1.0,0.0,319.0,0.0,UUOG,Montenegro,02 Expenditure (ESA 2010),Other current expenditure: general government :- ESA 2010 ,(Percentage of GDP at current prices (excessive deficit procedure)) ,,,,,,,,,,,,,,,,,,,,,,,,,,,,,,,,,,,,,,,,,,,,,,,,,,,,,,,,,,,19.2758941,15.8744587,11.6854416,16.3507645,16.2018359,16.3521272,17.728858,17.9159998,18.1930315
MKD.1.0.319.0.UUOG,MKD,1.0,0.0,319.0,0.0,UUOG,North Macedonia,02 Expenditure (ESA 2010),Other current expenditure: general government :- ESA 2010 ,(Percentage of GDP at current prices (excessive deficit procedure)) ,,,,,,,,,,,,,,,,,,,,,,,,,,,,,,,,,,,,,,,,,,,,,,,,,,,,,,,,,,,-3.3591666,-3.6669017,-3.3630758,0.0959634,0.2450729,-0.0111397,-0.011643,-0.0114629,-0.0114002
SRB.1.0.319.0.UUOG,SRB,1.0,0.0,319.0,0.0,UUOG,Serbia,02 Expenditure (ESA 2010),Other current expenditure: general government :- ESA 2010 ,(Percentage of GDP at current prices (excessive deficit procedure)) ,,,,,,,,,,,,,,,,,,,,,,,,,,,,,,,,,,,,,,,,,,,,,,,,,,,,,,,,,,0.0,0.0,0.0,0.0,0.0,0.0,0.0,0.0,0.0,0.0
TUR.1.0.319.0.UUOG,TUR,1.0,0.0,319.0,0.0,UUOG,Turkey,02 Expenditure (ESA 2010),Other current expenditure: general government :- ESA 2010 ,(Percentage of GDP at current prices (excessive deficit procedure)) ,,,,,,,,,,,,,,,,,,,,,,,,,,,,,,,,,,,,,,,,,,,,,,,,,,,,,,,,,,0.0,0.0,0.0,0.0,0.0,0.0,0.0,0.0,0.0,0.0
ISL.1.0.319.0.UUOG,ISL,1.0,0.0,319.0,0.0,UUOG,Iceland,02 Expenditure (ESA 2010),Other current expenditure: general government :- ESA 2010 ,(Percentage of GDP at current prices (excessive deficit procedure)) ,,,,,,,,,,,,,,,,,,,,,,,,,,,,,,,,,,,,,,,1.1236484,1.2417551,1.2871164,1.3327236,1.5165337,1.6167276,1.4958871,1.5469477,1.557284,1.6799091,1.9230716,2.0290881,1.8099339,1.6123031,1.5165066,1.5247187,1.4854457,1.401982,1.6005156,1.6333991,1.658928,1.6892063,2.3915025,2.0498418,1.7632176,1.8092453,1.8764204,1.890551,1.894421
NOR.1.0.319.0.UUOG,NOR,1.0,0.0,319.0,0.0,UUOG,Norway,02 Expenditure (ESA 2010),Other current expenditure: general government :- ESA 2010 ,(Percentage of GDP at current prices (excessive deficit procedure)) ,,,,,,,,,,,,,,,,,,,,,,,,,,,,,,,,,,,,2.279528,2.322523,2.0884224,2.1794595,2.151267,1.8748526,1.9080773,2.1099067,2.1319566,2.0597576,2.1133309,2.016836,2.1513244,2.1207146,2.6028892,2.5700184,2.4103812,2.3166644,2.4863324,2.6351329,2.9053892,3.0262497,2.9420695,2.8125464,3.0560446,3.5845244,2.9925316,2.2561092,3.0215547,2.6327933,2.6025331,2.5913303
CHE.1.0.319.0.UUOG,CHE,1.0,0.0,319.0,0.0,UUOG,Switzerland,02 Expenditure (ESA 2010),Other current expenditure: general government :- ESA 2010 ,(Percentage of GDP at current prices (excessive deficit procedure)) ,,,,,,,,,,,,,,,,,,,,,,,,,,,,,,,,,,,,1.7080647,1.716582,1.6911754,1.689796,1.7632722,1.7006997,1.7609636,1.8892348,1.9574267,1.992569,1.9951528,1.8817689,1.8859446,1.968958,2.0912045,2.1438771,2.1341204,2.191978,2.3364997,2.3150518,2.3969112,2.4100318,2.4714178,2.4285351,2.4425015,2.8017314,2.507008,2.3292424,0.0,0.0,0.0,0.0
JPN.1.0.319.0.UUOG,JPN,1.0,0.0,319.0,0.0,UUOG,Japan,02 Expenditure (ESA 2010),Other current expenditure: general government :- ESA 2010 ,(Percentage of GDP at current prices (excessive deficit procedure)) ,,,,,,,,,,,,,,,,,,,,,,0.7845075,0.7817074,0.8126927,0.7852389,0.7474547,0.7224122,0.7122498,0.7188614,0.7292323,0.7790195,0.9903009,0.7976799,0.8386835,0.8571466,0.9107318,0.9770109,0.9852719,1.0296415,1.2804744,1.051198,1.0490848,1.1063748,1.134839,1.1528692,1.1108783,1.1754578,1.1836671,1.3041094,1.9314323,1.727116,1.4979629,1.4857095,1.4261237,1.5050375,1.5371196,1.5467758,1.5816538,1.5382927,1.5661643,6.8866641,4.7095656,3.7725242,3.6329657,3.6069737,3.5182055,3.447354
USA.1.0.319.0.UUOG,USA,1.0,0.0,319.0,0.0,UUOG,United States,02 Expenditure (ESA 2010),Other current expenditure: general government :- ESA 2010 ,(Percentage of GDP at current prices (excessive deficit procedure)) ,,,,,,,,,,,0.4488947,0.516118,0.5610933,0.378216,0.3879649,0.3641157,0.2420183,0.2040036,0.2122811,0.222507,0.2565353,0.2077304,0.2434663,0.2457597,0.2777879,0.3172866,0.310025,0.2618834,0.2519652,0.2401278,0.226877,-0.4161166,0.3151836,0.3162763,0.2737252,0.2013024,0.2524178,0.1976788,0.1982496,0.1688164,0.1749398,0.1593471,0.177471,0.1890725,0.188071,0.2171223,0.2123616,0.2477438,0.2632049,0.3242146,0.3107787,0.3189734,0.3036058,0.282767,0.2602887,0.2447551,0.2565712,0.2347326,0.2492918,0.2337839,0.2508932,0.2605699,0.3412518,0.309199,0.2847044,0.2847044,0.2847044
EU27.1.0.319.0.UIGG0,EU27,1.0,0.0,319.0,0.0,UIGG0,European Union,02 Expenditure (ESA 2010),Gross fixed capital formation: general government :- ESA 2010 ,(Percentage of GDP at current prices (excessive deficit procedure)) ,,,,,,,,,,,,,,,,,,,,,,,,,,,,,,,,,,,,3.4213026,3.3732507,3.217713,3.2094155,3.3560995,3.3128637,3.347066,3.327079,3.4775026,3.3735221,3.3933646,3.5068719,3.5530627,3.6742636,3.9626811,3.7858955,3.5113004,3.3398562,3.2310825,3.1406762,3.1695213,2.9294392,2.9443811,3.0780517,3.17068,3.4532411,3.3597585,3.278688,3.5344735,3.6635785,3.7609501,3.7702853
EU15.1.0.319.0.UIGG0,EU15,1.0,0.0,319.0,0.0,UIGG0,European Union (15 countries),02 Expenditure (ESA 2010),Gross fixed capital formation: general government :- ESA 2010 ,(Percentage of GDP at current prices (excessive deficit procedure)) ,,,,,,,,,,,,,,,,,,,,,,,,,,,,,,,,,,,,3.2357528,3.1257022,2.9494348,2.9491931,3.0679556,2.9926925,3.0891443,3.0847704,3.215564,3.2088248,3.0181656,3.2603865,3.2769336,3.4615573,3.785221,3.589788,3.2945849,3.1336858,3.0219906,2.9412881,2.9176219,2.8363494,2.8629457,2.9128081,2.999982,3.2826898,3.2252364,3.1560939,3.3191099,3.4444998,3.4953704,3.5036169
EA19.1.0.319.0.UIGG0,EA19,1.0,0.0,319.0,0.0,UIGG0,Euro area (19 countries),02 Expenditure (ESA 2010),Gross fixed capital formation: general government :- ESA 2010 ,(Percentage of GDP at current prices (excessive deficit procedure)) ,,,,,,,,,,,,,,,,,,,,,,,,,,,,,,,,,,,,3.3847619,3.3234117,3.1698036,3.1631617,3.3349988,3.2907502,3.3282704,3.2880129,3.42761,3.339872,3.3630085,3.4239092,3.4448212,3.5522167,3.8701656,3.651363,3.3458485,3.17817,3.0750245,2.9263729,2.9334476,2.8058967,2.8051521,2.8820924,2.9775459,3.2402235,3.1883005,3.1177585,3.2980572,3.447003,3.5307802,3.5032522
EA20.1.0.319.0.UIGG0,EA20,1.0,0.0,319.0,0.0,UIGG0,Euro area,02 Expenditure (ESA 2010),Gross fixed capital formation: general government :- ESA 2010 ,(Percentage of GDP at current prices (excessive deficit procedure)) ,,,,,,,,,,,,,,,,,,,,,,,,,,,,,,,,,,,,3.393656,3.3315428,3.1776818,3.1718823,3.3430882,3.2977715,3.3325545,3.2934146,3.438984,3.352054,3.3706289,3.431015,3.458191,3.5622775,3.8785272,3.6521611,3.347038,3.1804713,3.0793944,2.9294688,2.9355655,2.807295,2.8042705,2.8847264,2.9835872,3.2503265,3.1956492,3.1222098,3.310151,3.4599065,3.5444856,3.5168753
EA12.1.0.319.0.UIGG0,EA12,1.0,0.0,319.0,0.0,UIGG0,Euro area (12 countries),02 Expenditure (ESA 2010),Gross fixed capital formation: general government :- ESA 2010 ,(Percentage of GDP at current prices (excessive deficit procedure)) ,,,,,,,,,,,,,,,,,,,,,,,,,,,,,,,,,,,,3.3817141,3.3154985,3.1572621,3.156234,3.3325145,3.289634,3.3267591,3.2821592,3.4242707,3.3344072,3.3564746,3.4088485,3.4233816,3.5326704,3.8564638,3.6364284,3.3254288,3.1591875,3.0570317,2.8982805,2.8865975,2.792879,2.7874043,2.8535366,2.9578296,3.2163615,3.170657,3.0990788,3.2670013,3.4184691,3.4917784,3.4686997
BEL.1.0.319.0.UIGG0,BEL,1.0,0.0,319.0,0.0,UIGG0,Belgium,02 Expenditure (ESA 2010),Gross fixed capital formation: general government :- ESA 2010 ,(Percentage of GDP at current prices (excessive deficit procedure)) ,,,,,,,,,,,,,,,,,,,,,,,,,,,,,,,,,,,,2.2194023,2.0787999,2.1111862,2.0586458,2.3505247,2.3785341,2.120908,2.0646581,2.0947709,2.0133098,2.0647818,1.9104018,1.9840294,2.0398979,2.2576106,2.2411481,2.3692697,2.4734047,2.3248913,2.5454226,2.4923352,2.4388804,2.4546963,2.6657929,2.6359025,2.7504205,2.7651499,2.6995604,2.8433866,3.0822774,2.9471481,2.9235352
BGR.1.0.319.0.UIGG0,BGR,1.0,0.0,319.0,0.0,UIGG0,Bulgaria,02 Expenditure (ESA 2010),Gross fixed capital formation: general government :- ESA 2010 ,(Percentage of GDP at current prices (excessive deficit procedure)) ,,,,,,,,,,,,,,,,,,,,,,,,,,,,,,,,,,,,0.6819892,0.5349452,1.3130269,3.5366538,4.1077445,3.8819721,3.8655307,3.3998939,3.2417242,3.4321733,3.6754603,4.158487,5.2299026,5.5678301,4.9405949,4.5871413,3.4080185,3.398964,4.115452,5.2609882,6.5724111,2.6627319,2.2879159,3.0724625,3.3594512,3.2825602,2.6650054,2.2954973,3.8263262,3.2784956,3.6238446,3.4469033
CZE.1.0.319.0.UIGG0,CZE,1.0,0.0,319.0,0.0,UIGG0,Czechia,02 Expenditure (ESA 2010),Gross fixed capital formation: general government :- ESA 2010 ,(Percentage of GDP at current prices (excessive deficit procedure)) ,,,,,,,,,,,,,,,,,,,,,,,,,,,,,,,,,,,,5.518319,4.6121933,4.3264732,4.3317208,3.6655897,4.546485,4.0968925,4.0228274,7.6046953,4.9753917,5.1683856,5.0958119,4.5096119,5.047177,5.9176455,4.9921001,4.3528827,4.0933997,3.6708226,4.0790171,5.0779126,3.2132157,3.2994526,4.0971202,4.2903485,4.749106,4.5531096,4.5321107,4.8541476,4.7133402,4.9247113,4.6357813
DNK.1.0.319.0.UIGG0,DNK,1.0,0.0,319.0,0.0,UIGG0,Denmark,02 Expenditure (ESA 2010),Gross fixed capital formation: general government :- ESA 2010 ,(Percentage of GDP at current prices (excessive deficit procedure)) ,,,,,,,,,,,,,,,,,,,,,,,,,,,,,,,,,,,,2.8855872,3.0543248,2.9348719,2.7006004,2.7400918,2.77432,3.0027476,2.7354989,2.6232661,2.8198798,2.708797,2.9187521,3.0191418,2.9681926,3.1017115,3.2677002,3.2928848,3.7859138,3.6401442,3.8325247,3.6125892,3.74605,3.3582552,3.4041704,3.2257691,3.5619051,3.1751651,3.0471186,3.1395758,3.2382065,3.2616693,3.3334815
DEU.1.0.319.0.UIGG0,DEU,1.0,0.0,319.0,0.0,UIGG0,Germany,02 Expenditure (ESA 2010),Gross fixed capital formation: general government :- ESA 2010 ,(Percentage of GDP at current prices (excessive deficit procedure)) ,,,,,,,,,,,,,,,,,,,,,,,,,,,,,,,,3.1273365,3.2351789,3.0927424,2.9152566,2.6910991,2.5997636,2.407253,2.3684796,2.7069092,2.6011664,2.5323726,2.6204034,2.5144479,2.2403447,2.2076699,2.3105458,2.234307,2.3703315,2.6332434,2.6182121,2.5665894,2.4652726,2.4352348,2.3491794,2.3865312,2.4430949,2.4866486,2.6487484,2.7055232,3.0314353,2.8864723,2.8237035,2.8307152,2.9645638,3.0191405,3.0281771
EST.1.0.319.0.UIGG0,EST,1.0,0.0,319.0,0.0,UIGG0,Estonia,02 Expenditure (ESA 2010),Gross fixed capital formation: general government :- ESA 2010 ,(Percentage of GDP at current prices (excessive deficit procedure)) ,,,,,,,,,,,,,,,,,,,,,,,,,,,,,,,,,,,,5.3745405,4.883192,4.6424667,5.2956319,4.6921613,4.3699892,4.6705012,5.9080929,5.2076724,4.3897411,4.6344611,5.4247389,6.0138421,6.1628553,6.1121355,4.8440588,5.0794834,6.3605241,5.5356013,5.0393851,5.2377625,4.5698401,5.6160276,5.2052936,5.1685758,5.8221157,5.7829544,5.3884436,6.6154676,7.2728662,8.1367093,8.4995647
IRL.1.0.319.0.UIGG0,IRL,1.0,0.0,319.0,0.0,UIGG0,Ireland,02 Expenditure (ESA 2010),Gross fixed capital formation: general government :- ESA 2010 ,(Percentage of GDP at current prices (excessive deficit procedure)) ,,,,,,,,,,,,,,,,,,,,,,,,,,,,,,,,,,,,2.3486662,2.475578,2.5649586,2.7255725,3.1160507,3.5022718,4.2201122,4.2215361,3.6761339,3.5238716,3.5369704,3.8004234,4.6714508,5.2738909,3.7799144,3.3993099,2.4595669,2.0363651,1.9861051,2.1256033,1.689927,1.9419573,1.8156195,2.0130455,2.267217,2.3158907,2.0346312,2.0145111,2.3212193,2.5222339,2.9054237,2.9592558
GRC.1.0.319.0.UIGG0,GRC,1.0,0.0,319.0,0.0,UIGG0,Greece,02 Expenditure (ESA 2010),Gross fixed capital formation: general government :- ESA 2010 ,(Percentage of GDP at current prices (excessive deficit procedure)) ,,,,,,,,,,,,,,,,,,,,,,,,,,,,,,,,,,,,3.9588429,4.2150077,4.0524043,5.2648448,5.6501988,5.2415825,6.1347521,5.0414639,6.1092727,5.8362607,4.5237188,5.8245757,4.9223062,5.6589848,5.7864668,3.725561,2.5010445,2.5954932,3.4927089,3.7319994,3.8845165,3.5752738,4.5287348,3.215668,2.470553,3.0715053,3.5757822,3.6944201,3.8788261,4.8924795,4.4985645,3.9350107
ESP.1.0.319.0.UIGG0,ESP,1.0,0.0,319.0,0.0,UIGG0,Spain,02 Expenditure (ESA 2010),Gross fixed capital formation: general government :- ESA 2010 ,(Percentage of GDP at current prices (excessive deficit procedure)) ,,,,,,,,,,,,,,,,,,,,,,,,,,,,,,,,,,,,4.3981758,3.728019,3.7244856,3.8595361,3.8784226,3.6950503,3.7856762,4.0663213,4.1442263,4.0001907,4.2164715,4.3614972,4.6789867,4.6485538,5.158762,4.7309322,3.7429938,3.1419045,2.4034468,2.1251284,2.5758156,1.9768168,1.9758569,2.1355698,2.1700393,2.6296167,2.7188755,2.7190748,2.9580384,3.0497956,3.121082,3.2079518
FRA.1.0.319.0.UIGG0,FRA,1.0,0.0,319.0,0.0,UIGG0,France,02 Expenditure (ESA 2010),Gross fixed capital formation: general government :- ESA 2010 ,(Percentage of GDP at current prices (excessive deficit procedure)) ,,,,,,,,,,,,,,,,,,,4.0250717,4.0566239,4.1701711,4.3331849,4.4813059,4.255887,4.2171437,4.367093,4.3161686,4.4105252,4.6304053,4.6156094,4.6568174,4.8012944,4.7628173,4.6032978,4.4985321,4.6363972,4.57243,4.1958589,4.0593393,4.1262432,4.2807981,4.1969428,4.0985081,4.2631914,4.3402963,4.4485175,4.3811749,4.3769512,4.442674,4.8263385,4.7972844,4.4925969,4.5541113,4.5744812,4.2611222,3.9414707,3.9216573,3.8468757,3.9137113,4.1554567,4.1524391,4.0731677,4.1539446,4.2803977,4.3304926,4.2439141,4.148535
HRV.1.0.319.0.UIGG0,HRV,1.0,0.0,319.0,0.0,UIGG0,Croatia,02 Expenditure (ESA 2010),Gross fixed capital formation: general government :- ESA 2010 ,(Percentage of GDP at current prices (excessive deficit procedure)) ,,,,,,,,,,,,,,,,,,,,,,,,,,,,,,,,,,,,6.3431687,5.9050628,5.4553597,5.5938555,5.7810542,5.3890259,4.5496566,4.7245141,6.3156624,6.3000325,5.1255788,4.9947816,6.2977797,5.5660727,5.5806169,3.8187507,3.6037148,3.6886241,4.0560367,3.646389,3.4297456,3.127834,2.605583,3.4653552,4.2924044,5.5538143,4.7755801,4.0212932,5.5596215,5.710961,5.8671378,5.7961032
ITA.1.0.319.0.UIGG0,ITA,1.0,0.0,319.0,0.0,UIGG0,Italy,02 Expenditure (ESA 2010),Gross fixed capital formation: general government :- ESA 2010 ,(Percentage of GDP at current prices (excessive deficit procedure)) ,,,,,,,,,,,,,,,,,,,,,,,,,,,,,,,,,,,,2.5375537,2.6302191,2.6438884,2.7360187,2.8470985,2.7800893,2.9557785,2.4420107,3.0294715,3.1133775,3.1434758,3.1314905,3.1295274,3.1327743,3.6203998,3.0548016,2.8609317,2.6247192,2.4898525,2.2995094,2.4149906,2.2630641,2.1731815,2.1275837,2.3205903,2.6278256,2.8440591,2.6236134,3.1766426,3.497332,3.8314709,3.7246592
CYP.1.0.319.0.UIGG0,CYP,1.0,0.0,319.0,0.0,UIGG0,Cyprus,02 Expenditure (ESA 2010),Gross fixed capital formation: general government :- ESA 2010 ,(Percentage of GDP at current prices (excessive deficit procedure)) ,,,,,,,,,,,,,,,,,,,,,,,,,,,,,,,,,,,,4.6507569,5.2396767,5.069601,2.9470914,3.2153118,3.4544662,3.3634379,3.7492507,4.2622627,4.4419779,3.7187186,3.6106273,3.3909049,3.5682084,4.6092598,4.803421,4.4732421,3.4202993,2.6446272,2.354314,2.3405957,2.5991621,2.7603774,4.940895,2.5652914,2.8667667,2.7344147,2.3888587,3.141354,2.9392605,2.9428293,2.6596708
LVA.1.0.319.0.UIGG0,LVA,1.0,0.0,319.0,0.0,UIGG0,Latvia,02 Expenditure (ESA 2010),Gross fixed capital formation: general government :- ESA 2010 ,(Percentage of GDP at current prices (excessive deficit procedure)) ,,,,,,,,,,,,,,,,,,,,,,,,,,,,,,,,,,,,2.1037615,2.5653213,1.6216124,1.626926,1.8236768,1.8220473,1.5276574,1.6238807,3.0118881,3.8249598,3.6543073,5.2527768,6.3134463,5.6351756,5.1575843,4.9715457,5.5867839,5.4741847,4.8467881,4.7956803,5.0050833,3.6867652,4.7948409,5.836658,5.1295701,5.9369348,5.6277935,4.5046407,5.5963938,5.344873,6.2042903,6.0932195
LTU.1.0.319.0.UIGG0,LTU,1.0,0.0,319.0,0.0,UIGG0,Lithuania,02 Expenditure (ESA 2010),Gross fixed capital formation: general government :- ESA 2010 ,(Percentage of GDP at current prices (excessive deficit procedure)) ,,,,,,,,,,,,,,,,,,,,,,,,,,,,,,,,,,,,3.2120723,2.3673026,2.2538315,2.519404,2.5538213,2.4212568,2.276809,2.9704676,3.0765817,3.5920231,3.6095527,4.2888233,5.4157083,5.3825983,4.4087781,5.0398667,4.9670963,4.1614985,3.9295717,3.7036396,3.8220429,3.1820652,3.3630163,3.2748317,3.155817,4.5007812,3.1819174,3.182989,4.221006,3.9075684,4.0962567,3.6703902
LUX.1.0.319.0.UIGG0,LUX,1.0,0.0,319.0,0.0,UIGG0,Luxembourg,02 Expenditure (ESA 2010),Gross fixed capital formation: general government :- ESA 2010 ,(Percentage of GDP at current prices (excessive deficit procedure)) ,,,,,,,,,,,,,,,,,,,,,,,,,,,,,,,,,,,,3.8141165,4.1728113,4.0121135,4.8478243,4.6430365,4.0724301,4.60178,5.1283251,5.164468,5.1376777,5.4629984,3.643389,3.7845061,3.6932173,4.2448363,4.6513526,4.1912783,3.9140709,3.4752169,3.6546278,3.862082,3.8081542,4.0371828,3.9046153,4.1183037,4.6828738,4.0888126,4.2118562,4.7170317,4.689262,4.8537138,4.7223145
HUN.1.0.319.0.UIGG0,HUN,1.0,0.0,319.0,0.0,UIGG0,Hungary,02 Expenditure (ESA 2010),Gross fixed capital formation: general government :- ESA 2010 ,(Percentage of GDP at current prices (excessive deficit procedure)) ,,,,,,,,,,,,,,,,,,,,,,,,,,,,,,,,,,,,0.559659,1.8792925,2.8990641,3.5118444,3.3574321,3.5578084,3.916552,5.1289255,3.7778106,3.7941971,4.1565132,5.1157742,4.2279288,3.1907244,3.4198687,3.6299566,3.3189658,3.7046504,4.3551232,5.3228143,6.515171,3.1478735,4.5273902,5.7761662,6.2222095,6.4113565,6.2299222,5.3325376,5.1338551,4.4375769,4.772492,4.9952883
MLT.1.0.319.0.UIGG0,MLT,1.0,0.0,319.0,0.0,UIGG0,Malta,02 Expenditure (ESA 2010),Gross fixed capital formation: general government :- ESA 2010 ,(Percentage of GDP at current prices (excessive deficit procedure)) ,,,,,,,,,,,,,,,,,,,,,,,,,,,,,,,,,,,,2.9534883,3.5020486,3.7476944,4.5141128,4.4651854,3.871331,3.5055242,4.1089254,4.5261984,3.7157957,4.5653218,3.9847079,3.7624239,2.462912,2.3665439,2.1917872,2.8651421,3.3358023,2.7886505,3.4307579,4.0366251,2.4953196,2.2878604,3.2305985,3.4856408,3.6769906,3.6564455,3.228767,3.4502931,4.1360958,3.846846,3.8086464
NLD.1.0.319.0.UIGG0,NLD,1.0,0.0,319.0,0.0,UIGG0,Netherlands,02 Expenditure (ESA 2010),Gross fixed capital formation: general government :- ESA 2010 ,(Percentage of GDP at current prices (excessive deficit procedure)) ,,,,,,,,,,,,,,,,,,,,,,,,,,,,,,,,,,,,3.7805425,3.9982624,3.7139534,3.5855121,3.7630045,3.7855685,3.9228394,4.2563049,4.3190827,3.9590047,3.8682244,4.0473645,3.9429971,4.0279503,4.3648331,4.2522651,4.2549462,3.856543,3.7420725,3.5618978,3.599242,3.4495782,3.3767901,3.343821,3.3927597,3.648665,3.4110257,3.1783422,3.1469681,3.0900498,3.131407,3.2119923
AUT.1.0.319.0.UIGG0,AUT,1.0,0.0,319.0,0.0,UIGG0,Austria,02 Expenditure (ESA 2010),Gross fixed capital formation: general government :- ESA 2010 ,(Percentage of GDP at current prices (excessive deficit procedure)) ,,,,,,,,,,,,,,,,,,,,,,,,,,,,,,,,,,,,3.9269883,3.7098429,2.9920533,2.9447887,2.8823442,2.7019896,2.4657422,2.7161875,2.5976366,2.5035781,3.001368,2.9551958,3.0377782,3.3095069,3.4254999,3.2898554,3.0481974,2.9569846,3.0819444,3.0055907,2.9933331,2.9922601,3.1095449,3.0842619,3.1374748,3.3253525,3.5819329,3.4545587,3.6804008,3.7200234,3.7775409,3.8055932
POL.1.0.319.0.UIGG0,POL,1.0,0.0,319.0,0.0,UIGG0,Poland,02 Expenditure (ESA 2010),Gross fixed capital formation: general government :- ESA 2010 ,(Percentage of GDP at current prices (excessive deficit procedure)) ,,,,,,,,,,,,,,,,,,,,,,,,,,,,,,,,,,,,2.6976075,2.9891505,3.3510763,3.3722602,3.0137197,2.8818536,2.8043881,2.8334724,2.7841144,2.8797479,3.2914759,3.8404099,4.3613327,4.696614,4.9624031,5.7011064,6.0200712,4.8780638,4.2893743,4.7049424,4.5252227,3.2863727,3.7776262,4.6129447,4.2685407,4.417394,4.078462,3.7562281,5.0560176,4.9888213,5.0153278,5.2425936
PRT.1.0.319.0.UIGG0,PRT,1.0,0.0,319.0,0.0,UIGG0,Portugal,02 Expenditure (ESA 2010),Gross fixed capital formation: general government :- ESA 2010 ,(Percentage of GDP at current prices (excessive deficit procedure)) ,,,,,,,,,,,,,,,,,,,,,,,,,,,,,,,,,,,,4.4085853,4.8689164,5.5696731,5.1018658,4.9360674,4.6075033,5.0331059,4.6077893,4.3763905,4.4368942,4.0794007,3.3559992,3.2166575,3.7133427,4.1076538,5.2700331,3.482231,2.4674444,2.1802759,1.9916661,2.2534918,1.5505893,1.7888166,1.8523139,1.8472198,2.3107683,2.5817374,2.3801317,2.6002646,3.1213261,3.1925652,3.4819241
ROM.1.0.319.0.UIGG0,ROM,1.0,0.0,319.0,0.0,UIGG0,Romania,02 Expenditure (ESA 2010),Gross fixed capital formation: general government :- ESA 2010 ,(Percentage of GDP at current prices (excessive deficit procedure)) ,,,,,,,,,,,,,,,,,,,,,,,,,,,,,,,,,,,,4.1560455,3.9165064,2.6595974,1.8158383,1.6396862,3.4514567,2.7483274,3.2375067,3.6174379,2.8282922,2.8585532,5.2566412,6.1642351,6.475281,5.7578963,5.5942344,5.1445162,4.5850654,4.428324,4.4864966,5.1893162,3.6199105,2.6151552,2.5020103,3.3599834,4.4112662,4.0556753,4.3674907,5.3836455,5.6964097,6.1432907,6.6361536
SVN.1.0.319.0.UIGG0,SVN,1.0,0.0,319.0,0.0,UIGG0,Slovenia,02 Expenditure (ESA 2010),Gross fixed capital formation: general government :- ESA 2010 ,(Percentage of GDP at current prices (excessive deficit procedure)) ,,,,,,,,,,,,,,,,,,,,,,,,,,,,,,,,,,,,4.0789794,4.0209786,3.6928439,3.7121715,4.0589104,3.7421151,3.9717618,3.7822541,3.8039371,3.9882382,3.8276135,4.3423368,4.5833761,4.7612676,5.1265198,4.9980888,4.0904013,4.0769664,4.3729591,5.1193249,4.8037754,3.3459742,3.0791208,3.6932686,3.8631585,4.1366363,4.6932253,5.5150375,5.233331,5.1876617,5.0730243,5.097809
SVK.1.0.319.0.UIGG0,SVK,1.0,0.0,319.0,0.0,UIGG0,Slovakia,02 Expenditure (ESA 2010),Gross fixed capital formation: general government :- ESA 2010 ,(Percentage of GDP at current prices (excessive deficit procedure)) ,,,,,,,,,,,,,,,,,,,,,,,,,,,,,,,,,,,,3.2350163,4.6808576,6.1932302,4.8903314,3.7970738,3.7474685,4.0207151,4.1647606,3.2433159,3.0130383,3.519579,3.852948,3.3817294,3.4629755,3.965802,3.6568019,3.7525026,3.2706879,3.3928315,4.1244842,6.4552603,3.4093929,3.3743968,3.7337782,3.5839136,3.4018026,3.0064728,3.0654409,3.5594204,3.7438753,4.5598013,4.1680717
FIN.1.0.319.0.UIGG0,FIN,1.0,0.0,319.0,0.0,UIGG0,Finland,02 Expenditure (ESA 2010),Gross fixed capital formation: general government :- ESA 2010 ,(Percentage of GDP at current prices (excessive deficit procedure)) ,,,,,,,,,,,,,,,,4.5841931,4.2314135,4.320075,4.2794037,4.1063814,4.3212468,4.2045417,4.4128234,4.5990053,4.2015811,4.4114979,4.3555617,4.6813986,4.6536786,3.9704829,4.5063725,4.7480148,4.7957343,4.0245078,4.1781784,3.7083308,4.0087471,4.3895128,4.1185409,3.9373306,3.5260217,3.4028753,3.696443,3.8671448,3.908883,3.594549,3.3419915,3.4844621,3.5855302,3.9188929,3.6593727,3.7884192,4.0413618,4.1769658,4.2102451,3.7622745,4.1800136,4.1004691,4.3043488,4.4076338,4.8695571,4.2220739,4.1386722,4.0498317,4.2695533,4.8156473,4.6477547
SWE.1.0.319.0.UIGG0,SWE,1.0,0.0,319.0,0.0,UIGG0,Sweden,02 Expenditure (ESA 2010),Gross fixed capital formation: general government :- ESA 2010 ,(Percentage of GDP at current prices (excessive deficit procedure)) ,,,,,,,,,,,,,,,,,,,,,,,,,,,,,,,,,,5.264945,5.5525081,5.0745734,4.88249,4.313998,4.2942683,4.4210902,3.9215955,4.138895,4.3361843,4.1874967,4.1234622,3.8217155,4.0658679,4.0574841,4.3356666,4.5051804,4.5522903,4.4601716,4.6035293,4.6245277,4.6949769,4.5058481,4.597986,4.8459198,5.072435,5.0684591,5.3586174,4.9511462,5.0730997,5.2400981,5.362184,5.3891456,5.6456531
GBR.1.0.319.0.UIGG0,GBR,1.0,0.0,319.0,0.0,UIGG0,United Kingdom,02 Expenditure (ESA 2010),Gross fixed capital formation: general government :- ESA 2010 ,(Percentage of GDP at current prices (excessive deficit procedure)) ,,,,,,,,,,,,,,,,,,,,,,,,,,,,2.7064505,2.2940529,2.8192451,3.1594115,2.8663184,2.4868561,2.2922846,2.3317454,2.1104682,1.7660923,1.8013331,1.8711048,1.779251,1.72473,2.0056102,2.1487462,2.2325551,2.5846094,1.5457384,2.5662381,2.5793763,3.0308107,3.3718319,3.2064222,2.8894075,2.6405791,2.4457704,2.6949596,2.6958686,2.5844967,2.7563263,2.7155086,2.7816113,3.1417846,3.1333246,3.0690366,3.2439728,3.2614739,3.225978,3.3194405
ALB.1.0.319.0.UIGG0,ALB,1.0,0.0,319.0,0.0,UIGG0,Albania,02 Expenditure (ESA 2010),Gross fixed capital formation: general government :- ESA 2010 ,(Percentage of GDP at current prices (excessive deficit procedure)) ,,,,,,,,,,,,,,,,,,,,,,,,,,,,,,,,,,,,,,,,,,,,,,4.7721689,5.8560813,5.9076033,8.678175,8.3816713,5.4444638,5.3112195,4.6259973,4.849959,4.3538163,4.3964801,3.9440966,4.352806,4.7921353,4.3799257,5.1377684,5.2608351,5.2153539,5.0161484,6.0161484,6.2161484,6.0161484
MNE.1.0.319.0.UIGG0,MNE,1.0,0.0,319.0,0.0,UIGG0,Montenegro,02 Expenditure (ESA 2010),Gross fixed capital formation: general government :- ESA 2010 ,(Percentage of GDP at current prices (excessive deficit procedure)) ,,,,,,,,,,,,,,,,,,,,,,,,,,,,,,,,,,,,,,,,,,,,,,,,,,,,,,,,,,,6.8203117,8.3078825,7.5258927,5.6971375,5.3257754,4.1257277,4.6575508,5.1705766,4.3211896
MKD.1.0.319.0.UIGG0,MKD,1.0,0.0,319.0,0.0,UIGG0,North Macedonia,02 Expenditure (ESA 2010),Gross fixed capital formation: general government :- ESA 2010 ,(Percentage of GDP at current prices (excessive deficit procedure)) ,,,,,,,,,,,,,,,,,,,,,,,,,,,,,,,,,,,,,,,,,,,,,,,,,,,,,,,,,,,2.4966779,3.3781693,3.1078165,3.2079204,3.5045422,4.9014499,3.6976612,3.6404804,3.620576
SRB.1.0.319.0.UIGG0,SRB,1.0,0.0,319.0,0.0,UIGG0,Serbia,02 Expenditure (ESA 2010),Gross fixed capital formation: general government :- ESA 2010 ,(Percentage of GDP at current prices (excessive deficit procedure)) ,,,,,,,,,,,,,,,,,,,,,,,,,,,,,,,,,,,,,,,,,,,,,,,,,,,,,,,,,,2.7021187,3.7682174,4.6964754,5.0869837,7.0959387,7.0536847,6.448874,7.148874,7.148874,7.148874
TUR.1.0.319.0.UIGG0,TUR,1.0,0.0,319.0,0.0,UIGG0,Turkey,02 Expenditure (ESA 2010),Gross fixed capital formation: general government :- ESA 2010 ,(Percentage of GDP at current prices (excessive deficit procedure)) ,,,,,,,,,,,,,,,,,,,,,,,,,,,,,,,,,,,,,,,,,,,,,,,,,,3.8218999,3.4599491,3.0943934,3.0776343,3.5430028,3.1754656,3.3281516,3.5579537,4.0355863,4.6833059,3.4616757,3.8272304,3.44487,3.4518343,3.7692878,3.3903914,4.1707697,4.5701193
ISL.1.0.319.0.UIGG0,ISL,1.0,0.0,319.0,0.0,UIGG0,Iceland,02 Expenditure (ESA 2010),Gross fixed capital formation: general government :- ESA 2010 ,(Percentage of GDP at current prices (excessive deficit procedure)) ,,,,,,,,,,,,,,,,,,,,,,,,,,,,,,,,,,,,,,,5.0406756,5.2709593,4.6596973,5.0689322,4.4941465,4.2211166,4.4568675,3.7835737,4.4711391,4.7236166,4.7794035,3.9644225,3.3198267,4.1641603,2.5181944,3.0678944,2.9326287,2.7399468,2.5932356,3.0024822,4.0868436,3.6094591,3.7389823,4.2799183,4.0632637,4.0011302,1.3472366,1.6397376,1.8317165
NOR.1.0.319.0.UIGG0,NOR,1.0,0.0,319.0,0.0,UIGG0,Norway,02 Expenditure (ESA 2010),Gross fixed capital formation: general government :- ESA 2010 ,(Percentage of GDP at current prices (excessive deficit procedure)) ,,,,,,,,,,,,,,,,,,,,,,,,,,,,,,,,,,,,4.1489382,3.9802896,4.3050274,4.6135417,4.3198262,3.4083168,3.3745918,3.6439716,3.9203987,3.8299379,3.4756492,3.5324745,3.8122613,3.8478949,4.5464793,4.1242811,4.0248348,3.8576546,4.2649422,4.5752767,4.8556267,5.3006144,5.2313154,5.4223293,5.9541771,6.2804648,5.0984856,4.2048881,5.0607432,2.081121,2.6326341,1.8573609
CHE.1.0.319.0.UIGG0,CHE,1.0,0.0,319.0,0.0,UIGG0,Switzerland,02 Expenditure (ESA 2010),Gross fixed capital formation: general government :- ESA 2010 ,(Percentage of GDP at current prices (excessive deficit procedure)) ,,,,,,,,,,,,,,,,,,,,,,,,,,,,,,,,,,,,3.6442539,3.4377434,3.3089472,3.3078506,3.2053668,2.9356404,2.9906381,3.0721718,3.0502217,2.9640767,2.8336369,2.7146731,2.6290528,2.6928063,2.9114913,2.9050391,2.9562726,2.9575981,2.9454562,2.992793,3.0176882,2.9730958,3.0338869,3.0134334,3.1284251,3.3620096,3.0962731,2.9882279,0.7607372,-1.589366,-1.0069123,-0.6074625
JPN.1.0.319.0.UIGG0,JPN,1.0,0.0,319.0,0.0,UIGG0,Japan,02 Expenditure (ESA 2010),Gross fixed capital formation: general government :- ESA 2010 ,(Percentage of GDP at current prices (excessive deficit procedure)) ,,,,,,,,,,,,,,,,,,,,,,5.5978601,5.3264652,5.0666185,4.7436821,4.2929361,4.4127951,4.6072191,4.66194,4.505748,4.6492222,4.6409418,5.2492768,5.9308484,5.9858556,5.7666452,5.9681408,5.3905157,5.2047223,5.5557607,4.8196389,4.7342265,4.4649668,4.0072821,3.6726987,3.9792074,3.7653068,3.5531708,3.5031008,3.910224,3.754471,3.6218796,3.62334,3.8670094,3.978443,3.6609698,3.6621044,3.6799301,3.7466713,3.9185117,4.261605,4.1831812,3.8842285,3.7172917,3.64701,3.583853,3.5386609
USA.1.0.319.0.UIGG0,USA,1.0,0.0,319.0,0.0,UIGG0,United States,02 Expenditure (ESA 2010),Gross fixed capital formation: general government :- ESA 2010 ,(Percentage of GDP at current prices (excessive deficit procedure)) ,2.9499504,3.0949344,3.1129848,3.294376,3.3749233,3.4487915,3.4422815,3.4303961,3.3381137,3.1446077,5.2610493,4.7296218,4.4412912,4.3183693,4.5977235,4.6631737,4.4287108,4.1431416,4.0873465,4.188544,4.3564097,4.1972023,4.3165104,4.3844065,4.4715776,4.7151185,4.8481854,4.9190407,4.6504513,4.5255407,4.5934158,4.4942222,4.2562589,3.9895115,3.8234524,3.8089079,3.7488719,3.5921088,3.5646091,3.5890648,3.5877643,3.6787905,3.8355555,3.8172121,3.7620498,3.7157963,3.7637789,3.8632043,4.0100442,4.1768145,4.0255643,3.848861,3.6010156,3.3526902,3.235078,3.2357277,3.2569521,3.282616,3.3346814,3.3962377,3.6235703,3.3034346,3.4307597,3.3659598,3.4732315,3.4591528,3.3959801
EU27.1.0.319.0.UKOG,EU27,1.0,0.0,319.0,0.0,UKOG,European Union,02 Expenditure (ESA 2010),"Other capital expenditure, including capital transfers: general government :- ESA 2010 ",(Percentage of GDP at current prices (excessive deficit procedure)) ,,,,,,,,,,,,,,,,,,,,,,,,,,,,,,,,,,,,3.9663471,1.3071266,1.2060162,1.2934156,1.2099763,1.2031682,1.2464851,1.2801687,1.2231283,1.2585419,1.238886,1.1623587,1.0300204,1.1613333,1.2470341,1.6589292,1.1204025,1.5130566,1.2235998,1.0659736,1.039271,0.8489034,1.0505057,0.880266,0.8651245,1.3701329,1.7477063,1.9592751,1.885064,1.3977147,1.3714343,1.3234776
EU15.1.0.319.0.UKOG,EU15,1.0,0.0,319.0,0.0,UKOG,European Union (15 countries),02 Expenditure (ESA 2010),"Other capital expenditure, including capital transfers: general government :- ESA 2010 ",(Percentage of GDP at current prices (excessive deficit procedure)) ,,,,,,,,,,,,,,,,,,,,,,,,,,,,,,,,,,,,3.5357056,1.1549117,1.0855339,1.1318018,1.082784,1.1632879,1.1492471,1.1918985,1.2028731,1.2031317,1.3569461,1.1140242,1.0073523,1.4633194,1.35922,1.6474893,1.0717868,1.705724,1.1839485,1.0370432,1.0632731,0.8609655,1.0890953,0.9407091,0.9272439,1.5006528,1.7726438,1.9021233,2.0898448,1.6509482,1.6253003,1.5815036
EA19.1.0.319.0.UKOG,EA19,1.0,0.0,319.0,0.0,UKOG,Euro area (19 countries),02 Expenditure (ESA 2010),"Other capital expenditure, including capital transfers: general government :- ESA 2010 ",(Percentage of GDP at current prices (excessive deficit procedure)) ,,,,,,,,,,,,,,,,,,,,,,,,,,,,,,,,,,,,4.180135,1.2789031,1.2322134,1.3414778,1.2594974,1.2673585,1.283658,1.3003877,1.2386007,1.3256341,1.2939949,1.2261805,1.0732327,1.2259194,1.3394187,1.8179096,1.1483364,1.5918177,1.337812,1.115963,1.0898126,0.8783519,1.1199357,0.9160098,0.9101603,1.4012888,1.9185171,2.0837005,2.0237069,1.4388449,1.4134313,1.3571239
EA20.1.0.319.0.UKOG,EA20,1.0,0.0,319.0,0.0,UKOG,Euro area,02 Expenditure (ESA 2010),"Other capital expenditure, including capital transfers: general government :- ESA 2010 ",(Percentage of GDP at current prices (excessive deficit procedure)) ,,,,,,,,,,,,,,,,,,,,,,,,,,,,,,,,,,,,4.1721378,1.2795933,1.2330355,1.3425607,1.2603767,1.2687362,1.2863733,1.3013462,1.2411575,1.3308165,1.2974401,1.2273535,1.0752314,1.2302889,1.3438752,1.822421,1.1597293,1.5909054,1.3384722,1.1175206,1.0901431,0.8805549,1.1197669,0.9187955,0.9133123,1.4016294,1.915486,2.0852788,2.0233104,1.4384838,1.4162437,1.3607708
EA12.1.0.319.0.UKOG,EA12,1.0,0.0,319.0,0.0,UKOG,Euro area (12 countries),02 Expenditure (ESA 2010),"Other capital expenditure, including capital transfers: general government :- ESA 2010 ",(Percentage of GDP at current prices (excessive deficit procedure)) ,,,,,,,,,,,,,,,,,,,,,,,,,,,,,,,,,,,,4.1781148,1.2647212,1.2151345,1.3374941,1.2453632,1.2378646,1.274443,1.2951691,1.2456963,1.3359725,1.3013853,1.2359558,1.0805114,1.2362827,1.3417632,1.8380877,1.1503642,1.5960827,1.3228969,1.1062146,1.0939293,0.8860146,1.1367191,0.917924,0.9187948,1.4157528,1.9524373,2.1164756,2.0459811,1.4550188,1.4295897,1.3738353
BEL.1.0.319.0.UKOG,BEL,1.0,0.0,319.0,0.0,UKOG,Belgium,02 Expenditure (ESA 2010),"Other capital expenditure, including capital transfers: general government :- ESA 2010 ",(Percentage of GDP at current prices (excessive deficit procedure)) ,,,,,,,,,,,,,,,,,,,,,,,,,,,,,,,,,,,,1.156592,1.2209321,1.4639349,1.4129681,1.3297561,1.280071,1.0695145,0.9056346,1.5206959,0.9838296,3.5749212,1.1071147,1.288375,1.4017901,1.5566744,1.5748437,2.2998827,2.5894809,2.0408686,1.633057,1.0719838,0.9196039,0.7967169,0.8852171,0.7176216,0.9616585,1.0465133,0.9263879,0.9847052,1.1807716,1.0736041,1.0002209
BGR.1.0.319.0.UKOG,BGR,1.0,0.0,319.0,0.0,UKOG,Bulgaria,02 Expenditure (ESA 2010),"Other capital expenditure, including capital transfers: general government :- ESA 2010 ",(Percentage of GDP at current prices (excessive deficit procedure)) ,,,,,,,,,,,,,,,,,,,,,,,,,,,,,,,,,,,,0.0548727,0.0,0.2569308,0.7887365,0.4200785,0.4241796,0.3188466,0.8890856,0.5120379,0.4354232,0.3815622,-0.108565,2.852216,0.1203892,0.2265601,0.327157,0.2878227,0.6240106,0.4617437,3.7999855,0.5989636,1.3630914,1.1148879,1.0066345,1.199935,1.4785065,0.4656811,1.3168803,0.2908777,0.6905486,0.7711313,1.0083881
CZE.1.0.319.0.UKOG,CZE,1.0,0.0,319.0,0.0,UKOG,Czechia,02 Expenditure (ESA 2010),"Other capital expenditure, including capital transfers: general government :- ESA 2010 ",(Percentage of GDP at current prices (excessive deficit procedure)) ,,,,,,,,,,,,,,,,,,,,,,,,,,,,,,,,,,,,13.2776309,3.3845208,3.5443495,4.4894056,3.2265164,2.2627412,5.1812528,5.0960153,5.0456428,2.4016307,2.5986067,1.8173207,1.7267671,1.5245083,0.940488,0.9528256,1.1501079,2.8970087,0.9099041,1.2947263,0.858504,0.7140984,0.6709923,0.7498119,0.7218873,1.2272494,0.8155517,0.9589536,0.5598304,0.4692419,0.4840288,0.4596179
DNK.1.0.319.0.UKOG,DNK,1.0,0.0,319.0,0.0,UKOG,Denmark,02 Expenditure (ESA 2010),"Other capital expenditure, including capital transfers: general government :- ESA 2010 ",(Percentage of GDP at current prices (excessive deficit procedure)) ,,,,,,,,,,,,,,,,,,,,,,,,,,,,,,,,,,,,0.5063755,0.3667397,0.3644555,0.4123292,0.3587486,0.3895225,0.1053723,0.1737185,0.1829879,0.1132032,-0.0539596,-0.1059196,0.0400426,0.628771,0.309564,0.4119376,0.8342299,1.7337071,0.1941045,0.5145281,0.6646616,0.1640241,0.1312118,0.4461249,0.0860813,0.4281799,0.2527731,0.6066321,0.968467,0.9621102,0.9783772,1.008585
DEU.1.0.319.0.UKOG,DEU,1.0,0.0,319.0,0.0,UKOG,Germany,02 Expenditure (ESA 2010),"Other capital expenditure, including capital transfers: general government :- ESA 2010 ",(Percentage of GDP at current prices (excessive deficit procedure)) ,,,,,,,,,,,,,,,,,,,,,,,,,,,,,,,,2.1568726,1.682155,1.5426155,1.2820318,7.7970241,1.3038225,1.2499619,1.4722273,1.1399261,1.4058582,1.4715353,1.408139,1.4421125,1.3179447,1.4190505,1.1528411,1.0005035,1.341324,1.2206648,2.2746038,0.9479913,0.93673,0.8946458,0.8554957,0.7501499,0.8613283,1.0103539,0.9227281,0.9437095,1.0434193,1.3568759,1.9589261,1.7338701,1.8333076,1.645603,1.528497
EST.1.0.319.0.UKOG,EST,1.0,0.0,319.0,0.0,UKOG,Estonia,02 Expenditure (ESA 2010),"Other capital expenditure, including capital transfers: general government :- ESA 2010 ",(Percentage of GDP at current prices (excessive deficit procedure)) ,,,,,,,,,,,,,,,,,,,,,,,,,,,,,,,,,,,,0.1991865,0.4157643,0.5160726,1.0254037,0.4568245,0.4439663,0.3079294,0.3910613,0.3406995,0.043969,0.1965547,0.0663171,0.5127373,1.2233045,1.4569214,-0.4443157,-0.5023337,0.8453791,0.5964548,0.8072444,0.6458559,0.5290919,0.4412711,0.3967703,0.2599039,0.707484,0.4825752,0.9878493,0.5939073,0.3973899,0.3914363,0.3728533
IRL.1.0.319.0.UKOG,IRL,1.0,0.0,319.0,0.0,UKOG,Ireland,02 Expenditure (ESA 2010),"Other capital expenditure, including capital transfers: general government :- ESA 2010 ",(Percentage of GDP at current prices (excessive deficit procedure)) ,,,,,,,,,,,,,,,,,,,,,,,,,,,,,,,,,,,,1.4779376,1.1016239,1.0185772,0.8582532,1.4676067,0.9546037,0.988376,0.8452337,0.7994403,0.8837197,0.809363,0.6933409,0.941242,1.7457539,3.5246639,22.0496489,4.7640987,0.8466671,0.5549347,0.5909821,1.3044117,0.5445576,0.4695601,0.5887135,0.4108339,0.4026612,0.299054,0.3743843,0.4811827,0.5021866,0.5605969,0.5495449
GRC.1.0.319.0.UKOG,GRC,1.0,0.0,319.0,0.0,UKOG,Greece,02 Expenditure (ESA 2010),"Other capital expenditure, including capital transfers: general government :- ESA 2010 ",(Percentage of GDP at current prices (excessive deficit procedure)) ,,,,,,,,,,,,,,,,,,,,,,,,,,,,,,,,,,,,0.9088012,0.5235232,1.6799581,2.0093125,1.9841757,2.6916631,0.9481905,2.3781915,2.0810356,2.3620313,0.9621438,-0.559499,0.8770829,1.685967,0.8880918,1.3654427,1.6385306,4.626164,13.6962921,1.0075433,4.4541924,0.3571261,-1.0824313,0.921847,1.3727095,5.1527993,3.7908709,2.2934367,2.8050995,2.4474146,2.9596677,4.1330816
ESP.1.0.319.0.UKOG,ESP,1.0,0.0,319.0,0.0,UKOG,Spain,02 Expenditure (ESA 2010),"Other capital expenditure, including capital transfers: general government :- ESA 2010 ",(Percentage of GDP at current prices (excessive deficit procedure)) ,,,,,,,,,,,,,,,,,,,,,,,,,,,,,,,,,,,,2.0405902,1.6461941,1.4262839,1.5033507,1.3838069,1.4069543,1.4142074,1.434623,1.2018443,1.8003416,1.327304,1.3025187,1.2900669,1.3674544,1.3036468,1.0618812,1.3652228,4.7936994,1.4492245,1.0942789,0.7806003,0.7154262,0.7180195,0.9455767,0.7993874,1.3004621,2.1490537,1.1715682,0.8651667,0.9239649,0.8877249,0.8614313
FRA.1.0.319.0.UKOG,FRA,1.0,0.0,319.0,0.0,UKOG,France,02 Expenditure (ESA 2010),"Other capital expenditure, including capital transfers: general government :- ESA 2010 ",(Percentage of GDP at current prices (excessive deficit procedure)) ,,,,,,,,,,,,,,,,,,,0.8175293,1.0291753,0.9722502,1.0322768,0.9189456,0.8566833,0.8737646,0.9217121,0.9389542,0.8955124,1.0333003,1.0259045,1.2824064,1.0065264,1.0895637,1.4764214,1.3163275,1.8820773,1.2016292,1.318276,1.2280238,1.3312064,1.0343957,1.1040077,1.1932293,1.0316383,1.0788938,1.1642761,1.1742013,1.3167146,1.4265982,1.4179476,1.2704282,1.2549285,1.3896703,1.3019396,1.3280104,1.4202406,1.3626776,1.8994882,1.2255989,1.3222066,1.5828702,1.7412569,1.7957736,1.6217867,1.6475216,1.7569541,1.7054912
HRV.1.0.319.0.UKOG,HRV,1.0,0.0,319.0,0.0,UKOG,Croatia,02 Expenditure (ESA 2010),"Other capital expenditure, including capital transfers: general government :- ESA 2010 ",(Percentage of GDP at current prices (excessive deficit procedure)) ,,,,,,,,,,,,,,,,,,,,,,,,,,,,,,,,,,,,1.5200953,1.4980668,1.470708,1.6433302,1.5253879,1.6790895,2.0577897,1.5552836,1.8878304,2.5849489,2.0908602,1.4854962,1.4997355,2.1005669,2.2510465,2.7641552,3.6180987,1.3894569,1.4860374,1.4782116,1.167249,1.385547,1.0817221,1.532838,1.5961741,1.4792962,1.2638217,2.40405,1.9495575,1.3754892,1.8928626,1.9709264
ITA.1.0.319.0.UKOG,ITA,1.0,0.0,319.0,0.0,UKOG,Italy,02 Expenditure (ESA 2010),"Other capital expenditure, including capital transfers: general government :- ESA 2010 ",(Percentage of GDP at current prices (excessive deficit procedure)) ,,,,,,,,,,,,,,,,,,,,,,,,,,,,,,,,,,,,2.3231211,1.465146,1.1689433,1.3644607,1.4581126,1.3655014,1.4224875,1.5463412,1.4610694,1.322326,1.4697082,2.3473838,1.2840731,1.1758094,1.437845,1.0710502,0.9597178,1.1921745,1.0998231,1.2309041,1.6248038,0.9809036,1.6338845,1.0988644,1.0807804,2.767106,5.0504546,5.4622434,5.8677123,1.8940741,1.8808276,1.7179694
CYP.1.0.319.0.UKOG,CYP,1.0,0.0,319.0,0.0,UKOG,Cyprus,02 Expenditure (ESA 2010),"Other capital expenditure, including capital transfers: general government :- ESA 2010 ",(Percentage of GDP at current prices (excessive deficit procedure)) ,,,,,,,,,,,,,,,,,,,,,,,,,,,,,,,,,,,,0.8022588,0.6491635,0.8980777,0.7340134,0.8364538,0.6050035,0.6385277,0.6390481,0.6508222,0.2670239,0.5721106,0.8037505,0.9542274,0.9305854,1.2304924,1.5620881,0.8837712,9.9464642,2.4334339,10.084769,1.9443663,0.7531364,0.6700327,5.1871373,2.1400932,0.895697,0.7157297,0.7771355,1.8286541,0.8279941,0.8892765,0.7267965
LVA.1.0.319.0.UKOG,LVA,1.0,0.0,319.0,0.0,UKOG,Latvia,02 Expenditure (ESA 2010),"Other capital expenditure, including capital transfers: general government :- ESA 2010 ",(Percentage of GDP at current prices (excessive deficit procedure)) ,,,,,,,,,,,,,,,,,,,,,,,,,,,,,,,,,,,,0.736431,0.9719527,0.8080435,2.2547695,2.8671131,2.4114805,2.2987972,2.2587564,0.4274416,1.0925903,0.9918627,1.5392631,0.6729638,-0.0023553,0.983796,2.1367251,2.0582447,0.3141535,0.4752191,0.1385226,0.2018593,0.2766737,0.1856085,0.37270760000000003,0.1000778,0.9955058,0.4271294,1.6268713,0.993103,0.7722342,0.9791957,0.9028813
LTU.1.0.319.0.UKOG,LTU,1.0,0.0,319.0,0.0,UKOG,Lithuania,02 Expenditure (ESA 2010),"Other capital expenditure, including capital transfers: general government :- ESA 2010 ",(Percentage of GDP at current prices (excessive deficit procedure)) ,,,,,,,,,,,,,,,,,,,,,,,,,,,,,,,,,,,,1.3539333,2.552632,12.7572806,1.1683306,0.9405518,2.136535,1.8241225,0.9344774,0.4060128,0.4859989,0.2797105,0.3391725,0.8682906,0.4886317,0.451555,0.3665489,1.1308022,0.1040901,0.8114921,1.1087574,0.7390351,0.5391454,0.4215302,0.3456126,0.3665776,0.763957,0.5478155,0.6940876,0.6656473,1.3117177,0.6906473,0.7255232
LUX.1.0.319.0.UKOG,LUX,1.0,0.0,319.0,0.0,UKOG,Luxembourg,02 Expenditure (ESA 2010),"Other capital expenditure, including capital transfers: general government :- ESA 2010 ",(Percentage of GDP at current prices (excessive deficit procedure)) ,,,,,,,,,,,,,,,,,,,,,,,,,,,,,,,,,,,,1.0869166,0.9426238,1.0560711,0.9128003,0.8845246,0.8965446,-0.6608908,1.1014714,1.0931743,1.3686355,1.1726169,1.5403928,1.1030527,1.0181567,1.2886055,1.2973224,1.0695011,1.099917,0.992698,0.8517837,0.7166855,0.9934161,0.9675121,1.2550157,1.0947673,1.4971112,1.4738354,1.245521,1.5649047,1.5880808,1.6117798,1.6393519
HUN.1.0.319.0.UKOG,HUN,1.0,0.0,319.0,0.0,UKOG,Hungary,02 Expenditure (ESA 2010),"Other capital expenditure, including capital transfers: general government :- ESA 2010 ",(Percentage of GDP at current prices (excessive deficit procedure)) ,,,,,,,,,,,,,,,,,,,,,,,,,,,,,,,,,,,,6.026299,3.2268479,3.0406933,4.5470096,2.3833484,2.7460271,2.8046693,4.0084599,2.0954332,1.4656348,1.3863417,1.8801372,1.9702795,1.4111238,1.4656186,1.2598563,2.6190587,1.5149316,1.4080172,2.0091157,2.7954359,2.4191134,2.144454,1.7630947,1.934004,4.8149131,3.2140386,4.186633,1.8843442,1.4234027,2.0857952,2.0140644
MLT.1.0.319.0.UKOG,MLT,1.0,0.0,319.0,0.0,UKOG,Malta,02 Expenditure (ESA 2010),"Other capital expenditure, including capital transfers: general government :- ESA 2010 ",(Percentage of GDP at current prices (excessive deficit procedure)) ,,,,,,,,,,,,,,,,,,,,,,,,,,,,,,,,,,,,0.7375526,0.981446,1.0162243,0.4712535,0.5915193,0.5266952,0.6889199,0.2222242,3.6776675,0.0571347,0.3637474,0.6003081,0.1626807,0.5307447,0.6838803,1.1221251,1.295357,0.9853653,1.1784417,1.0146997,1.1426995,0.8256369,0.5432472,1.4445944,1.0613835,1.4359432,1.1324424,0.798695,1.6411289,1.6796462,1.5776689,1.4889019
NLD.1.0.319.0.UKOG,NLD,1.0,0.0,319.0,0.0,UKOG,Netherlands,02 Expenditure (ESA 2010),"Other capital expenditure, including capital transfers: general government :- ESA 2010 ",(Percentage of GDP at current prices (excessive deficit procedure)) ,,,,,,,,,,,,,,,,,,,,,,,,,,,,,,,,,,,,5.27161,0.1601506,0.4414868,0.5761842,0.4086704,0.4363201,0.7570283,0.6661351,0.6238092,0.1661108,0.1395714,-0.0051069,0.031472,0.3049291,0.8948336,0.8063488,0.3333775,0.4120128,0.4261029,0.2908814,0.111274,0.1700975,-0.0488772,-0.0351847,0.0419395,0.2589217,0.4765857,0.685436,0.6243917,0.3164484,0.5721664,0.6632381
AUT.1.0.319.0.UKOG,AUT,1.0,0.0,319.0,0.0,UKOG,Austria,02 Expenditure (ESA 2010),"Other capital expenditure, including capital transfers: general government :- ESA 2010 ",(Percentage of GDP at current prices (excessive deficit procedure)) ,,,,,,,,,,,,,,,,,,,,,,,,,,,,,,,,,,,,1.762081,1.9062044,1.6542767,1.9062863,1.6228997,1.6060973,1.8480553,1.5061048,1.3655394,5.0532396,1.2986828,1.3729665,1.4574734,1.2610683,2.2529839,1.2930155,1.129037,1.3945097,1.3807517,1.6807523,0.7438154,0.7406676,0.8393011,0.6299984,0.6335221,0.909618,0.7174938,1.6618094,1.1041959,1.1022742,0.9720888,0.8574026
POL.1.0.319.0.UKOG,POL,1.0,0.0,319.0,0.0,UKOG,Poland,02 Expenditure (ESA 2010),"Other capital expenditure, including capital transfers: general government :- ESA 2010 ",(Percentage of GDP at current prices (excessive deficit procedure)) ,,,,,,,,,,,,,,,,,,,,,,,,,,,,,,,,,,,,0.7361836,4.7475828,0.7041246,0.9328995,0.3861471,0.4951648,0.466061,0.4207374,1.0045871,0.3435257,0.9490654,0.8397811,0.447189,0.6319653,0.7916292,0.6117296,0.4293657,0.3042703,0.2362361,0.340793,0.332301,0.4551009,0.7827383,0.424942,0.387393,1.2436789,0.7366473,1.3720431,1.5639653,1.5935871,1.5685124,1.5612189
PRT.1.0.319.0.UKOG,PRT,1.0,0.0,319.0,0.0,UKOG,Portugal,02 Expenditure (ESA 2010),"Other capital expenditure, including capital transfers: general government :- ESA 2010 ",(Percentage of GDP at current prices (excessive deficit procedure)) ,,,,,,,,,,,,,,,,,,,,,,,,,,,,,,,,,,,,0.7910945,0.796383,0.7387793,1.3954673,1.0164434,0.499788,1.013073,0.3698942,0.8268759,1.1875331,0.9661141,0.6563797,0.4822109,0.2707942,0.7185187,1.8908003,0.8806248,1.1138685,1.05305,4.1036071,2.0072165,0.4215028,2.5384491,1.1560133,0.9816313,2.1281114,1.2226219,1.3141246,1.3231516,1.087321,0.9197673,0.8386087
ROM.1.0.319.0.UKOG,ROM,1.0,0.0,319.0,0.0,UKOG,Romania,02 Expenditure (ESA 2010),"Other capital expenditure, including capital transfers: general government :- ESA 2010 ",(Percentage of GDP at current prices (excessive deficit procedure)) ,,,,,,,,,,,,,,,,,,,,,,,,,,,,,,,,,,,,0.4769663,0.5664006,0.5850957,1.0211388,1.4992817,1.0067624,1.3554656,1.4074203,1.3724119,2.5266022,1.4594828,1.6527182,1.5451815,1.0395097,0.3449863,0.9453647,2.3861657,1.5652398,1.279491,1.2677735,1.2628051,1.6342673,1.0288149,1.4488564,1.1034995,1.367885,1.3223435,1.7657274,1.6563419,1.4979209,1.3807113,1.2747716
SVN.1.0.319.0.UKOG,SVN,1.0,0.0,319.0,0.0,UKOG,Slovenia,02 Expenditure (ESA 2010),"Other capital expenditure, including capital transfers: general government :- ESA 2010 ",(Percentage of GDP at current prices (excessive deficit procedure)) ,,,,,,,,,,,,,,,,,,,,,,,,,,,,,,,,,,,,8.3852416,1.1021181,1.0373295,1.9381272,1.8735317,1.5433015,1.9929256,1.0530825,1.4085956,1.1327499,0.6778584,0.5425245,0.7837556,1.0300182,0.7803719,0.5198223,1.7124311,0.5548292,7.8076327,1.3230687,1.1646264,0.2153292,0.4911382,0.4816723,0.4552038,0.4642406,0.4279675,0.5701757,0.6894159,0.8849899,0.8496304,0.6182362
SVK.1.0.319.0.UKOG,SVK,1.0,0.0,319.0,0.0,UKOG,Slovakia,02 Expenditure (ESA 2010),"Other capital expenditure, including capital transfers: general government :- ESA 2010 ",(Percentage of GDP at current prices (excessive deficit procedure)) ,,,,,,,,,,,,,,,,,,,,,,,,,,,,,,,,,,,,5.3675606,6.4540459,1.8992247,2.3063376,5.5458595,9.9396118,3.4202603,3.6450711,0.1167167,0.5600394,1.535527,0.7350611,0.6099965,0.802548,1.8633946,0.8661842,0.795482,0.611033,0.6151977,0.6332098,0.8663,0.6748216,0.270479,0.3925745,0.469288,0.9209019,0.7164573,0.8320573,1.8591122,0.6275529,0.9182649,0.8937828
FIN.1.0.319.0.UKOG,FIN,1.0,0.0,319.0,0.0,UKOG,Finland,02 Expenditure (ESA 2010),"Other capital expenditure, including capital transfers: general government :- ESA 2010 ",(Percentage of GDP at current prices (excessive deficit procedure)) ,,,,,,,,,,,,,,,,1.4287678,1.0104868,0.8896876,0.6273262,0.6097563,0.7078161,0.5732271,0.837197,0.6728718,0.5261338,0.5361852,0.5987301,0.5158851,0.8062723,0.4381865,0.5293199,0.7222235,0.5678848,1.7109413,1.9092996,2.8835801,1.536621,0.3006392,0.3362922,0.7368703,0.3585412,0.4397945,0.3914039,0.1970814,0.2563925,0.3109324,0.1984253,0.2437734,0.3238045,0.4451537,0.3624825,0.4381372,0.377786,0.332683,0.3502465,0.2659473,0.2595994,0.1619894,0.141006,0.0859474,0.2762419,0.5057002,0.3178969,0.563808,0.3136252,0.2609164,0.2186218
SWE.1.0.319.0.UKOG,SWE,1.0,0.0,319.0,0.0,UKOG,Sweden,02 Expenditure (ESA 2010),"Other capital expenditure, including capital transfers: general government :- ESA 2010 ",(Percentage of GDP at current prices (excessive deficit procedure)) ,,,,,,,,,,,,,,,,,,,,,,,,,,,,,,,,,,2.4217019,0.8533079,0.5767026,0.093011,0.5997821,-0.5128288,0.2712499,0.0925361,0.1343022,0.2227437,0.2152199,0.0992923,0.2499367,0.0675859,0.1035581,0.0962885,0.0656107,0.0459239,0.2538845,0.2070607,0.2062553,0.2104861,0.3371895,0.2026015,0.0941324,0.2179749,0.2632989,0.413764,0.2364921,0.503051,0.4309819,0.8865042,0.4726831,0.4871183
GBR.1.0.319.0.UKOG,GBR,1.0,0.0,319.0,0.0,UKOG,United Kingdom,02 Expenditure (ESA 2010),"Other capital expenditure, including capital transfers: general government :- ESA 2010 ",(Percentage of GDP at current prices (excessive deficit procedure)) ,,,,,,,,,,,,,,,,,,,,,,,,,,,,0.4122755,0.4973323,0.5602752,1.4981499,1.1391125,1.6962545,1.0157071,0.8301941,0.9832569,0.8949844,0.6784105,0.599098,0.6128936,1.1215969,0.9083572,1.0295114,1.2901185,0.9426623,1.9015563,0.9086722,0.9510325,2.8798318,1.8243132,1.1695605,0.8809147,2.5089353,0.8622059,0.9525298,1.1081943,0.9579016,1.1852203,1.2476397,1.1923877,2.2674265,1.4536624,1.3676226,2.7097873,2.7212018,2.7380564,2.7316266
ALB.1.0.319.0.UKOG,ALB,1.0,0.0,319.0,0.0,UKOG,Albania,02 Expenditure (ESA 2010),"Other capital expenditure, including capital transfers: general government :- ESA 2010 ",(Percentage of GDP at current prices (excessive deficit procedure)) ,,,,,,,,,,,,,,,,,,,,,,,,,,,,,,,,,,,,,,,,,,,,,,,,,,,,,,,,,,10.7708062,9.7982594,10.0546548,12.3359055,12.2798335,11.6242725,9.9408623,11.3408623,11.3408623,11.3408623
MNE.1.0.319.0.UKOG,MNE,1.0,0.0,319.0,0.0,UKOG,Montenegro,02 Expenditure (ESA 2010),"Other capital expenditure, including capital transfers: general government :- ESA 2010 ",(Percentage of GDP at current prices (excessive deficit procedure)) ,,,,,,,,,,,,,,,,,,,,,,,,,,,,,,,,,,,,,,,,,,,,,,,,,,,,,,,,,,,0.0,1.4603936,11.0857593,1.8869371,1.141117,0.7251975,0.7862539,0.780162,0.4204901
MKD.1.0.319.0.UKOG,MKD,1.0,0.0,319.0,0.0,UKOG,North Macedonia,02 Expenditure (ESA 2010),"Other capital expenditure, including capital transfers: general government :- ESA 2010 ",(Percentage of GDP at current prices (excessive deficit procedure)) ,,,,,,,,,,,,,,,,,,,,,,,,,,,,,,,,,,,,,,,,,,,,,,,,,,,,,,,,,,,-12.7527281,-14.6531702,-15.763204,-14.7372412,-10.4155974,-12.6992112,-13.8430851,-14.7515796,-15.0430672
SRB.1.0.319.0.UKOG,SRB,1.0,0.0,319.0,0.0,UKOG,Serbia,02 Expenditure (ESA 2010),"Other capital expenditure, including capital transfers: general government :- ESA 2010 ",(Percentage of GDP at current prices (excessive deficit procedure)) ,,,,,,,,,,,,,,,,,,,,,,,,,,,,,,,,,,,,,,,,,,,,,,,,,,,,,,,,,,8.2059991,8.3404523,8.7280208,11.4205495,10.8849925,12.3753494,9.7286334,9.3286334,9.2286334,8.9286334
TUR.1.0.319.0.UKOG,TUR,1.0,0.0,319.0,0.0,UKOG,Turkey,02 Expenditure (ESA 2010),"Other capital expenditure, including capital transfers: general government :- ESA 2010 ",(Percentage of GDP at current prices (excessive deficit procedure)) ,,,,,,,,,,,,,,,,,,,,,,,,,,,,,,,,,,,,,,,,,,,,,,,,,,0.9317638,1.2883441,1.056788,1.1463314,0.6347339,0.6186799,0.5912713,0.3858301,0.8642887,0.0955821,0.8208921,0.3499192,1.2310823,1.4874539,3.2026067,5.1752955,5.7775581,5.524075
ISL.1.0.319.0.UKOG,ISL,1.0,0.0,319.0,0.0,UKOG,Iceland,02 Expenditure (ESA 2010),"Other capital expenditure, including capital transfers: general government :- ESA 2010 ",(Percentage of GDP at current prices (excessive deficit procedure)) ,,,,,,,,,,,,,,,,,,,,,,,,,,,,,,,,,,,,,,,0.8794404,0.7482449,1.0256267,0.7766984,0.5987497,0.5855456,0.5257767,0.4908556,0.3601552,0.2387041,12.9146121,0.9833848,1.9064771,1.6076108,0.7713912,0.2898156,1.9341551,1.0478115,5.2873894,1.7174814,0.4061061,0.3318925,0.8909156,0.5867523,0.3610943,0.7614973,0.7897708,-0.8984148,-1.6547431
NOR.1.0.319.0.UKOG,NOR,1.0,0.0,319.0,0.0,UKOG,Norway,02 Expenditure (ESA 2010),"Other capital expenditure, including capital transfers: general government :- ESA 2010 ",(Percentage of GDP at current prices (excessive deficit procedure)) ,,,,,,,,,,,,,,,,,,,,,,,,,,,,,,,,,,,,0.5197594,0.2432984,0.2055479,0.1549391,0.2821243,0.68112,0.1633999,0.2131516,0.1570721,0.0125271,0.0244863,0.0358223,0.0466491,0.1713489,0.1866204,0.1556796,0.1793996,0.1330838,0.1008952,0.216682,0.1392251,0.142585,0.2193432,0.103283,0.2675888,1.3139106,0.2624232,0.2492559,0.3109919,0.2709788,0.2678643,0.2667113
CHE.1.0.319.0.UKOG,CHE,1.0,0.0,319.0,0.0,UKOG,Switzerland,02 Expenditure (ESA 2010),"Other capital expenditure, including capital transfers: general government :- ESA 2010 ",(Percentage of GDP at current prices (excessive deficit procedure)) ,,,,,,,,,,,,,,,,,,,,,,,,,,,,,,,,,,,,0.7916936,0.7053621,0.6818495,0.829776,1.9969683,2.3742798,1.3262801,2.5407964,0.9483015,1.1990228,0.9849374,0.732769,0.970571,1.6141578,1.218606,1.234111,1.2753289,1.0518599,1.689895,1.3243204,1.1751969,1.1594246,1.0027894,1.0040118,1.0049791,1.914325,1.1756593,1.1622928,3.6493268,3.6210004,3.6339781,3.5905352
JPN.1.0.319.0.UKOG,JPN,1.0,0.0,319.0,0.0,UKOG,Japan,02 Expenditure (ESA 2010),"Other capital expenditure, including capital transfers: general government :- ESA 2010 ",(Percentage of GDP at current prices (excessive deficit procedure)) ,,,,,,,,,,,,,,,,,,,,,,2.031524,1.8641896,1.7667816,1.7046483,1.5866923,1.4855293,1.6161533,1.669032,1.7619016,1.6258794,1.732441,1.9351319,2.1455268,2.0149101,2.079279,2.1980644,1.8223685,7.2365122,1.8932342,2.8167915,1.8156361,1.6285695,1.7340925,1.2449167,1.3668332,1.0530855,0.9674536,1.0607896,1.8592819,1.2430702,1.3713167,1.3560725,1.4422826,1.2155679,1.0867377,0.9652354,0.9135503,0.9379658,0.9626449,1.0650445,1.1070399,0.8814222,0.8540717,0.837924,0.8234133,0.8130301
USA.1.0.319.0.UKOG,USA,1.0,0.0,319.0,0.0,UKOG,United States,02 Expenditure (ESA 2010),"Other capital expenditure, including capital transfers: general government :- ESA 2010 ",(Percentage of GDP at current prices (excessive deficit procedure)) ,0.7374876,0.7826271,0.7948046,0.8314378,0.8766035,0.7813668,0.7868072,0.6395654,0.6910108,0.6878829,0.0893504,0.1153797,0.0912353,-0.0903621,-0.2289608,0.1073652,-0.0209244,0.0173886,0.0592788,-0.0190307,-0.052007,-0.0922034,-0.0348706,-0.071188,-0.0319496,0.0462782,0.0166171,0.0796257,0.0824797,0.079694,0.206636,0.1834323,0.0961148,0.1001377,0.1032627,-0.0093459,0.0177874,-0.0297754,0.0199276,0.1469084,0.1223789,0.0943495,0.1714962,0.3001628,0.3252792,0.4810342,0.152024,0.2910069,0.591143,1.056688,0.5787904,0.466617,0.291498,0.1582578,0.1474262,-0.0180924,0.0919813,0.1957108,0.1516713,0.1888767,0.1428906,0.3595304,-0.201312,0.7652354,0.8534511,0.8534511,0.8534511
EU27.1.0.319.0.UUCGI,EU27,1.0,0.0,319.0,0.0,UUCGI,European Union,02 Expenditure (ESA 2010),Total current expenditure excluding interest: general government :- ESA 2010 ,(Percentage of GDP at current prices (excessive deficit procedure)) ,,,,,,,,,,,,,,,,,,,,,,,,,,,,,,,,,,,,40.8352425,41.0742603,40.4507824,39.8003844,39.8487355,39.1365235,39.1788197,39.7777027,40.2819246,39.817095,39.7694406,39.1740916,38.4984397,39.3472003,42.9154519,42.5593424,41.7626442,42.2119297,42.8436,42.5705375,41.8824007,41.7284958,41.1497905,40.9965089,41.0426,46.6788057,44.6860088,42.365752,41.8802532,42.2292449,42.1682168,41.9539985
EU15.1.0.319.0.UUCGI,EU15,1.0,0.0,319.0,0.0,UUCGI,European Union (15 countries),02 Expenditure (ESA 2010),Total current expenditure excluding interest: general government :- ESA 2010 ,(Percentage of GDP at current prices (excessive deficit procedure)) ,,,,,,,,,,,,,,,,,,,,,,,,,,,,,,,,,,,,,,,,,,,,,,,,,,,,,,,,,,,,,,,,,41.9598952,41.9392529,41.7509345
EA19.1.0.319.0.UUCGI,EA19,1.0,0.0,319.0,0.0,UUCGI,Euro area (19 countries),02 Expenditure (ESA 2010),Total current expenditure excluding interest: general government :- ESA 2010 ,(Percentage of GDP at current prices (excessive deficit procedure)) ,,,,,,,,,,,,,,,,,,,,,,,,,,,,,,,,,,,,40.4126827,40.735115,40.1806249,39.5306706,39.5526544,38.892121,38.9425501,39.5472773,40.0277816,39.6327149,39.6518684,39.0837835,38.47035,39.4066434,43.1175001,42.8012255,42.0763796,42.5190045,43.144629,42.923104,42.2802333,42.1107844,41.5527314,41.4198915,41.5039053,47.4270566,45.4959261,43.1316948,42.4823889,42.6814235,42.6614023,42.5004844
EA20.1.0.319.0.UUCGI,EA20,1.0,0.0,319.0,0.0,UUCGI,Euro area,02 Expenditure (ESA 2010),Total current expenditure excluding interest: general government :- ESA 2010 ,(Percentage of GDP at current prices (excessive deficit procedure)) ,,,,,,,,,,,,,,,,,,,,,,,,,,,,,,,,,,,,40.4373309,40.7588525,40.1989391,39.552923,39.5789327,38.9136927,38.9524118,39.553726,40.0268559,39.6275204,39.6425256,39.0718924,38.4629037,39.3937826,43.0983743,42.7840253,42.0608972,42.5039027,43.1274844,42.9112481,42.2685325,42.0941492,41.5367747,41.4035795,41.4887912,47.4149283,45.472898,43.1018862,42.4554709,42.6604602,42.6407746,42.4804485
EA12.1.0.319.0.UUCGI,EA12,1.0,0.0,319.0,0.0,UUCGI,Euro area (12 countries),02 Expenditure (ESA 2010),Total current expenditure excluding interest: general government :- ESA 2010 ,(Percentage of GDP at current prices (excessive deficit procedure)) ,,,,,,,,,,,,,,,,,,,,,,,,,,,,,,,,,,,,40.4704737,40.7928034,40.2359353,39.5783805,39.5989183,38.9431898,39.0007729,39.6178187,40.109789,39.7243945,39.7508068,39.1910803,38.612196,39.5380844,43.2170521,42.9139938,42.203239,42.6759744,43.3173348,43.1053883,42.4528597,42.2814539,41.7370453,41.6126133,41.6854266,47.6344837,45.6792584,43.3184372,42.624847,42.8159825,42.7941534,42.6318491
BEL.1.0.319.0.UUCGI,BEL,1.0,0.0,319.0,0.0,UUCGI,Belgium,02 Expenditure (ESA 2010),Total current expenditure excluding interest: general government :- ESA 2010 ,(Percentage of GDP at current prices (excessive deficit procedure)) ,,,,,,,,,,,,,,,,,,,,,,,,,,,,,,,,,,,,40.2703513,41.179287,40.2118237,40.0185192,39.8801771,39.0255109,39.6174701,41.0940807,42.0151906,41.4638247,41.8173151,41.6286254,41.2613218,43.3041046,46.7621743,46.4452663,46.7691753,47.6213148,48.1854399,47.9457761,47.3334328,47.2465214,46.5904027,46.7223572,46.3897103,52.7729003,49.4232083,47.0452508,47.430996,47.3979221,47.5111995,47.6689825
BGR.1.0.319.0.UUCGI,BGR,1.0,0.0,319.0,0.0,UUCGI,Bulgaria,02 Expenditure (ESA 2010),Total current expenditure excluding interest: general government :- ESA 2010 ,(Percentage of GDP at current prices (excessive deficit procedure)) ,,,,,,,,,,,,,,,,,,,,,,,,,,,,,,,,,,,,21.2984448,20.533665,23.7038391,26.0010945,33.3762729,34.6074365,32.2732115,32.6099814,32.6405082,32.109181,31.1332609,28.3220329,28.496016,30.5287585,33.3815377,30.5110592,29.2855636,29.4401825,32.4183481,33.2524874,32.2940171,29.8646746,30.5799491,32.2631332,31.3282459,36.022275,37.8458126,37.2231461,34.1818507,35.9009027,36.3664827,36.613052
CZE.1.0.319.0.UUCGI,CZE,1.0,0.0,319.0,0.0,UUCGI,Czechia,02 Expenditure (ESA 2010),Total current expenditure excluding interest: general government :- ESA 2010 ,(Percentage of GDP at current prices (excessive deficit procedure)) ,,,,,,,,,,,,,,,,,,,,,,,,,,,,,,,,,,,,33.041551,32.3153982,32.4247146,31.7484015,33.0881344,33.027045,32.9052151,34.2269786,35.2635203,33.7571981,33.4919977,33.5265584,33.1676705,33.359496,36.3736708,35.9610033,36.041613,35.9734857,36.4817459,35.6523574,34.7071991,34.5428791,33.7721148,34.5445109,34.679036,39.5326233,38.9336618,36.3864479,37.1955477,36.6925176,36.2662483,35.7650123
DNK.1.0.319.0.UUCGI,DNK,1.0,0.0,319.0,0.0,UUCGI,Denmark,02 Expenditure (ESA 2010),Total current expenditure excluding interest: general government :- ESA 2010 ,(Percentage of GDP at current prices (excessive deficit procedure)) ,,,,,,,,,,,,,,,,,,,,,,,,,,,,,,,,,,,,49.3882199,49.0444259,47.719636,47.8288415,47.3611862,45.87647,46.6325836,47.2014014,48.0465786,47.4785203,46.5185192,45.2397078,44.8822262,45.2761541,51.1209696,51.0697857,50.3538185,50.746142,50.1881318,49.4015633,48.8812977,47.3810802,46.3486438,46.0999571,45.7561735,48.8311659,45.5083115,40.5280449,42.0629776,43.0785498,43.4902089,43.8958293
DEU.1.0.319.0.UUCGI,DEU,1.0,0.0,319.0,0.0,UUCGI,Germany,02 Expenditure (ESA 2010),Total current expenditure excluding interest: general government :- ESA 2010 ,(Percentage of GDP at current prices (excessive deficit procedure)) ,,,,,,,,,,,,,,,,,,,,,,,,,,,,,,,,38.3424331,39.1056735,40.2537358,40.5586446,41.2478354,42.1910648,41.7000478,41.0993369,41.545753,40.8783092,40.6335145,41.2409147,41.6531076,40.6303859,40.5102958,39.1573585,37.6425722,38.0380588,41.825025,40.7810601,39.2861588,39.3894043,40.0107768,39.7002516,39.9783838,40.2287468,40.0339226,40.1908118,41.1206887,46.405894,45.8746457,43.5144479,42.9417878,43.0861271,43.3750186,43.2650284
EST.1.0.319.0.UUCGI,EST,1.0,0.0,319.0,0.0,UUCGI,Estonia,02 Expenditure (ESA 2010),Total current expenditure excluding interest: general government :- ESA 2010 ,(Percentage of GDP at current prices (excessive deficit procedure)) ,,,,,,,,,,,,,,,,,,,,,,,,,,,,,,,,,,,,33.6695042,33.0654869,31.2158321,32.1737579,34.5836516,31.2672158,30.065367,29.3065946,29.2704343,29.4285463,28.6925849,27.8354982,27.1482536,31.9521365,38.33635,36.201216,32.9449655,32.0707752,32.0901017,31.6303292,33.3051257,33.761384,32.758927,33.1793027,33.6543966,38.139165,35.7646051,33.4787618,35.6907398,36.4110456,37.0722634,36.9803064
IRL.1.0.319.0.UUCGI,IRL,1.0,0.0,319.0,0.0,UUCGI,Ireland,02 Expenditure (ESA 2010),Total current expenditure excluding interest: general government :- ESA 2010 ,(Percentage of GDP at current prices (excessive deficit procedure)) ,,,,,,,,,,,,,,,,,,,,,,,,,,,,,,,,,,,,31.3847616,30.5857743,28.8076221,27.2528649,25.5646778,24.1686068,25.5254418,26.4942346,26.9700849,27.3173004,27.6527469,28.0682216,29.0203857,33.2546503,37.5539222,36.589164,36.2331045,35.2009869,33.0030582,30.0149966,22.5039738,22.7313055,21.0663206,20.5770521,19.9220491,22.945149,20.4868456,17.5678233,19.2522311,20.3072854,20.1679638,20.1660045
GRC.1.0.319.0.UUCGI,GRC,1.0,0.0,319.0,0.0,UUCGI,Greece,02 Expenditure (ESA 2010),Total current expenditure excluding interest: general government :- ESA 2010 ,(Percentage of GDP at current prices (excessive deficit procedure)) ,,,,,,,,,,,,,,,,,,,,,,,,,,,,,,,,,,,,30.9352023,30.9077386,30.763558,31.4676678,32.4727104,33.1181056,33.898151,33.9623867,34.6561647,35.7221506,36.3191315,36.1112497,37.4044679,39.3125611,43.0419412,41.8837134,43.2691998,45.28638,42.505947,42.7456202,42.8437307,43.1486302,41.9966438,41.0972116,40.857277,48.1120926,46.8985507,44.3782655,39.4787675,37.8896045,37.132465,36.557306
ESP.1.0.319.0.UUCGI,ESP,1.0,0.0,319.0,0.0,UUCGI,Spain,02 Expenditure (ESA 2010),Total current expenditure excluding interest: general government :- ESA 2010 ,(Percentage of GDP at current prices (excessive deficit procedure)) ,,,,,,,,,,,,,,,,,,,,,,,,,,,,,,,,,,,,32.7396097,32.4577765,31.7985013,31.5383245,31.2728269,30.8450528,30.2344791,30.4866728,30.7001643,31.0064775,31.1522623,31.1118872,31.6309078,33.7411186,37.8994212,38.1548445,38.3418016,38.2612716,38.7392605,38.2778173,37.2580746,36.6224475,35.7920863,35.9858646,36.7955907,45.2224291,42.4785953,40.1781704,39.2412456,38.935567,38.8847839,38.8759632
FRA.1.0.319.0.UUCGI,FRA,1.0,0.0,319.0,0.0,UUCGI,France,02 Expenditure (ESA 2010),Total current expenditure excluding interest: general government :- ESA 2010 ,(Percentage of GDP at current prices (excessive deficit procedure)) ,,,,,,,,,,,,,,,,,,,39.7608365,39.6706537,40.4827099,42.3859582,43.6515582,43.9963188,44.7821514,45.0346212,44.5124229,43.9639919,42.9930258,41.7704411,41.9595377,43.0631501,44.1837283,46.2397913,45.7928503,46.0755721,46.6288182,46.503111,45.3047334,45.1211054,44.3444064,44.46924,45.6046972,46.1827583,45.7801412,45.9350391,45.591431,45.2483061,45.5403435,49.2006727,49.1032527,48.5508365,49.3174189,50.3846178,50.6078632,50.2074497,50.1958492,50.126368,49.4582958,48.3535528,54.6816945,52.2623282,50.5317999,49.2657031,49.3743549,48.871871,48.5776797
HRV.1.0.319.0.UUCGI,HRV,1.0,0.0,319.0,0.0,UUCGI,Croatia,02 Expenditure (ESA 2010),Total current expenditure excluding interest: general government :- ESA 2010 ,(Percentage of GDP at current prices (excessive deficit procedure)) ,,,,,,,,,,,,,,,,,,,,,,,,,,,,,,,,,,,,48.6112348,48.271939,45.4937304,45.7330693,47.498597,45.3387534,41.7541066,41.2621934,39.7927174,38.3704653,37.4909345,36.4550444,36.8813822,36.8323022,39.2050928,39.1935536,38.7200738,39.1693352,39.295782,40.1657701,39.5383298,38.2809127,37.9402966,37.8078962,38.2143831,44.6496405,40.5219899,37.0810852,37.4486477,39.0033592,39.1450015,39.1283214
ITA.1.0.319.0.UUCGI,ITA,1.0,0.0,319.0,0.0,UUCGI,Italy,02 Expenditure (ESA 2010),Total current expenditure excluding interest: general government :- ESA 2010 ,(Percentage of GDP at current prices (excessive deficit procedure)) ,,,,,,,,,,,,,,,,,,,,,,,,,,,,,,,,,,,,35.5035416,36.2235902,36.3923895,36.0717237,36.40254,36.1203531,36.7104172,37.0843032,37.5373914,37.6509188,37.9558542,37.665843,37.4586279,38.5340242,41.6071063,41.4171139,40.58624,41.5453257,42.5209838,42.633993,42.108723,41.8494997,41.2307759,41.4735662,41.6847647,47.9681612,44.7158041,42.7240633,41.0898226,41.4281229,41.472228,41.13632
CYP.1.0.319.0.UUCGI,CYP,1.0,0.0,319.0,0.0,UUCGI,Cyprus,02 Expenditure (ESA 2010),Total current expenditure excluding interest: general government :- ESA 2010 ,(Percentage of GDP at current prices (excessive deficit procedure)) ,,,,,,,,,,,,,,,,,,,,,,,,,,,,,,,,,,,,25.1278926,26.2898678,27.5764799,29.2876869,28.993296,29.1826884,29.9381005,31.5794171,34.7823988,33.2054987,34.0419273,33.641271,32.9422581,33.6757228,36.739677,36.1705615,37.4351398,37.8505255,38.0170008,36.3940559,35.6812666,33.6455273,32.6056348,31.7753427,33.3778474,40.1387562,37.4858587,33.4576195,35.627964,35.304786,35.5339967,35.3497227
LVA.1.0.319.0.UUCGI,LVA,1.0,0.0,319.0,0.0,UUCGI,Latvia,02 Expenditure (ESA 2010),Total current expenditure excluding interest: general government :- ESA 2010 ,(Percentage of GDP at current prices (excessive deficit procedure)) ,,,,,,,,,,,,,,,,,,,,,,,,,,,,,,,,,,,,33.1078607,31.5967134,32.7818721,34.4674948,36.6667104,32.8719491,30.6426574,31.5440449,31.1358593,30.9015916,31.0631767,31.2338714,29.0727326,33.9777209,38.6522595,37.9414593,34.2915773,32.8191892,33.0479468,34.008629,33.4659408,33.7591338,33.5655009,33.6846226,33.6707478,36.5995947,39.9303708,37.5801553,36.6647034,39.0081423,39.3355727,39.2352108
LTU.1.0.319.0.UUCGI,LTU,1.0,0.0,319.0,0.0,UUCGI,Lithuania,02 Expenditure (ESA 2010),Total current expenditure excluding interest: general government :- ESA 2010 ,(Percentage of GDP at current prices (excessive deficit procedure)) ,,,,,,,,,,,,,,,,,,,,,,,,,,,,,,,,,,,,29.4474084,30.6131539,34.2930439,36.1861346,35.7002451,33.0658492,31.4627688,29.9269516,28.8503,28.9245773,29.4506142,29.095497,28.3174313,31.5802357,38.7288097,35.7706908,32.1201914,30.3561055,29.2251856,28.4906975,29.0336374,29.3199247,28.3950982,29.2090521,30.1927955,36.3673389,33.1185816,32.0356554,31.9006582,33.6033166,34.5518499,34.8506396
LUX.1.0.319.0.UUCGI,LUX,1.0,0.0,319.0,0.0,UUCGI,Luxembourg,02 Expenditure (ESA 2010),Total current expenditure excluding interest: general government :- ESA 2010 ,(Percentage of GDP at current prices (excessive deficit procedure)) ,,,,,,,,,,,,,,,,,,,,,,,,,,,,,,,,,,,,35.9265826,36.1067272,36.0980702,35.767927,34.2465553,32.6780223,33.8857926,35.2635171,36.838461,36.9832763,36.6134,33.9927813,32.2172101,32.8647703,36.7988161,35.6584436,35.736823,36.3209449,36.2703839,35.6948423,35.4239476,34.8755081,35.9032973,36.8599508,37.5203363,40.621337,37.0937823,38.2285594,41.2936403,42.0765818,41.9677615,41.8911641
HUN.1.0.319.0.UUCGI,HUN,1.0,0.0,319.0,0.0,UUCGI,Hungary,02 Expenditure (ESA 2010),Total current expenditure excluding interest: general government :- ESA 2010 ,(Percentage of GDP at current prices (excessive deficit procedure)) ,,,,,,,,,,,,,,,,,,,,,,,,,,,,,,,,,,,,39.7442339,36.7720471,35.1296092,35.6031635,36.508435,35.7064025,35.78818,37.8370621,39.2701098,39.1780983,39.7644666,40.5640477,39.6535822,40.1141159,41.2638111,39.9273096,39.0611415,39.4648011,39.8053029,38.7233033,37.6048339,38.0172262,37.332394,36.0615601,35.4774571,37.4951523,36.4035191,36.3867218,37.7132055,37.2245122,36.6959942,36.2763908
MLT.1.0.319.0.UUCGI,MLT,1.0,0.0,319.0,0.0,UUCGI,Malta,02 Expenditure (ESA 2010),Total current expenditure excluding interest: general government :- ESA 2010 ,(Percentage of GDP at current prices (excessive deficit procedure)) ,,,,,,,,,,,,,,,,,,,,,,,,,,,,,,,,,,,,33.5209449,34.9612874,34.3871521,33.3184516,32.7455656,31.9099618,33.7477007,33.3136295,33.5001691,34.3420328,33.8693583,34.1692423,33.7493229,35.8324835,34.898571,33.7643071,34.2153421,34.4356411,33.3543271,32.5005643,30.4018721,30.1021507,28.1930131,28.3845253,29.0766992,35.8177223,33.6763672,32.8418773,30.1819532,29.8856234,28.9043132,28.9202406
NLD.1.0.319.0.UUCGI,NLD,1.0,0.0,319.0,0.0,UUCGI,Netherlands,02 Expenditure (ESA 2010),Total current expenditure excluding interest: general government :- ESA 2010 ,(Percentage of GDP at current prices (excessive deficit procedure)) ,,,,,,,,,,,,,,,,,,,,,,,,,,,,,,,,,,,,40.3912348,38.9675644,37.6494617,36.8570481,36.0651016,35.5498009,36.3849828,37.1651677,38.3333884,38.1385059,37.1597948,37.8339042,37.2267673,37.7874064,41.0652313,41.9284255,41.3302785,41.6338008,41.6948256,41.3674964,40.2009511,39.1092443,38.4115036,38.2287974,37.8867803,43.212491,41.4637429,38.809543,38.7453529,39.2118925,40.0136655,40.3354271
AUT.1.0.319.0.UUCGI,AUT,1.0,0.0,319.0,0.0,UUCGI,Austria,02 Expenditure (ESA 2010),Total current expenditure excluding interest: general government :- ESA 2010 ,(Percentage of GDP at current prices (excessive deficit procedure)) ,,,,,,,,,,,,,,,,,,,,,,,,,,,,,,,,,,,,46.3241983,46.3892692,44.4237351,44.2000733,44.4511538,43.5581985,43.8710044,43.9119967,44.5931882,43.7067531,44.1062951,43.4192664,42.0395606,42.8583891,45.7085976,45.8106412,44.3204976,44.615608,45.3080094,45.2447292,45.1269155,44.8107492,44.0247142,43.8454155,43.8717134,51.7277128,50.6219002,46.943548,46.7034767,48.0333274,48.1374121,47.933093
POL.1.0.319.0.UUCGI,POL,1.0,0.0,319.0,0.0,UUCGI,Poland,02 Expenditure (ESA 2010),Total current expenditure excluding interest: general government :- ESA 2010 ,(Percentage of GDP at current prices (excessive deficit procedure)) ,,,,,,,,,,,,,,,,,,,,,,,,,,,,,,,,,,,,38.6484825,38.7447874,38.359916,36.6779059,36.8703328,36.4825475,38.2428483,38.931219,38.7148956,37.3420929,37.4174086,37.252498,35.8506175,36.5901308,36.7030278,37.1865571,35.126268,35.3078024,36.1408942,35.6690914,34.887752,35.606342,35.0095852,34.5784362,35.4083466,40.7840928,37.6594861,36.5952884,38.3494581,40.704718,40.3629749,40.1181383
PRT.1.0.319.0.UUCGI,PRT,1.0,0.0,319.0,0.0,UUCGI,Portugal,02 Expenditure (ESA 2010),Total current expenditure excluding interest: general government :- ESA 2010 ,(Percentage of GDP at current prices (excessive deficit procedure)) ,,,,,,,,,,,,,,,,,,,,,,,,,,,,,,,,,,,,31.8921254,32.6548816,32.3188603,33.0425534,33.6777469,34.5396488,35.093424,35.9262501,37.5633627,38.0802056,39.1668511,38.4472629,37.84546,38.3898564,42.4497841,41.8098819,41.3987228,40.4247095,41.9545495,40.7987544,39.522955,38.7980518,37.4251045,36.9531553,36.7489565,41.8503546,41.1748617,38.2908328,36.4064339,36.6517239,36.699614,36.5189711
ROM.1.0.319.0.UUCGI,ROM,1.0,0.0,319.0,0.0,UUCGI,Romania,02 Expenditure (ESA 2010),Total current expenditure excluding interest: general government :- ESA 2010 ,(Percentage of GDP at current prices (excessive deficit procedure)) ,,,,,,,,,,,,,,,,,,,,,,,,,,,,,,,,,,,,28.0858277,26.897442,26.9759726,28.7710395,31.0575332,30.1254682,28.7847321,27.7849105,27.6921971,26.9885401,27.9388096,27.8939418,29.0984002,29.478,31.7419436,31.009173,28.4735413,27.9014325,28.2010151,28.1487954,27.9513846,28.2267366,28.8378769,29.4199729,30.5654776,34.4456033,33.0282916,32.8775919,31.3119471,33.6516376,33.6969378,33.2992129
SVN.1.0.319.0.UUCGI,SVN,1.0,0.0,319.0,0.0,UUCGI,Slovenia,02 Expenditure (ESA 2010),Total current expenditure excluding interest: general government :- ESA 2010 ,(Percentage of GDP at current prices (excessive deficit procedure)) ,,,,,,,,,,,,,,,,,,,,,,,,,,,,,,,,,,,,38.4094743,37.9784194,38.32045,38.5476472,38.9285825,40.1281342,40.8495068,40.7580922,40.406812,40.0984578,40.5822511,39.4211879,36.8524864,38.2710796,42.7559876,43.5499593,43.6933507,43.324851,42.9350853,40.8090971,40.2473224,40.2746246,38.5027218,37.8546114,37.833582,45.6159464,43.5370202,40.4429581,39.3152194,40.2220932,40.1484297,40.6703232
SVK.1.0.319.0.UUCGI,SVK,1.0,0.0,319.0,0.0,UUCGI,Slovakia,02 Expenditure (ESA 2010),Total current expenditure excluding interest: general government :- ESA 2010 ,(Percentage of GDP at current prices (excessive deficit procedure)) ,,,,,,,,,,,,,,,,,,,,,,,,,,,,,,,,,,,,36.9078457,39.2187004,38.0715627,36.443493,35.6729225,35.5051622,34.8030581,34.6169067,34.1547906,32.6372988,32.3413405,32.1297285,30.5162859,30.8667358,35.9482471,35.2379686,34.6911393,34.3774876,35.192337,35.2899534,35.0521192,35.1326249,34.7024148,34.1834499,35.363502,39.0059082,40.0862056,38.0629898,41.8839621,41.4113651,41.1889084,40.7456131
FIN.1.0.319.0.UUCGI,FIN,1.0,0.0,319.0,0.0,UUCGI,Finland,02 Expenditure (ESA 2010),Total current expenditure excluding interest: general government :- ESA 2010 ,(Percentage of GDP at current prices (excessive deficit procedure)) ,,,,,,,,,,,,,,,,32.0231543,34.0019096,35.7734079,35.6497106,34.7698889,34.1476637,35.2639833,36.33856,37.712263,38.0932122,39.6261466,40.3799527,40.9736939,39.4434164,38.6140243,41.5213528,49.4394817,54.0293429,54.0657464,52.4246676,50.5880919,49.8504565,47.3041783,44.4420457,43.4004792,41.335621,40.8829082,42.3416869,43.4547899,43.2660749,43.501998,43.0299489,41.424898,42.5702563,48.4001431,48.5944501,48.123245,49.7609518,51.250387,51.7607054,50.4947857,49.5139465,47.5447919,47.2434833,47.2534568,50.6368794,49.8773938,47.6131427,49.9696327,51.2682412,50.2911141,49.7933894
SWE.1.0.319.0.UUCGI,SWE,1.0,0.0,319.0,0.0,UUCGI,Sweden,02 Expenditure (ESA 2010),Total current expenditure excluding interest: general government :- ESA 2010 ,(Percentage of GDP at current prices (excessive deficit procedure)) ,,,,,,,,,,,,,,,,,,,,,,,,,,,,,,,,,,57.5001646,56.0045493,52.4492275,50.8592919,48.8574404,48.340434,47.5471698,45.7664637,45.6882169,46.1736218,47.434926,46.574008,46.3030308,45.2490991,43.5879584,44.399802,46.8794288,45.1314658,44.2360591,45.5532429,46.7466966,46.1926698,44.9371359,45.1207341,44.8043349,44.9489952,43.9749889,46.9454158,44.4990701,42.84296,43.0709777,43.8894116,43.4390504,42.1118848
GBR.1.0.319.0.UUCGI,GBR,1.0,0.0,319.0,0.0,UUCGI,United Kingdom,02 Expenditure (ESA 2010),Total current expenditure excluding interest: general government :- ESA 2010 ,(Percentage of GDP at current prices (excessive deficit procedure)) ,,,,,,,,,,,,,,,,,,,,,,,,,,,,,,,,,,,,,,,,,,,,,,,,,,,,,,,,,,,,,,,,,37.7422529,37.8107968,37.6166463
MNE.1.0.319.0.UUCGI,MNE,1.0,0.0,319.0,0.0,UUCGI,Montenegro,02 Expenditure (ESA 2010),Total current expenditure excluding interest: general government :- ESA 2010 ,(Percentage of GDP at current prices (excessive deficit procedure)) ,,,,,,,,,,,,,,,,,,,,,,,,,,,,,,,,,,,,,,,,,,,,,,,,,,,,,,,,,,,37.1651659,32.9366234,34.4208049,36.2271751,35.3476187,35.0105261,40.4188978,40.1416499,41.2925196
MKD.1.0.319.0.UUCGI,MKD,1.0,0.0,319.0,0.0,UUCGI,North Macedonia,02 Expenditure (ESA 2010),Total current expenditure excluding interest: general government :- ESA 2010 ,(Percentage of GDP at current prices (excessive deficit procedure)) ,,,,,,,,,,,,,,,,,,,,,,,,,,,,,,,,,,,,,,,,,,,,,,,,,,,,,,,,,,,27.8114787,28.9598615,33.7676218,30.7631342,29.5067748,29.1524875,31.3188643,41.3500975,40.656716
SRB.1.0.319.0.UUCGI,SRB,1.0,0.0,319.0,0.0,UUCGI,Serbia,02 Expenditure (ESA 2010),Total current expenditure excluding interest: general government :- ESA 2010 ,(Percentage of GDP at current prices (excessive deficit procedure)) ,,,,,,,,,,,,,,,,,,,,,,,,,,,,,,,,,,,,,,,,,,,,,,,,,,,,,,,,,,25.4285334,25.0461675,25.0547244,28.3951184,25.6272214,23.8868468,23.6718617,25.7360306,26.0476824,26.1066002
TUR.1.0.319.0.UUCGI,TUR,1.0,0.0,319.0,0.0,UUCGI,Turkey,02 Expenditure (ESA 2010),Total current expenditure excluding interest: general government :- ESA 2010 ,(Percentage of GDP at current prices (excessive deficit procedure)) ,,,,,,,,,,,,,,,,,,,,,,,,,,,,,,,,,,,,,,,,,,,,,,,,,,,,,,,,,,25.874619,26.1482708,27.6699505,27.9824441,24.1984765,19.8334305,23.7024522,24.1720558,26.5124807,27.534662
ISL.1.0.319.0.UUCGI,ISL,1.0,0.0,319.0,0.0,UUCGI,Iceland,02 Expenditure (ESA 2010),Total current expenditure excluding interest: general government :- ESA 2010 ,(Percentage of GDP at current prices (excessive deficit procedure)) ,,,,,,,,,,,,,,,,,,,,,,,,,,,,,,,,,,,,,,,31.0008122,31.7331085,32.2446269,32.2696176,34.7282828,36.5741265,35.25509,35.251837,33.8539923,33.4382459,34.1156211,36.5539639,35.4944054,35.9912408,35.4961374,34.5081043,34.1627223,32.9081791,32.4933462,33.9831744,34.4202695,35.3250894,42.4145946,40.575181,36.3993601,35.3668479,36.4068528,37.3851081,37.9204882
NOR.1.0.319.0.UUCGI,NOR,1.0,0.0,319.0,0.0,UUCGI,Norway,02 Expenditure (ESA 2010),Total current expenditure excluding interest: general government :- ESA 2010 ,(Percentage of GDP at current prices (excessive deficit procedure)) ,,,,,,,,,,,,,,,,,,,,,,,,,,,,,,,,,,,,43.3686554,41.7227347,40.2095782,42.2055663,41.2218912,36.7138196,38.6152365,41.3973129,42.300358,39.9825404,37.2378679,35.0716513,35.112157,34.3266079,40.2514313,39.8079184,38.7860334,38.2817167,39.0637908,40.4497978,43.2902805,45.2347936,44.1719682,42.5312051,44.3376406,49.6246073,41.5082017,33.5204855,40.2061055,42.7633534,43.3469545,43.8592432
CHE.1.0.319.0.UUCGI,CHE,1.0,0.0,319.0,0.0,UUCGI,Switzerland,02 Expenditure (ESA 2010),Total current expenditure excluding interest: general government :- ESA 2010 ,(Percentage of GDP at current prices (excessive deficit procedure)) ,,,,,,,,,,,,,,,,,,,,,,,,,,,,,,,,,,,,27.0429089,28.0268842,28.1631268,27.7507753,27.3499634,26.3275119,26.7422512,27.9550952,28.8972366,28.5119302,28.1634123,26.7042921,25.5818768,25.5068751,27.6554121,27.398464,27.3872943,27.992812,28.3881664,28.3950562,28.8851508,29.0697522,29.2701396,28.6500737,28.8307369,32.7729785,31.1720584,28.1830342,29.8760971,32.3573489,32.113302,31.198644
JPN.1.0.319.0.UUCGI,JPN,1.0,0.0,319.0,0.0,UUCGI,Japan,02 Expenditure (ESA 2010),Total current expenditure excluding interest: general government :- ESA 2010 ,(Percentage of GDP at current prices (excessive deficit procedure)) ,,,,,,,,,,,,,,,,,,,,,,22.350133,22.7909338,23.1411162,22.6078426,22.0806896,22.2064141,22.347303,21.6504357,21.0859869,21.3428464,21.3630653,21.6983855,22.6134235,23.3746793,24.1698116,24.3758847,24.6850033,25.5746626,27.0617962,27.3447254,28.0617898,29.074889,29.3579997,29.3685183,27.9700163,27.994253,28.2215028,29.1398758,32.5798524,32.4629409,33.2804234,33.2840801,33.1128762,32.881531,32.3075957,32.3848942,31.9700112,32.0176002,32.4212401,39.206054,37.2817503,37.0280295,36.6851949,37.0451668,36.5629358,36.2604813
USA.1.0.319.0.UUCGI,USA,1.0,0.0,319.0,0.0,UUCGI,United States,02 Expenditure (ESA 2010),Total current expenditure excluding interest: general government :- ESA 2010 ,(Percentage of GDP at current prices (excessive deficit procedure)) ,,,,,,,,,,,24.754799,25.532472,25.69435,24.8032098,25.6934993,27.5095198,26.4725538,25.7909162,24.8593404,24.5613327,25.9620335,25.9911551,27.53212,27.4691954,25.9796073,26.1138623,26.4675691,26.273543,25.7811894,25.8679661,26.6152218,27.4415492,28.7901052,28.7172276,28.1131831,27.9632093,27.5532068,26.8763046,26.3683356,26.1976424,26.165521,27.6090494,28.7054168,29.0918391,28.9270631,28.8336851,28.7723073,29.1495408,31.1428231,33.7520471,34.1835066,33.2332696,31.9496098,31.3022228,30.8853213,30.8185468,30.8607756,30.444911,30.300434,30.6200581,39.5340006,37.4063343,31.8531014,30.6927683,30.8317707,30.7023605,30.6370433
EU27.1.0.319.0.UUTGI,EU27,1.0,0.0,319.0,0.0,UUTGI,European Union,02 Expenditure (ESA 2010),Total expenditure excluding interest: general government :- ESA 2010 ,(Percentage of GDP at current prices (excessive deficit procedure)) ,,,,,,,,,,,,,,,,,,,,,,,,,,,,,,,,,,,,48.2228598,45.7546374,44.8745181,44.3032187,44.4148128,43.6525613,43.772368,44.3849503,44.9825595,44.4491614,44.4016923,43.8433276,43.0815244,44.1827931,48.1251652,48.0041684,46.3943462,47.0648432,47.2982837,46.7771888,46.0911941,45.5068385,45.1446788,44.954829,45.0784021,51.5021762,49.7934768,47.6037146,47.2997892,47.2905381,47.3006012,47.0477614
EU15.1.0.319.0.UUTGI,EU15,1.0,0.0,319.0,0.0,UUTGI,European Union (15 countries),02 Expenditure (ESA 2010),Total expenditure excluding interest: general government :- ESA 2010 ,(Percentage of GDP at current prices (excessive deficit procedure)) ,,,,,,,,,,,,,,,,,,,,,,,,,,,,,,,,,,,,,,,,,,,,,,,,,,,,,,,,,,,,,,,,,47.0553432,47.0599236,46.836055
EA19.1.0.319.0.UUTGI,EA19,1.0,0.0,319.0,0.0,UUTGI,Euro area (19 countries),02 Expenditure (ESA 2010),Total expenditure excluding interest: general government :- ESA 2010 ,(Percentage of GDP at current prices (excessive deficit procedure)) ,,,,,,,,,,,,,,,,,,,,,,,,,,,,,,,,,,,,47.9775811,45.3374277,44.5826459,44.0353104,44.1471508,43.4502339,43.5544771,44.1356808,44.6939992,44.298222,44.3088758,43.7338749,42.9884047,44.1847734,48.327084,48.2705023,46.5705647,47.2889933,47.5574682,46.9654441,46.3034944,45.7950322,45.4778188,45.2179946,45.391608,52.0685647,50.6027435,48.333153,47.8041518,47.5672713,47.6056138,47.3608605
EA20.1.0.319.0.UUTGI,EA20,1.0,0.0,319.0,0.0,UUTGI,Euro area,02 Expenditure (ESA 2010),Total expenditure excluding interest: general government :- ESA 2010 ,(Percentage of GDP at current prices (excessive deficit procedure)) ,,,,,,,,,,,,,,,,,,,,,,,,,,,,,,,,,,,,48.0031263,45.3699884,44.6096623,44.0673681,44.1823994,43.4802032,43.5713383,44.1484897,44.707003,44.310392,44.3105975,43.7302626,42.9963268,44.1863418,48.3207773,48.2586083,46.5676647,47.2752795,47.5453528,46.9582407,46.2942419,45.7820011,45.4608135,45.2071031,45.3856871,52.06688,50.5840331,48.3093732,47.7889311,47.5588504,47.6015039,47.3580946
EA12.1.0.319.0.UUTGI,EA12,1.0,0.0,319.0,0.0,UUTGI,Euro area (12 countries),02 Expenditure (ESA 2010),Total expenditure excluding interest: general government :- ESA 2010 ,(Percentage of GDP at current prices (excessive deficit procedure)) ,,,,,,,,,,,,,,,,,,,,,,,,,,,,,,,,,,,,48.0303026,45.373023,44.6083363,44.072107,44.1767946,43.4706942,43.6019747,44.1951499,44.7797584,44.3947757,44.4086681,43.8358836,43.1160887,44.3070354,48.4152803,48.388511,46.6790322,47.4312458,47.6972652,47.1098844,46.4333847,45.9603457,45.6611685,45.384074,45.562049,52.2665971,50.802353600000004,48.5339915,47.937828,47.6894704,47.7155216,47.4743841
BEL.1.0.319.0.UUTGI,BEL,1.0,0.0,319.0,0.0,UUTGI,Belgium,02 Expenditure (ESA 2010),Total expenditure excluding interest: general government :- ESA 2010 ,(Percentage of GDP at current prices (excessive deficit procedure)) ,,,,,,,,,,,,,,,,,,,,,,,,,,,,,,,,,,,,43.6463456,44.479019,43.7869448,43.490133,43.5604579,42.684116,42.8078926,44.0643734,45.6306574,44.460964,47.4570181,44.6461419,44.5337262,46.7457926,50.5764593,50.261258,51.4383277,52.6842004,52.5511997,52.1242558,50.8977518,50.6050056,49.8418158,50.2733672,49.7432343,56.4849793,53.2348714,50.6711992,51.2590878,51.6609712,51.5319518,51.5927386
BGR.1.0.319.0.UUTGI,BGR,1.0,0.0,319.0,0.0,UUTGI,Bulgaria,02 Expenditure (ESA 2010),Total expenditure excluding interest: general government :- ESA 2010 ,(Percentage of GDP at current prices (excessive deficit procedure)) ,,,,,,,,,,,,,,,,,,,,,,,,,,,,,,,,,,,,22.0196287,21.0686101,25.2732714,30.3272406,37.9040959,38.9135883,36.4575887,36.8983739,36.3945432,35.9767774,35.1902834,32.3719549,36.5784496,36.2172524,38.5486927,35.425491,32.9814048,33.4630361,36.9955438,42.313461,39.4655034,33.8903931,33.9828503,36.3422302,35.8875487,40.7835069,40.9764991,40.8355237,38.2991085,39.8699469,40.7614586,41.0683434
CZE.1.0.319.0.UUTGI,CZE,1.0,0.0,319.0,0.0,UUTGI,Czechia,02 Expenditure (ESA 2010),Total expenditure excluding interest: general government :- ESA 2010 ,(Percentage of GDP at current prices (excessive deficit procedure)) ,,,,,,,,,,,,,,,,,,,,,,,,,,,,,,,,,,,,51.837501,40.3121122,40.2955373,40.5695279,39.9802406,39.8362712,42.1833604,43.3458213,47.9138584,41.1342205,41.2589901,40.439691,39.4040495,39.9311813,43.2318043,41.905929,41.5446036,42.9638941,41.0624726,41.0261008,40.6436157,38.4701932,37.7425597,39.391443,39.6912718,45.5089787,44.3023231,41.8775121,42.6095257,41.8750998,41.6749884,40.8604115
DNK.1.0.319.0.UUTGI,DNK,1.0,0.0,319.0,0.0,UUTGI,Denmark,02 Expenditure (ESA 2010),Total expenditure excluding interest: general government :- ESA 2010 ,(Percentage of GDP at current prices (excessive deficit procedure)) ,,,,,,,,,,,,,,,,,,,,,,,,,,,,,,,,,,,,52.7802791,52.4654904,51.0190508,50.9417711,50.4600266,49.0404633,49.7406306,50.1106895,50.852763,50.4116696,49.1732937,48.0525996,47.9414106,48.8731729,54.5321295,54.7494235,54.4808791,56.2658157,54.0223805,53.7485656,53.1585486,51.2911068,49.8381107,49.9502969,49.0680672,52.821294,48.9363277,44.1818307,46.1709847,47.2788664,47.7302555,48.2378959
DEU.1.0.319.0.UUTGI,DEU,1.0,0.0,319.0,0.0,UUTGI,Germany,02 Expenditure (ESA 2010),Total expenditure excluding interest: general government :- ESA 2010 ,(Percentage of GDP at current prices (excessive deficit procedure)) ,,,,,,,,,,,,,,,,,,,,,,,,,,,,,,,,43.6266422,44.0230073,44.8890937,44.755933,51.7359587,46.0946509,45.3572627,44.9400438,45.3925882,44.8853338,44.6374224,45.269457,45.6096679,44.1886753,44.1370162,42.6207454,40.8773828,41.7497143,45.6789332,45.673876,42.8007395,42.7914069,43.3406573,42.9049267,43.1150649,43.53317,43.5309251,43.7622882,44.7699215,50.4807486,50.1179939,48.2970775,47.5063731,47.8839985,48.039762,47.8217026
EST.1.0.319.0.UUTGI,EST,1.0,0.0,319.0,0.0,UUTGI,Estonia,02 Expenditure (ESA 2010),Total expenditure excluding interest: general government :- ESA 2010 ,(Percentage of GDP at current prices (excessive deficit procedure)) ,,,,,,,,,,,,,,,,,,,,,,,,,,,,,,,,,,,,39.2397367,38.3617258,36.3743713,38.4947936,39.7326374,36.0811713,35.0423654,35.6070268,34.8199494,33.8612339,33.5253635,33.3265543,33.6742234,39.3376946,45.9061145,40.600959,37.5215179,39.2761255,38.2226796,37.4769587,39.189696,38.8598654,38.8154031,38.7813667,39.0825251,44.6680467,42.0301346,39.8547802,42.8998528,44.0813016,45.600409,45.8527244
IRL.1.0.319.0.UUTGI,IRL,1.0,0.0,319.0,0.0,UUTGI,Ireland,02 Expenditure (ESA 2010),Total expenditure excluding interest: general government :- ESA 2010 ,(Percentage of GDP at current prices (excessive deficit procedure)) ,,,,,,,,,,,,,,,,,,,,,,,,,,,,,,,,,,,,35.2113653,34.1629762,32.3913019,30.8365662,30.1482274,28.6255744,30.7338481,31.5610779,31.4456591,31.7249558,31.999139,32.5619859,34.6330278,40.2741883,44.8585595,62.0381228,43.45677,38.0840191,35.5441526,32.7316318,25.4982759,25.2177479,23.3515326,23.1788112,22.6000725,25.663701,22.8205308,19.9567186,22.0546135,23.3317059,23.6339844,23.6748051
GRC.1.0.319.0.UUTGI,GRC,1.0,0.0,319.0,0.0,UUTGI,Greece,02 Expenditure (ESA 2010),Total expenditure excluding interest: general government :- ESA 2010 ,(Percentage of GDP at current prices (excessive deficit procedure)) ,,,,,,,,,,,,,,,,,,,,,,,,,,,,,,,,,,,,35.8028464,35.6462696,36.4959204,38.7418251,40.1070849,41.0513511,40.9810937,41.382042,42.846473,43.9204426,41.8049941,41.3763264,43.203857,46.6575129,49.7164998,46.974717,47.4087749,52.5080372,59.694948,47.4851629,51.1824395,47.08103,45.4429472,45.2347266,44.7005395,56.3363973,54.2652038,50.3661224,46.1626931,45.2294985,44.5906972,44.6253982
ESP.1.0.319.0.UUTGI,ESP,1.0,0.0,319.0,0.0,UUTGI,Spain,02 Expenditure (ESA 2010),Total expenditure excluding interest: general government :- ESA 2010 ,(Percentage of GDP at current prices (excessive deficit procedure)) ,,,,,,,,,,,,,,,,,,,,,,,,,,,,,,,,,,,,39.1783757,37.8319896,36.9492708,36.9012112,36.5350563,35.9470574,35.4343627,35.9876171,36.0462349,36.8070098,36.6960378,36.7759031,37.5999614,39.7571267,44.36183,43.9476579,43.4500182,46.1968756,42.5919318,41.4972246,40.6144905,39.3146905,38.4859627,39.0670111,39.7650174,49.1525079,47.3465245,44.0688133,43.0644507,42.9093275,42.8935909,42.9453463
FRA.1.0.319.0.UUTGI,FRA,1.0,0.0,319.0,0.0,UUTGI,France,02 Expenditure (ESA 2010),Total expenditure excluding interest: general government :- ESA 2010 ,(Percentage of GDP at current prices (excessive deficit procedure)) ,,,,,,,,,,,,,,,,,,,44.6034374,44.756453,45.6251312,47.7514198,49.0518097,49.1088891,49.8730597,50.3234264,49.7675457,49.2700296,48.6567314,47.411955,47.8987615,48.8709709,50.0361092,52.3195105,51.6077099,52.5940466,52.4028775,52.017246,50.5920965,50.5785551,49.6596002,49.7701904,50.8964346,51.477588,51.1993313,51.5478327,51.1468072,50.9419719,51.4096158,55.4449587,55.1709653,54.2983619,55.2612005,56.2610386,56.1969958,55.569161,55.4801841,55.8727318,54.5976059,53.8312162,60.4170038,58.0767529,56.4815181,55.1678875,55.3523691,54.8727393,54.431706
HRV.1.0.319.0.UUTGI,HRV,1.0,0.0,319.0,0.0,UUTGI,Croatia,02 Expenditure (ESA 2010),Total expenditure excluding interest: general government :- ESA 2010 ,(Percentage of GDP at current prices (excessive deficit procedure)) ,,,,,,,,,,,,,,,,,,,,,,,,,,,,,,,,,,,,56.4744988,55.675646,52.420307,52.970715,54.8054873,52.4064515,48.3615529,47.5419911,47.9958893,47.2554467,44.7070972,42.9353223,44.6788974,44.498727,47.03698,45.7757852,45.9418874,44.247193,44.8376343,45.2901478,44.1353243,42.7949243,41.6280038,42.8062808,44.1029616,51.682751,46.5613917,43.5062805,44.9578267,46.0898094,46.9050018,46.8953509
ITA.1.0.319.0.UUTGI,ITA,1.0,0.0,319.0,0.0,UUTGI,Italy,02 Expenditure (ESA 2010),Total expenditure excluding interest: general government :- ESA 2010 ,(Percentage of GDP at current prices (excessive deficit procedure)) ,,,,,,,,,,,,,,,,,,,,,,,,,,,,,,,,,,,,40.3642164,40.3189553,40.2052212,40.1722031,40.707751,40.2659438,41.0886832,41.0726552,42.0279323,42.0866223,42.5690382,43.1447173,41.8722284,42.8426079,46.6653511,45.5429657,44.4068895,45.3622194,46.1106594,46.1644065,46.1485175,45.0934674,45.0378419,44.7000142,45.0861354,53.3630928,52.6103179,50.8099201,50.1341775,46.819529,47.1845264,46.5789486
CYP.1.0.319.0.UUTGI,CYP,1.0,0.0,319.0,0.0,UUTGI,Cyprus,02 Expenditure (ESA 2010),Total expenditure excluding interest: general government :- ESA 2010 ,(Percentage of GDP at current prices (excessive deficit procedure)) ,,,,,,,,,,,,,,,,,,,,,,,,,,,,,,,,,,,,30.5809083,32.1787079,33.5441587,32.9687917,33.0450616,33.2421581,33.940066,35.9677159,39.6954837,37.9145004,38.3327565,38.0556488,37.2873903,38.1745166,42.5794291,42.5360706,42.7921531,51.217289,43.0950619,48.8331389,39.9662285,36.9978258,36.0360449,41.9033749,38.083232,43.9012198,40.9360032,36.6236136,40.5979721,39.0720406,39.3661025,38.7361899
LVA.1.0.319.0.UUTGI,LVA,1.0,0.0,319.0,0.0,UUTGI,Latvia,02 Expenditure (ESA 2010),Total expenditure excluding interest: general government :- ESA 2010 ,(Percentage of GDP at current prices (excessive deficit procedure)) ,,,,,,,,,,,,,,,,,,,,,,,,,,,,,,,,,,,,35.9485617,35.1335472,35.2111468,38.3493611,41.3575003,37.1054769,34.4692487,35.4264362,34.5751889,35.8191416,35.709423,38.0259113,36.0592357,39.6104983,44.7935316,45.0496737,41.936606,38.6075275,38.3699084,38.9428758,38.6728414,37.7225319,38.5459119,39.8939526,38.9003619,43.5320353,45.9852936,43.7116673,43.2542257,45.1252496,46.5190587,46.2313115
LTU.1.0.319.0.UUTGI,LTU,1.0,0.0,319.0,0.0,UUTGI,Lithuania,02 Expenditure (ESA 2010),Total expenditure excluding interest: general government :- ESA 2010 ,(Percentage of GDP at current prices (excessive deficit procedure)) ,,,,,,,,,,,,,,,,,,,,,,,,,,,,,,,,,,,,34.0146936,35.5320646,49.304156,39.8738692,39.1961845,37.623641,35.5629963,33.8325543,32.3328945,33.0025993,33.3398774,33.7243261,34.6014302,37.4511598,43.5887721,41.1771064,38.2184119,34.621995,33.9662494,33.3033691,33.5949826,33.0413929,32.1798813,32.8294963,33.7151901,41.6318782,36.8483145,35.9125838,36.7873115,38.8226027,39.3387538,39.2465529
LUX.1.0.319.0.UUTGI,LUX,1.0,0.0,319.0,0.0,UUTGI,Luxembourg,02 Expenditure (ESA 2010),Total expenditure excluding interest: general government :- ESA 2010 ,(Percentage of GDP at current prices (excessive deficit procedure)) ,,,,,,,,,,,,,,,,,,,,,,,,,,,,,,,,,,,,40.8276157,41.2221623,41.1660819,41.5284965,39.7741652,37.6470404,37.8266399,41.4933535,43.0960271,43.4895895,43.2490483,39.1765338,37.1047689,37.5761693,42.332258,41.6071422,40.9976024,41.3349327,40.738258,40.2012345,40.0027335,39.6770784,40.9079578,42.0195984,42.7333913,46.8013219,42.6564304,43.6859366,47.5755893,48.3539246,48.4332551,48.2528306
HUN.1.0.319.0.UUTGI,HUN,1.0,0.0,319.0,0.0,UUTGI,Hungary,02 Expenditure (ESA 2010),Total expenditure excluding interest: general government :- ESA 2010 ,(Percentage of GDP at current prices (excessive deficit procedure)) ,,,,,,,,,,,,,,,,,,,,,,,,,,,,,,,,,,,,46.3301918,41.8781875,41.0693666,43.6620176,42.2492155,42.010238,42.5094013,46.9744475,45.1433536,44.4379302,45.3073216,47.5599591,45.8517905,44.715964,46.1492984,44.8171225,44.9991661,44.6843831,45.5684433,46.0552336,46.9154407,43.5842127,44.004238,43.6008212,43.6336702,48.7214223,45.8474799,45.9058924,44.7314047,43.0854918,43.5542814,43.2857435
MLT.1.0.319.0.UUTGI,MLT,1.0,0.0,319.0,0.0,UUTGI,Malta,02 Expenditure (ESA 2010),Total expenditure excluding interest: general government :- ESA 2010 ,(Percentage of GDP at current prices (excessive deficit procedure)) ,,,,,,,,,,,,,,,,,,,,,,,,,,,,,,,,,,,,37.2152637,39.444782,39.1540079,38.3065738,37.8022703,36.3055609,37.9444881,37.6425568,41.7082356,38.1170037,38.7984275,38.7561169,37.6744275,38.8261402,37.9474048,37.081134,38.3772631,38.7554717,37.3214193,36.9471395,35.5811967,33.4240276,31.0257161,33.0597182,33.6237235,40.9306561,38.465855,36.8698874,35.2743437,35.7013654,34.3288282,34.2177889
NLD.1.0.319.0.UUTGI,NLD,1.0,0.0,319.0,0.0,UUTGI,Netherlands,02 Expenditure (ESA 2010),Total expenditure excluding interest: general government :- ESA 2010 ,(Percentage of GDP at current prices (excessive deficit procedure)) ,,,,,,,,,,,,,,,,,,,,,,,,,,,,,,,,,,,,49.4433873,43.1259774,41.8049018,41.0187443,40.2367765,39.7716894,41.0648506,42.0876077,43.2762803,42.2636214,41.1675905,41.8761618,41.2012364,42.1202858,46.3248981,46.9870393,45.9186022,45.9023566,45.863001,45.2202756,43.9114671,42.7289201,41.7394165,41.5374336,41.3214794,47.1200777,45.3513544,42.6733211,42.5167127,42.6183907,43.7172389,44.2106575
AUT.1.0.319.0.UUTGI,AUT,1.0,0.0,319.0,0.0,UUTGI,Austria,02 Expenditure (ESA 2010),Total expenditure excluding interest: general government :- ESA 2010 ,(Percentage of GDP at current prices (excessive deficit procedure)) ,,,,,,,,,,,,,,,,,,,,,,,,,,,,,,,,,,,,52.0132676,52.0053109,49.0700598,49.0511534,48.9563978,47.8662855,48.1847973,48.1342935,48.5563642,51.2635791,48.4063497,47.7474362,46.5348052,47.4289609,51.3870848,50.3935088,48.4977385,48.9671085,49.7707024,49.9310752,48.864064,48.5436798,47.9735602,47.5596758,47.6427078,55.9626833,54.9213269,52.0599138,51.4880735,52.855625,52.8870417,52.5960888
POL.1.0.319.0.UUTGI,POL,1.0,0.0,319.0,0.0,UUTGI,Poland,02 Expenditure (ESA 2010),Total expenditure excluding interest: general government :- ESA 2010 ,(Percentage of GDP at current prices (excessive deficit procedure)) ,,,,,,,,,,,,,,,,,,,,,,,,,,,,,,,,,,,,42.0822736,46.4815208,42.4151169,40.9830656,40.2701996,39.8595658,41.5132974,42.1853061,42.5035971,40.5653664,41.6579499,41.9327821,40.6591393,41.9187101,42.4570601,43.4993931,41.5757049,40.4901365,40.6665047,40.714825,39.7452757,39.3478156,39.5699497,39.6163229,40.0642803,46.4451234,42.4746329,41.7235597,44.9694409,47.2871264,46.9468151,46.9219507
PRT.1.0.319.0.UUTGI,PRT,1.0,0.0,319.0,0.0,UUTGI,Portugal,02 Expenditure (ESA 2010),Total expenditure excluding interest: general government :- ESA 2010 ,(Percentage of GDP at current prices (excessive deficit procedure)) ,,,,,,,,,,,,,,,,,,,,,,,,,,,,,,,,,,,,37.0918051,38.3201809,38.6275082,39.5398864,39.6302577,39.6471737,41.1396766,40.9040039,42.7667661,43.7046329,44.212366,42.4595816,41.5443854,42.3739933,47.2759566,48.9707709,45.7615785,44.0060817,45.187934,46.8940275,43.7836075,40.7701439,41.7523191,39.9614825,39.577761,46.2891846,44.9792672,41.9850891,40.3298126,40.860371,40.8119465,40.8395039
ROM.1.0.319.0.UUTGI,ROM,1.0,0.0,319.0,0.0,UUTGI,Romania,02 Expenditure (ESA 2010),Total expenditure excluding interest: general government :- ESA 2010 ,(Percentage of GDP at current prices (excessive deficit procedure)) ,,,,,,,,,,,,,,,,,,,,,,,,,,,,,,,,,,,,32.7188395,31.380349,30.2206658,31.6080167,34.1965011,34.5836873,32.8885251,32.4298375,32.6820469,32.3434345,32.2568455,34.8033012,36.8078167,36.9927907,37.8448262,37.5487721,36.0042232,34.0517377,33.9088301,33.9030655,34.403506,33.4809144,32.481847,33.3708397,35.0289606,40.2247545,38.4063103,39.01081,38.3519346,40.8459681,41.2209398,41.2101381
SVN.1.0.319.0.UUTGI,SVN,1.0,0.0,319.0,0.0,UUTGI,Slovenia,02 Expenditure (ESA 2010),Total expenditure excluding interest: general government :- ESA 2010 ,(Percentage of GDP at current prices (excessive deficit procedure)) ,,,,,,,,,,,,,,,,,,,,,,,,,,,,,,,,,,,,50.8737899,43.1015161,43.050551,44.1980113,44.8610828,45.4134974,46.8141942,45.5934288,45.6192658,45.2193365,45.0877577,44.3061132,42.2195895,44.0623919,48.6627956,49.0678981,49.4961831,47.9566189,55.1157049,47.2515443,46.2156981,43.835953,42.0729338,42.0295523,42.1519443,50.2168446,48.6581938,46.5281538,45.2379818,46.2947448,46.0710843,46.3863684
SVK.1.0.319.0.UUTGI,SVK,1.0,0.0,319.0,0.0,UUTGI,Slovakia,02 Expenditure (ESA 2010),Total expenditure excluding interest: general government :- ESA 2010 ,(Percentage of GDP at current prices (excessive deficit procedure)) ,,,,,,,,,,,,,,,,,,,,,,,,,,,,,,,,,,,,45.5104226,50.3540533,46.1636108,43.6401621,45.0155063,49.1922425,42.2440336,42.4264701,37.5150658,36.2103766,37.3964464,36.7175602,34.5083284,35.1319675,41.7774436,39.7611002,39.2389843,38.2593441,39.2003662,40.0477781,42.3736795,39.2168394,38.3471729,38.3099134,39.4165979,43.3285066,43.8089395,41.960488,47.3024133,45.7827933,46.6669745,45.8074675
FIN.1.0.319.0.UUTGI,FIN,1.0,0.0,319.0,0.0,UUTGI,Finland,02 Expenditure (ESA 2010),Total expenditure excluding interest: general government :- ESA 2010 ,(Percentage of GDP at current prices (excessive deficit procedure)) ,,,,,,,,,,,,,,,,38.0361152,39.24381,40.9831705,40.5564405,39.4860266,39.1767266,40.0417521,41.5885805,42.9841401,42.8209272,44.5738296,45.3342444,46.1709776,44.9033674,43.0226937,46.5570452,54.90972,59.3929621,59.8011955,58.5121455,57.1800028,55.3958245,51.9943303,48.8968787,48.07468,45.2201839,44.7255779,46.4295338,47.519016,47.4313504,47.4074794,46.5703658,45.1531335,46.479591,52.7641896,52.6163053,52.3498014,54.1800996,55.7600358,56.321197,54.5230075,53.9535595,51.8072504,51.6888381,51.747038,55.7826784,54.605168,52.0697119,54.5832724,55.8514197,55.3676779,54.6597658
SWE.1.0.319.0.UUTGI,SWE,1.0,0.0,319.0,0.0,UUTGI,Sweden,02 Expenditure (ESA 2010),Total expenditure excluding interest: general government :- ESA 2010 ,(Percentage of GDP at current prices (excessive deficit procedure)) ,,,,,,,,,,,,,,,,,,,,,,,,,,,,,,,,,,65.1868116,62.4103653,58.1005035,55.8347929,53.7712205,52.1218735,52.2395099,49.7805952,49.9614141,50.7325497,51.8376426,50.7967625,50.374683,49.3825529,47.7490006,48.8317572,51.4502199,49.72968,48.9501152,50.3638329,51.5774795,51.0981327,49.7801734,49.9213216,49.7443871,50.2394052,49.3067469,52.7177972,49.6867084,48.4191106,48.7420578,50.1380998,49.300879,48.2446562
GBR.1.0.319.0.UUTGI,GBR,1.0,0.0,319.0,0.0,UUTGI,United Kingdom,02 Expenditure (ESA 2010),Total expenditure excluding interest: general government :- ESA 2010 ,(Percentage of GDP at current prices (excessive deficit procedure)) ,,,,,,,,,,,,,,,,,,,,,,,,,,,,,,,,,,,,,,,,,,,,,,,,,,,,,,,,,,,,,,,,,43.7249286,43.7748312,43.6677134
ALB.1.0.319.0.UUTGI,ALB,1.0,0.0,319.0,0.0,UUTGI,Albania,02 Expenditure (ESA 2010),Total expenditure excluding interest: general government :- ESA 2010 ,(Percentage of GDP at current prices (excessive deficit procedure)) ,,,,,,,,,,,,,,,,,,,,,,,,,,,,,,,,,,,,,,,,,,,,,,25.6553889,26.7904837,26.936532,29.6282341,30.0332899,25.9064578,25.7706285,25.1155492,25.9829128,28.5797088,27.8059813,26.9202457,27.6985322,,,,,,,,,29.2864613
MNE.1.0.319.0.UUTGI,MNE,1.0,0.0,319.0,0.0,UUTGI,Montenegro,02 Expenditure (ESA 2010),Total expenditure excluding interest: general government :- ESA 2010 ,(Percentage of GDP at current prices (excessive deficit procedure)) ,,,,,,,,,,,,,,,,,,,,,,,,,,,,,,,,,,,,,,,,,,,,,,,,,,,,,,,,,,,43.9854776,42.7048995,53.0324569,43.8112498,41.8145111,39.8614514,45.8627026,46.0923885,46.0341993
MKD.1.0.319.0.UUTGI,MKD,1.0,0.0,319.0,0.0,UUTGI,North Macedonia,02 Expenditure (ESA 2010),Total expenditure excluding interest: general government :- ESA 2010 ,(Percentage of GDP at current prices (excessive deficit procedure)) ,,,,,,,,,,,,,,,,,,,,,,,,,,,,,,,,,,,,,,,,,,,,,,,,,,,,,,,,,,,17.5554285,17.6848606,21.1122343,19.2338134,22.5957196,21.3547262,21.1734405,30.2389983,29.2342248
SRB.1.0.319.0.UUTGI,SRB,1.0,0.0,319.0,0.0,UUTGI,Serbia,02 Expenditure (ESA 2010),Total expenditure excluding interest: general government :- ESA 2010 ,(Percentage of GDP at current prices (excessive deficit procedure)) ,,,,,,,,,,,,,,,,,,,,,,,,,,,,,,,,,,,,,,,,,,,,,,,,,,,,,,,,37.9240927,37.2178319,35.9848038,36.8568955,38.0549852,44.4948781,43.1973261,42.9690008,39.6733252,42.213538,42.4251898,42.1841076
TUR.1.0.319.0.UUTGI,TUR,1.0,0.0,319.0,0.0,UUTGI,Turkey,02 Expenditure (ESA 2010),Total expenditure excluding interest: general government :- ESA 2010 ,(Percentage of GDP at current prices (excessive deficit procedure)) ,,,,,,,,,,,,,,,,,,,,,,,,,,,,,,,,,,,,,,,,,,,,,,,,,,33.175459,31.4866143,30.3195979,30.3531789,30.2626362,29.7224247,29.7863332,31.8775512,31.807716,31.9009299,32.9776827,33.0073823,29.446491,25.9422763,31.796676,32.7377428,36.4608085,37.6288564
ISL.1.0.319.0.UUTGI,ISL,1.0,0.0,319.0,0.0,UUTGI,Iceland,02 Expenditure (ESA 2010),Total expenditure excluding interest: general government :- ESA 2010 ,(Percentage of GDP at current prices (excessive deficit procedure)) ,,,,,,,,,,,,,,,,,,,,,,,,,,,,,,,,,,,,,,,36.9209281,37.7523127,37.9299495,38.1152507,39.8211789,41.3807887,40.2377353,39.5262653,38.6852865,38.400566,51.8096361,41.5017712,40.7207104,41.7630113,38.785723,37.8658143,39.0295056,36.6959379,40.3739716,38.7031379,38.9132189,39.2664415,47.0444925,45.4418516,40.823718,40.1294754,38.5438601,38.126431,38.0974615
NOR.1.0.319.0.UUTGI,NOR,1.0,0.0,319.0,0.0,UUTGI,Norway,02 Expenditure (ESA 2010),Total expenditure excluding interest: general government :- ESA 2010 ,(Percentage of GDP at current prices (excessive deficit procedure)) ,,,,,,,,,,,,,,,,,,,,,,,,,,,,,,,,,,,,48.0373529,45.9463226,44.7201535,46.9740471,45.8238417,40.8032564,42.1532283,45.2544361,46.3778289,43.8250053,40.7380034,38.6399481,38.9710674,38.3458518,44.984531,44.0878791,42.9902677,42.2724551,43.4296282,45.2417565,48.2851322,50.677993,49.6226268,48.0568174,50.5594065,57.2189827,46.8691105,37.9746294,45.5778406,45.1154532,46.247453,45.9833154
CHE.1.0.319.0.UUTGI,CHE,1.0,0.0,319.0,0.0,UUTGI,Switzerland,02 Expenditure (ESA 2010),Total expenditure excluding interest: general government :- ESA 2010 ,(Percentage of GDP at current prices (excessive deficit procedure)) ,,,,,,,,,,,,,,,,,,,,,,,,,,,,,,,,,,,,31.4788564,32.169985,32.1539235,31.8884018,32.5522986,31.6374321,31.0591693,33.5680675,32.8957599,32.6750317,31.9819885,30.1517342,29.181499,29.8138393,31.7855094,31.5376093,31.6188943,32.0022716,33.0235176,32.7121711,33.0780359,33.202274,33.306816,32.6675203,32.9641383,38.0493131,35.4439909,32.3335549,34.2861612,34.3889833,34.7403678,34.1817167
JPN.1.0.319.0.UUTGI,JPN,1.0,0.0,319.0,0.0,UUTGI,Japan,02 Expenditure (ESA 2010),Total expenditure excluding interest: general government :- ESA 2010 ,(Percentage of GDP at current prices (excessive deficit procedure)) ,,,,,,,,,,,,,,,,,,,,,,29.2758296,29.1862079,29.1315388,28.2328161,27.1899176,27.3532433,27.8086766,27.1920638,26.5121626,26.7447466,26.8112779,27.8977794,29.6590643,30.2597628,30.853841,31.3431253,30.6264757,36.6648002,33.0924751,33.5428769,33.0914905,33.5450992,33.3844624,32.4769943,33.3160568,32.8126454,32.7421272,33.7037663,38.3493582,37.4604821,38.2736197,38.2634926,38.4221682,38.075542,37.0553032,37.0122341,36.5634916,36.7022373,37.3023967,44.5327035,42.5719713,41.7936802,41.2565583,41.5301007,40.9702021,40.6121723
USA.1.0.319.0.UUTGI,USA,1.0,0.0,319.0,0.0,UUTGI,United States,02 Expenditure (ESA 2010),Total expenditure excluding interest: general government :- ESA 2010 ,(Percentage of GDP at current prices (excessive deficit procedure)) ,,,,,,,,,,,30.1051986,30.3773876,30.2267983,29.0312872,30.0621973,32.2800587,30.8803403,29.9514465,29.0059232,28.7307699,30.2664362,30.0961541,31.8137598,31.7823864,30.4192353,30.8752589,31.3323715,31.2722094,30.5141396,30.4732185,31.4152568,32.1191875,33.1424636,32.8068622,32.0398983,31.7627713,31.3198661,30.438638,29.9528723,29.9336156,29.8756642,31.3821894,32.7124775,33.2092315,33.0144004,33.0305156,32.6881102,33.3037451,35.7440103,38.9855497,38.787868,37.5487476,35.8421173,34.8131648,34.2678198,34.0361822,34.2097089,33.9232429,33.7867867,34.2051771,43.3004614,41.0692951,35.0825529,34.8239635,35.1584533,35.0149645,34.8864745
EU27.1.0.319.0.UBLGI,EU27,1.0,0.0,319.0,0.0,UBLGI,European Union,03 Net lending (ESA 2010),Net lending (+) or net borrowing (-) excluding interest: general government :- ESA 2010 ,(Percentage of GDP at current prices (excessive deficit procedure)) ,,,,,,,,,,,,,,,,,,,,,,,,,,,,,,,,,,,,-1.8999225,1.0427925,1.8456882,2.0726114,2.4388173,2.5614676,1.6851726,0.6187968,0.0128379,0.2267736,0.4460596,1.2848017,2.165915,0.7092989,-3.3367048,-3.3508031,-1.2034883,-0.8382804,-0.4278755,0.0241447,0.3017356,0.6506163,0.9607553,1.3274357,1.0730239,-5.2655666,-3.2632935,-1.6144524,-1.7751624,-1.2221332,-1.0259123,-0.8573551
EU15.1.0.319.0.UBLGI,EU15,1.0,0.0,319.0,0.0,UBLGI,European Union (15 countries),03 Net lending (ESA 2010),Net lending (+) or net borrowing (-) excluding interest: general government :- ESA 2010 ,(Percentage of GDP at current prices (excessive deficit procedure)) ,,,,,,,,,,,,,,,,,,,,,,,,,,,,,,,,,,,,-1.8646474,0.92757,1.8502337,2.3827373,2.7944354,3.0739612,2.045865,0.7172948,-0.0312326,0.0903803,0.3473733,1.1150113,1.8836432,0.3248908,-3.9322214,-3.7340153,-1.5289385,-1.4634045,-0.6912351,-0.3562222,-0.1219809,0.4593233,0.8946262,1.2337706,0.9566644,-6.1562029,-3.5748779,-1.2937208,-1.768732,-1.1996176,-0.9087174,-0.681391
EA19.1.0.319.0.UBLGI,EA19,1.0,0.0,319.0,0.0,UBLGI,Euro area (19 countries),03 Net lending (ESA 2010),Net lending (+) or net borrowing (-) excluding interest: general government :- ESA 2010 ,(Percentage of GDP at current prices (excessive deficit procedure)) ,,,,,,,,,,,,,,,,,,,,,,,,,,,,,,,,,,,,-2.0373295,0.9933035,1.8017874,2.0260461,2.4214684,2.5212933,1.7206712,0.7245169,0.0901778,0.1643193,0.2830108,1.2464852,2.1371071,0.7032119,-3.4234448,-3.5346735,-1.2190103,-0.8230519,-0.4150059,0.0937335,0.3316096,0.6533273,0.9373967,1.3886333,1.0811014,-5.4829284,-3.6656868,-1.7988933,-1.8532369,-1.0954729,-0.8816048,-0.7245303
EA20.1.0.319.0.UBLGI,EA20,1.0,0.0,319.0,0.0,UBLGI,Euro area,03 Net lending (ESA 2010),Net lending (+) or net borrowing (-) excluding interest: general government :- ESA 2010 ,(Percentage of GDP at current prices (excessive deficit procedure)) ,,,,,,,,,,,,,,,,,,,,,,,,,,,,,,,,,,,,-2.0284536,0.9793053,1.8049965,2.0211771,2.389995,2.4905638,1.7065491,0.7106977,0.0782368,0.1472702,0.2763179,1.2398102,2.1248489,0.6968683,-3.4301937,-3.5382493,-1.2362795,-0.8303802,-0.4239914,0.0858534,0.3298798,0.6592789,0.9472974,1.3925053,1.0872337,-5.4819249,-3.6534194,-1.7825692,-1.8390342,-1.0929308,-0.8801872,-0.7229212
EA12.1.0.319.0.UBLGI,EA12,1.0,0.0,319.0,0.0,UBLGI,Euro area (12 countries),03 Net lending (ESA 2010),Net lending (+) or net borrowing (-) excluding interest: general government :- ESA 2010 ,(Percentage of GDP at current prices (excessive deficit procedure)) ,,,,,,,,,,,,,,,,,,,,,,,,,,,,,,,,,,,,-2.037012,1.0266489,1.8519944,2.0662676,2.4738668,2.5881277,1.7658294,0.7566063,0.0993048,0.1683551,0.2866198,1.2685186,2.1632811,0.7438209,-3.3773684,-3.5121334,-1.1809563,-0.7851588,-0.3782892,0.1180091,0.3365947,0.6543438,0.9246205,1.4020561,1.0821133,-5.4978255,-3.6776016,-1.8200072,-1.8536289,-1.07063,-0.8592846,-0.705816
BEL.1.0.319.0.UBLGI,BEL,1.0,0.0,319.0,0.0,UBLGI,Belgium,03 Net lending (ESA 2010),Net lending (+) or net borrowing (-) excluding interest: general government :- ESA 2010 ,(Percentage of GDP at current prices (excessive deficit procedure)) ,,,,,,,,,,,,,,,,,,,,,,,,,,,,,,,,,,,,4.4901137,4.5705971,5.6635052,6.4443105,6.2879167,6.6348931,6.8043228,5.7954833,3.5525579,4.6192352,1.6899563,4.3828185,4.095642,2.9341869,-1.4937529,-0.491958,-0.852578,-0.7876064,0.1873212,0.1171479,0.5078236,0.3425234,1.6491613,1.1293346,-0.0398795,-7.0667033,-3.7001466,-2.0432314,-2.1875649,-2.4204536,-2.6319736,-2.9353003
BGR.1.0.319.0.UBLGI,BGR,1.0,0.0,319.0,0.0,UBLGI,Bulgaria,03 Net lending (ESA 2010),Net lending (+) or net borrowing (-) excluding interest: general government :- ESA 2010 ,(Percentage of GDP at current prices (excessive deficit procedure)) ,,,,,,,,,,,,,,,,,,,,,,,,,,,,,,,,,,,,4.2330365,7.576104,7.9942792,4.9561527,3.7072325,4.1767289,4.8517605,1.1497353,2.1387683,3.6299825,3.1654346,3.9566531,1.1060802,2.2574696,-3.7143282,-2.9684487,-1.0299986,-0.0110112,0.0351353,-4.5209797,-0.9401439,1.2001119,2.4317567,2.390108,2.7089443,-3.2666215,-3.4360547,-2.4978613,-1.5089144,-2.039168,-2.2332899,-2.2616503
CZE.1.0.319.0.UBLGI,CZE,1.0,0.0,319.0,0.0,UBLGI,Czechia,03 Net lending (ESA 2010),Net lending (+) or net borrowing (-) excluding interest: general government :- ESA 2010 ,(Percentage of GDP at current prices (excessive deficit procedure)) ,,,,,,,,,,,,,,,,,,,,,,,,,,,,,,,,,,,,-11.2890032,-1.8615571,-2.0971811,-3.0772047,-2.1758278,-2.7900571,-4.8387582,-5.2551964,-5.8383162,-1.3326416,-1.9876278,-1.1576227,0.387359,-1.0078354,-4.2317016,-2.8537161,-1.4171177,-2.5132904,0.0211561,-0.8112397,0.3876553,1.5891291,2.1851223,1.6054354,0.9639712,-4.9060467,-4.2290324,-1.9573405,-2.4936743,-1.1254513,-0.9467792,-0.5699645
DNK.1.0.319.0.UBLGI,DNK,1.0,0.0,319.0,0.0,UBLGI,Denmark,03 Net lending (ESA 2010),Net lending (+) or net borrowing (-) excluding interest: general government :- ESA 2010 ,(Percentage of GDP at current prices (excessive deficit procedure)) ,,,,,,,,,,,,,,,,,,,,,,,,,,,,,,,,,,,,2.4605176,3.3412225,3.9390036,4.3768322,5.2701883,5.6205112,4.3816242,3.2388006,2.787837,4.6128494,7.0834236,6.9447643,6.821466,4.8721326,-0.9493914,-0.7547593,0.0437645,-1.5625974,0.614139,2.7811482,0.3645443,1.3629657,2.4522862,1.6144559,5.0222329,0.8807733,4.5912008,4.1559959,3.9674237,2.9517286,2.0185914,1.4556662
DEU.1.0.319.0.UBLGI,DEU,1.0,0.0,319.0,0.0,UBLGI,Germany,03 Net lending (ESA 2010),Net lending (+) or net borrowing (-) excluding interest: general government :- ESA 2010 ,(Percentage of GDP at current prices (excessive deficit procedure)) ,,,,,,,,,,,,,,,,,,,,,,,,,,,,,,,,-0.5060913,0.4843002,0.0800642,0.7862809,-5.9322712,-0.1762973,0.3685479,0.7013267,1.2277349,1.457087,-0.1093586,-1.1116059,-0.9254243,-0.637974,-0.6407506,0.9329069,2.8173407,2.4052006,-0.561873,-1.9788919,1.6342469,2.2376963,1.932633,2.3241222,2.3058999,2.3192256,2.373383,2.811173,2.1217693,-3.7320632,-2.5759018,-1.441734,-1.6952372,-1.1307821,-0.8886503,-0.6546463
EST.1.0.319.0.UBLGI,EST,1.0,0.0,319.0,0.0,UBLGI,Estonia,03 Net lending (ESA 2010),Net lending (+) or net borrowing (-) excluding interest: general government :- ESA 2010 ,(Percentage of GDP at current prices (excessive deficit procedure)) ,,,,,,,,,,,,,,,,,,,,,,,,,,,,,,,,,,,,1.5096239,0.2255453,2.4885196,-0.1744951,-2.9277459,0.2171222,0.5070093,0.7054439,2.0384808,2.6340492,1.3512037,3.0152176,2.8581601,-2.4327694,-2.5395293,-0.3256054,0.7227393,-0.2770013,-0.1335892,0.9378569,0.3155508,-0.0419127,-0.484041,-0.5367179,-0.0716492,-5.3533313,-2.5057032,-0.9637019,-2.4892782,-2.3550757,-2.3750237,-2.3077568
IRL.1.0.319.0.UBLGI,IRL,1.0,0.0,319.0,0.0,UBLGI,Ireland,03 Net lending (ESA 2010),Net lending (+) or net borrowing (-) excluding interest: general government :- ESA 2010 ,(Percentage of GDP at current prices (excessive deficit procedure)) ,,,,,,,,,,,,,,,,,,,,,,,,,,,,,,,,,,,,3.0632553,4.1986734,5.0745864,5.4111105,5.8970457,6.7976223,2.3984109,0.7993506,1.565084,2.3949195,2.5930267,3.7759799,1.2751345,-5.7474523,-11.8575002,-29.2730631,-10.1233059,-4.2770338,-2.0302663,0.2665594,0.5738883,1.5093814,1.617417,1.6784935,1.6794393,-3.8783942,-0.6669389,2.2880959,2.1541055,5.0637009,2.0442163,1.841514
GRC.1.0.319.0.UBLGI,GRC,1.0,0.0,319.0,0.0,UBLGI,Greece,03 Net lending (ESA 2010),Net lending (+) or net borrowing (-) excluding interest: general government :- ESA 2010 ,(Percentage of GDP at current prices (excessive deficit procedure)) ,,,,,,,,,,,,,,,,,,,,,,,,,,,,,,,,,,,,0.9774517,2.1487301,2.3454661,1.4799376,1.8598247,2.8936297,0.8457751,-0.4682123,-3.0144286,-4.1459949,-1.5279295,-1.5543712,-2.240901,-5.4336307,-10.3144123,-5.3155212,-2.833272,-3.8918949,-9.4327282,0.2430826,-2.3237529,3.4279521,3.8612355,4.2665182,3.7952015,-6.6055867,-4.4735202,0.0317531,2.0684112,2.9190994,2.8576196,3.198106
ESP.1.0.319.0.UBLGI,ESP,1.0,0.0,319.0,0.0,UBLGI,Spain,03 Net lending (ESA 2010),Net lending (+) or net borrowing (-) excluding interest: general government :- ESA 2010 ,(Percentage of GDP at current prices (excessive deficit procedure)) ,,,,,,,,,,,,,,,,,,,,,,,,,,,,,,,,,,,,-1.8526525,-0.8346525,0.6773018,1.4390911,2.1713858,2.0021033,2.5145586,2.3149235,1.9247947,1.8792897,2.9761174,3.7304373,3.461214,-2.9834633,-9.526743,-7.5900645,-7.2062993,-8.4695028,-3.924528,-2.5034915,-2.1966458,-1.4403807,-0.5375958,-0.1113608,-0.8128674,-7.6841059,-4.5329971,-2.2808196,-1.1320649,-0.4638483,-0.0896521,-0.090609
FRA.1.0.319.0.UBLGI,FRA,1.0,0.0,319.0,0.0,UBLGI,France,03 Net lending (ESA 2010),Net lending (+) or net borrowing (-) excluding interest: general government :- ESA 2010 ,(Percentage of GDP at current prices (excessive deficit procedure)) ,,,,,,,,,,,,,,,,,,,-0.772626,0.6573034,0.7983627,-0.7150647,-1.099869,-0.3379762,-0.4087194,-0.4506504,-0.648131,0.4524099,-0.1959839,0.6760149,0.2367873,-0.0657534,-1.6384919,-3.1604494,-2.1155872,-1.6523365,-0.2815296,-0.1604287,0.9946464,1.5338158,1.6466519,1.6352053,-0.1474596,-1.2117823,-0.7540323,-0.7920501,-0.054306,-0.3013866,-0.629186,-4.832651,-4.6116802,-2.5890465,-2.5401876,-2.607388,-2.3767198,-1.8612506,-1.8637038,-1.5725403,-0.5500469,-0.8781038,-7.6505256,-5.1971331,-2.8191426,-3.615675,-4.0510629,-2.7339694,-2.5454793
HRV.1.0.319.0.UBLGI,HRV,1.0,0.0,319.0,0.0,UBLGI,Croatia,03 Net lending (ESA 2010),Net lending (+) or net borrowing (-) excluding interest: general government :- ESA 2010 ,(Percentage of GDP at current prices (excessive deficit procedure)) ,,,,,,,,,,,,,,,,,,,,,,,,,,,,,,,,,,,,0.9149841,-3.4512132,2.7327688,0.6689256,-7.0953172,-6.6621129,-2.305501,-2.9504801,-2.9418316,-3.9785141,-1.2650188,-0.2291417,-0.4786488,-0.5665946,-4.8040081,-4.2846878,-4.9626595,-2.448516,-2.4322019,-1.7389545,-0.0737416,2.0235587,3.1788153,2.2460174,2.4157524,-5.2531075,-1.0159934,1.5146033,0.8027062,-0.6494686,-0.6399348,-0.4537018
ITA.1.0.319.0.UBLGI,ITA,1.0,0.0,319.0,0.0,UBLGI,Italy,03 Net lending (ESA 2010),Net lending (+) or net borrowing (-) excluding interest: general government :- ESA 2010 ,(Percentage of GDP at current prices (excessive deficit procedure)) ,,,,,,,,,,,,,,,,,,,,,,,,,,,,,,,,,,,,3.8841179,4.4220667,6.1391211,4.8460609,4.594201,3.6824433,2.8623215,2.5407918,1.7143947,1.1192185,0.3858384,0.80975,3.4022018,2.3243027,-0.6692731,0.0944408,1.095355,2.1331393,1.9154847,1.7321051,1.6361669,1.4817668,1.2362331,1.4286643,1.8875687,-5.9581013,-5.4347679,-3.992379,-3.5120748,0.1291155,0.5428607,1.0905879
CYP.1.0.319.0.UBLGI,CYP,1.0,0.0,319.0,0.0,UBLGI,Cyprus,03 Net lending (ESA 2010),Net lending (+) or net borrowing (-) excluding interest: general government :- ESA 2010 ,(Percentage of GDP at current prices (excessive deficit procedure)) ,,,,,,,,,,,,,,,,,,,,,,,,,,,,,,,,,,,,1.60582,-0.1729432,-2.0194806,-0.3278225,-0.6730678,1.384618,1.4478549,-0.7922849,-2.5425662,-0.5852874,1.0774299,1.9343762,5.9909031,3.3057086,-3.3107636,-3.0979702,-3.7964395,-11.8751273,-2.3597103,-5.4848194,2.3617725,3.0840725,4.6055521,-1.0170678,3.2050118,-3.5380925,0.0510123,3.9591074,3.3133388,4.6831107,3.7980333,3.7146376
LVA.1.0.319.0.UBLGI,LVA,1.0,0.0,319.0,0.0,UBLGI,Latvia,03 Net lending (ESA 2010),Net lending (+) or net borrowing (-) excluding interest: general government :- ESA 2010 ,(Percentage of GDP at current prices (excessive deficit procedure)) ,,,,,,,,,,,,,,,,,,,,,,,,,,,,,,,,,,,,-0.6637033,0.9079187,2.3479179,0.6934467,-3.1855719,-1.8329462,-1.0618032,-1.6533812,-0.8454768,-0.4632666,0.0696807,-0.0799027,-0.1978211,-3.8661967,-8.2255692,-6.9777941,-2.5884986,0.2841123,0.3116661,-0.2922708,-0.2110405,1.1042457,0.7177579,-0.5538577,0.5989786,-3.3628133,-6.6774352,-4.3498365,-1.650343,-1.6968707,-1.9326443,-1.8214001
LTU.1.0.319.0.UBLGI,LTU,1.0,0.0,319.0,0.0,UBLGI,Lithuania,03 Net lending (ESA 2010),Net lending (+) or net borrowing (-) excluding interest: general government :- ESA 2010 ,(Percentage of GDP at current prices (excessive deficit procedure)) ,,,,,,,,,,,,,,,,,,,,,,,,,,,,,,,,,,,,-1.1926898,-2.4031397,-10.9694956,-1.8916557,-1.3454355,-1.4497649,-2.0212488,-0.54977,-0.0293865,-0.4925517,0.4221866,0.4270906,-0.1532683,-2.4290841,-7.8199089,-5.1042116,-4.0600082,-1.1642449,-0.9247569,-0.0865144,0.8386593,1.4590154,1.5496321,1.4823472,1.3393792,-5.7014272,-0.6797853,-0.3722456,-0.0987901,-1.253134,-1.4396727,-1.4493862
LUX.1.0.319.0.UBLGI,LUX,1.0,0.0,319.0,0.0,UBLGI,Luxembourg,03 Net lending (ESA 2010),Net lending (+) or net borrowing (-) excluding interest: general government :- ESA 2010 ,(Percentage of GDP at current prices (excessive deficit procedure)) ,,,,,,,,,,,,,,,,,,,,,,,,,,,,,,,,,,,,3.2203939,2.7537312,2.8745401,3.2467561,3.5073896,5.8795277,5.9341563,2.2975808,0.5146166,-1.2070854,-0.016446,2.1270781,4.6435754,3.7215106,0.1524427,0.0941213,1.1593858,0.9840469,1.3417392,1.7437671,1.7089595,2.2628601,1.7362922,3.5281921,3.0050521,-2.8707804,1.1630735,0.3433683,-0.3985519,-0.2299846,-0.4258668,-0.2193473
HUN.1.0.319.0.UBLGI,HUN,1.0,0.0,319.0,0.0,UBLGI,Hungary,03 Net lending (ESA 2010),Net lending (+) or net borrowing (-) excluding interest: general government :- ESA 2010 ,(Percentage of GDP at current prices (excessive deficit procedure)) ,,,,,,,,,,,,,,,,,,,,,,,,,,,,,,,,,,,,0.148571,4.6548758,2.8866555,-0.3612194,1.418014,2.2414579,0.7032938,-4.7945288,-3.1582215,-2.2640964,-3.7260102,-5.4214858,-1.0533318,0.2741948,-0.2483433,-0.3379774,-1.0789564,2.2323859,1.9126748,1.1875223,1.4354844,1.2873965,0.1880652,0.275241,0.1885225,-5.1772093,-4.8688467,-3.3686297,-1.9656447,-0.4364957,-0.5784899,-0.1217174
MLT.1.0.319.0.UBLGI,MLT,1.0,0.0,319.0,0.0,UBLGI,Malta,03 Net lending (ESA 2010),Net lending (+) or net borrowing (-) excluding interest: general government :- ESA 2010 ,(Percentage of GDP at current prices (excessive deficit procedure)) ,,,,,,,,,,,,,,,,,,,,,,,,,,,,,,,,,,,,-1.6652298,-5.7141967,-4.6082543,-6.3054274,-2.8398161,-1.4368827,-2.3643543,-1.4866799,-5.4482407,-0.536658,0.9706415,1.2675237,1.436436,-0.7552289,0.0858826,0.7621707,0.1308154,-0.3730216,0.5719993,1.1398609,1.427396,3.128584,5.084666,3.2759248,1.9802442,-7.5407932,-5.9519208,-4.3344415,-3.5011395,-2.8338354,-2.1884322,-1.6875856
NLD.1.0.319.0.UBLGI,NLD,1.0,0.0,319.0,0.0,UBLGI,Netherlands,03 Net lending (ESA 2010),Net lending (+) or net borrowing (-) excluding interest: general government :- ESA 2010 ,(Percentage of GDP at current prices (excessive deficit procedure)) ,,,,,,,,,,,,,,,,,,,,,,,,,,,,,,,,,,,,-3.3808843,3.0889082,3.0473949,3.022751,4.3218618,4.5743944,2.5427537,0.4635107,-0.71606,0.5844917,1.7379529,2.114925,1.8075549,2.1354247,-2.9990177,-3.3973954,-2.5626017,-2.0968291,-1.1818495,-0.7226356,-0.4380877,1.4150727,2.3357186,2.3794795,2.5586701,-2.9147677,-1.6553194,0.5800849,0.3268081,0.5598918,-1.0835255,-1.5754132
AUT.1.0.319.0.UBLGI,AUT,1.0,0.0,319.0,0.0,UBLGI,Austria,03 Net lending (ESA 2010),Net lending (+) or net borrowing (-) excluding interest: general government :- ESA 2010 ,(Percentage of GDP at current prices (excessive deficit procedure)) ,,,,,,,,,,,,,,,,,,,,,,,,,,,,,,,,,,,,-2.1523616,-0.615015,0.9871458,0.8426294,0.8232343,1.1766289,2.9179896,2.0522159,1.3673742,-1.8884374,0.6778944,0.5639452,1.8153298,1.403801,-2.1706537,-1.5008811,0.3613495,0.6094866,0.6643914,0.5415895,1.8748403,0.6446674,1.0717355,1.8282653,1.9676388,-6.8542242,-4.58837,-2.3562153,-1.4167586,-2.1237626,-2.2191228,-2.0260428
POL.1.0.319.0.UBLGI,POL,1.0,0.0,319.0,0.0,UBLGI,Poland,03 Net lending (ESA 2010),Net lending (+) or net borrowing (-) excluding interest: general government :- ESA 2010 ,(Percentage of GDP at current prices (excessive deficit procedure)) ,,,,,,,,,,,,,,,,,,,,,,,,,,,,,,,,,,,,1.4137611,-0.1284689,-0.0863945,-0.1968232,0.6611016,-0.9843428,-1.6193708,-1.9355393,-3.0691729,-2.2918069,-1.4702107,-1.1671597,0.2949312,-1.4882763,-4.7901928,-4.9304616,-2.4321343,-1.11537,-1.7030495,-1.6943354,-0.8436728,-0.6785944,0.0750688,1.1793236,0.6246518,-5.563185,-0.6515079,-1.9072835,-3.209686,-3.5335849,-2.9848899,-2.7767606
PRT.1.0.319.0.UBLGI,PRT,1.0,0.0,319.0,0.0,UBLGI,Portugal,03 Net lending (ESA 2010),Net lending (+) or net borrowing (-) excluding interest: general government :- ESA 2010 ,(Percentage of GDP at current prices (excessive deficit procedure)) ,,,,,,,,,,,,,,,,,,,,,,,,,,,,,,,,,,,,0.357638,0.0912544,0.1259638,-1.2476496,-0.0859508,-0.1637666,-1.7531945,-0.451828,-3.0409838,-3.6348496,-3.5622225,-1.3845143,0.0911197,-0.6992075,-6.8926835,-8.5019294,-3.4610193,-1.3745207,-0.4447032,-2.5504851,0.0595342,2.1521536,0.7313213,2.8941795,3.0192098,-2.9183311,-0.4615376,1.5784333,3.2810075,2.622561,2.5458335,2.4824639
ROM.1.0.319.0.UBLGI,ROM,1.0,0.0,319.0,0.0,UBLGI,Romania,03 Net lending (ESA 2010),Net lending (+) or net borrowing (-) excluding interest: general government :- ESA 2010 ,(Percentage of GDP at current prices (excessive deficit procedure)) ,,,,,,,,,,,,,,,,,,,,,,,,,,,,,,,,,,,,-0.4191522,-1.7782344,-0.0047059,0.7452503,0.6343603,-0.6466922,-0.0112444,0.5236042,0.2198339,0.3719426,0.4350525,-1.2989749,-2.0591222,-4.6896679,-7.6177259,-5.3056217,-3.6255162,-1.7949672,-0.3759139,0.4308684,0.9483283,-1.2012831,-1.4361325,-1.847883,-3.2935192,-7.9618324,-5.7974823,-5.0029148,-4.6270802,-6.0024261,-5.7912304,-5.7723564
SVN.1.0.319.0.UBLGI,SVN,1.0,0.0,319.0,0.0,UBLGI,Slovenia,03 Net lending (ESA 2010),Net lending (+) or net borrowing (-) excluding interest: general government :- ESA 2010 ,(Percentage of GDP at current prices (excessive deficit procedure)) ,,,,,,,,,,,,,,,,,,,,,,,,,,,,,,,,,,,,-6.0487324,0.9397484,0.0026064,-0.2314426,-0.7180414,-1.3756732,-2.2335458,-0.2764621,-0.7055785,-0.2862417,0.184946,0.1407918,1.1905174,-0.3244392,-4.5349822,-3.900193,-4.7713283,-2.1465159,-8.6172879,-1.2221858,0.4411609,1.0742716,2.5914312,2.9252499,2.3114038,-6.0961688,-3.3764911,-1.8867742,-1.3233833,-1.0249287,-0.7173085,-0.6806166
SVK.1.0.319.0.UBLGI,SVK,1.0,0.0,319.0,0.0,UBLGI,Slovakia,03 Net lending (ESA 2010),Net lending (+) or net borrowing (-) excluding interest: general government :- ESA 2010 ,(Percentage of GDP at current prices (excessive deficit procedure)) ,,,,,,,,,,,,,,,,,,,,,,,,,,,,,,,,,,,,-1.0969796,-7.2248996,-3.8423904,-2.8183595,-3.8617271,-8.6434569,-3.7484701,-4.7855979,0.253331,-0.1628376,-1.1184285,-2.1059801,-0.8406049,-1.1880686,-6.7260801,-6.1577215,-2.8102935,-2.5854629,-0.9611125,-1.3198402,-1.0292834,-0.9111562,0.45174,0.3340871,0.0271821,-4.1246564,-4.0095131,-0.6347616,-4.0444558,-4.4269686,-3.259054,-2.4653245
FIN.1.0.319.0.UBLGI,FIN,1.0,0.0,319.0,0.0,UBLGI,Finland,03 Net lending (ESA 2010),Net lending (+) or net borrowing (-) excluding interest: general government :- ESA 2010 ,(Percentage of GDP at current prices (excessive deficit procedure)) ,,,,,,,,,,,,,,,,5.5330273,8.2490702,7.0068429,4.6110475,4.2992987,4.6632587,6.1450995,4.2327559,2.943028,4.8082265,5.067981,5.4620149,3.2268687,6.6550083,8.1414129,6.6863783,0.9387754,-2.8488693,-3.6659692,-2.3648401,-1.9948402,0.9188346,2.8827056,5.0892212,4.5843579,9.6006922,7.5332093,6.1135812,4.2566935,3.9069932,4.2704626,5.4812826,6.5284215,5.5762331,-1.1533276,-1.173019,0.4695049,-0.6338021,-1.1754473,-1.6909961,-1.2065159,-0.5511851,0.4129841,0.1052155,-0.0817548,-4.8640577,-2.1437989,0.3889164,-1.8256988,-2.4722336,-1.489856,-0.9547662
SWE.1.0.319.0.UBLGI,SWE,1.0,0.0,319.0,0.0,UBLGI,Sweden,03 Net lending (ESA 2010),Net lending (+) or net borrowing (-) excluding interest: general government :- ESA 2010 ,(Percentage of GDP at current prices (excessive deficit procedure)) ,,,,,,,,,,,,,,,,,,,,,,,,,,,,,,,,,,-6.3345975,-3.9278343,-1.9341007,2.0451693,3.4240412,5.1541992,4.4396648,6.4372154,4.0261115,1.458416,0.863878,2.046816,3.8926379,3.9572878,5.0662847,3.477885,0.4227546,0.954349,0.8278371,-0.1872192,-0.7692522,-1.1743119,0.2771434,1.3248819,1.7099409,1.1209454,0.8351739,-2.8980211,0.07658,1.504038,0.0932084,-1.2893811,-0.8324284,0.2238701
GBR.1.0.319.0.UBLGI,GBR,1.0,0.0,319.0,0.0,UBLGI,United Kingdom,03 Net lending (ESA 2010),Net lending (+) or net borrowing (-) excluding interest: general government :- ESA 2010 ,(Percentage of GDP at current prices (excessive deficit procedure)) ,,,,,,,,,,,,,,,,,,,,,,,,,,,,2.885727,4.2357689,4.1111757,1.8573537,0.3462619,-2.2290156,-3.5898875,-2.599721,-1.4913239,-0.1476603,1.3400391,3.0678988,3.6031701,4.1617004,2.6271774,0.1973244,-1.0324763,-1.0138836,-0.65387,-0.5631648,-0.2796126,-2.7647465,-8.0360821,-6.1652305,-3.994671,-4.8223304,-2.2985796,-2.6224232,-2.0443518,-0.6673378,0.3986589,0.4184353,-0.0949004,-10.8861195,-4.9020303,-0.1554368,-2.3976215,-2.2389786,-1.4780194,-0.9769367
ALB.1.0.319.0.UBLGI,ALB,1.0,0.0,319.0,0.0,UBLGI,Albania,03 Net lending (ESA 2010),Net lending (+) or net borrowing (-) excluding interest: general government :- ESA 2010 ,(Percentage of GDP at current prices (excessive deficit procedure)) ,,,,,,,,,,,,,,,,,,,,,,,,,,,,,,,,,,,,,,,,,,,,,,-0.2626922,-0.5011845,-0.8753582,-2.6802781,-3.9216924,0.2861699,-0.3578813,-0.3290452,-1.7482429,-2.2970532,-1.3628461,0.6512282,0.0576302,0.6278159,0.2099411,-4.5882335,-2.6521027,-1.7956359,0.6924798,-0.4794778,-0.5758029,-0.1570267
MNE.1.0.319.0.UBLGI,MNE,1.0,0.0,319.0,0.0,UBLGI,Montenegro,03 Net lending (ESA 2010),Net lending (+) or net borrowing (-) excluding interest: general government :- ESA 2010 ,(Percentage of GDP at current prices (excessive deficit procedure)) ,,,,,,,,,,,,,,,,,,,,,,,,,,,,,,,,,,,,,,,,,,,,,,,,,,,,,,,,,,,-1.9519078,0.2496607,-8.3859947,0.4661845,-2.6130904,2.2545745,-1.2312117,-2.0792655,-1.6372224
MKD.1.0.319.0.UBLGI,MKD,1.0,0.0,319.0,0.0,UBLGI,North Macedonia,03 Net lending (ESA 2010),Net lending (+) or net borrowing (-) excluding interest: general government :- ESA 2010 ,(Percentage of GDP at current prices (excessive deficit procedure)) ,,,,,,,,,,,,,,,,,,,,,,,,,,,,,,,,,,,,,,,,,,,,,,,,,,,,,,,,,,,12.8435164,13.6859166,8.8154411,10.6519409,7.1806354,9.5132688,9.9612609,12.7602631,13.0351728
SRB.1.0.319.0.UBLGI,SRB,1.0,0.0,319.0,0.0,UBLGI,Serbia,03 Net lending (ESA 2010),Net lending (+) or net borrowing (-) excluding interest: general government :- ESA 2010 ,(Percentage of GDP at current prices (excessive deficit procedure)) ,,,,,,,,,,,,,,,,,,,,,,,,,,,,,,,,,,,,,,,,,,,,,,,,,,,,,,,,-0.4316938,1.6504588,3.5018591,2.6576423,1.7127578,-5.7804759,-2.3625483,-1.7080442,-0.4579418,-1.3328901,-1.4424645,-1.4295669
TUR.1.0.319.0.UBLGI,TUR,1.0,0.0,319.0,0.0,UBLGI,Turkey,03 Net lending (ESA 2010),Net lending (+) or net borrowing (-) excluding interest: general government :- ESA 2010 ,(Percentage of GDP at current prices (excessive deficit procedure)) ,,,,,,,,,,,,,,,,,,,,,,,,,,,,,,,,,,,,,,,,,,,,,,,,,,-1.5849368,1.0699696,2.2666927,2.559298,2.5315107,2.4334059,2.4470976,0.648942,-0.6300707,0.0709043,-1.7681329,-1.5349537,2.0753664,2.6171986,-0.8879528,-1.0544366,-0.713762,-0.3542343
ISL.1.0.319.0.UBLGI,ISL,1.0,0.0,319.0,0.0,UBLGI,Iceland,03 Net lending (ESA 2010),Net lending (+) or net borrowing (-) excluding interest: general government :- ESA 2010 ,(Percentage of GDP at current prices (excessive deficit procedure)) ,,,,,,,,,,,,,,,,,,,,,,,,,,,,,,,,,,,,,,,3.3857428,8.9599643,8.3416892,9.0233274,3.3621271,4.0874362,6.7350528,10.4788514,12.6025476,11.9451754,-0.5620017,3.4960277,1.4116113,2.2427244,6.321819,6.8528048,7.0929273,6.3822888,18.6126002,6.6840478,5.8901521,2.7181317,-4.8394511,-4.4232858,1.7549268,3.3864895,3.2562748,4.5247678,4.4064592
NOR.1.0.319.0.UBLGI,NOR,1.0,0.0,319.0,0.0,UBLGI,Norway,03 Net lending (ESA 2010),Net lending (+) or net borrowing (-) excluding interest: general government :- ESA 2010 ,(Percentage of GDP at current prices (excessive deficit procedure)) ,,,,,,,,,,,,,,,,,,,,,,,,,,,,,,,,,,,,5.7640753,8.4796031,9.387562,5.0915069,7.5008113,16.6153789,15.1371538,10.85673,9.0310604,12.3147569,16.3202284,20.2762767,19.6296544,20.5271658,11.4959881,11.9322502,14.1945935,14.4417083,11.3119775,9.2744394,6.6833153,4.5962577,5.3911058,8.2698812,7.0360699,-2.1622527,10.5002138,25.9182858,17.3432751,16.3595515,14.6981305,14.8008768
CHE.1.0.319.0.UBLGI,CHE,1.0,0.0,319.0,0.0,UBLGI,Switzerland,03 Net lending (ESA 2010),Net lending (+) or net borrowing (-) excluding interest: general government :- ESA 2010 ,(Percentage of GDP at current prices (excessive deficit procedure)) ,,,,,,,,,,,,,,,,,,,,,,,,,,,,,,,,,,,,0.0094337,-0.2194218,-0.5281632,0.4927278,0.2160232,1.943326,1.7508485,-0.2608006,-0.0479054,-0.1373337,0.6224538,2.085169,2.6580622,2.92392,1.4017599,1.1796041,1.4287725,0.922054,0.1732752,0.3067779,1.0812427,0.7080389,1.5300987,1.6130081,1.6347329,-2.7752463,-0.0757234,1.4201379,1.0021575,0.760591,0.4839045,0.6888667
JPN.1.0.319.0.UBLGI,JPN,1.0,0.0,319.0,0.0,UBLGI,Japan,03 Net lending (ESA 2010),Net lending (+) or net borrowing (-) excluding interest: general government :- ESA 2010 ,(Percentage of GDP at current prices (excessive deficit procedure)) ,,,,,,,,,,,,,,,,,,,,,,-0.6475126,-0.2931708,-0.0990042,1.4187627,2.7025713,2.6595965,3.6184751,4.2552908,4.7815616,5.4093708,5.0355958,3.9091785,0.8998346,-0.4169961,-1.1978601,-1.5477197,-0.5656749,-7.2062605,-3.7045096,-4.0391829,-2.9007781,-4.7016399,-4.8245448,-3.4206969,-2.7444266,-1.3107419,-1.0546992,-2.1638092,-7.7281738,-7.1863503,-7.0307724,-6.2408549,-5.6818294,-3.7278122,-1.8948119,-1.8690966,-1.4714332,-0.9362232,-1.5644795,-7.5675328,-4.7075047,-2.7960421,-4.0061349,-4.7349775,-4.0634868,-3.4984247
USA.1.0.319.0.UBLGI,USA,1.0,0.0,319.0,0.0,UBLGI,United States,03 Net lending (ESA 2010),Net lending (+) or net borrowing (-) excluding interest: general government :- ESA 2010 ,(Percentage of GDP at current prices (excessive deficit procedure)) ,1.7515331,0.3735266,0.463636,1.2550004,0.7451129,1.1720502,0.8728642,-0.5465377,0.7441655,2.1520909,-0.2981451,-1.103919,0.1793434,1.6067339,1.1712074,-2.667333,-0.6165222,0.6299278,1.6111165,2.215707,1.0884725,1.8860064,-0.1783007,-0.8038991,0.4774603,0.4616063,0.2532955,1.1057389,1.6602316,1.9273856,1.0072036,0.3335429,-0.9226531,-0.3287279,0.8059709,1.3975328,2.298838,3.4506349,4.2493521,4.2266092,4.7512173,2.378744,-1.2803332,-2.3722445,-1.938358,-0.5463757,0.62782,0.0673956,-3.4272967,-8.9071076,-8.1773033,-6.6351525,-4.9675249,-1.8442796,-1.2720993,-0.8648529,-1.5452026,-0.5834357,-2.178896,-2.6620774,-11.0047834,-7.9132362,-0.4837679,-3.0110038,-3.0386211,-2.5851323,-2.1866423
EU27.1.0.319.0.UBLGG,EU27,1.0,0.0,319.0,0.0,UBLGG,European Union,03 Net lending (ESA 2010),Net lending (+) or net borrowing (-) excluding gross fixed capital formation: general government :- ESA 2010 ,(Percentage of GDP at current prices (excessive deficit procedure)) ,,,,,,,,,,,,,,,,,,,,,,,,,,,,,,,,,,,,-3.7602632,-0.9202652,0.188492,0.8227943,1.8592302,2.0999058,1.3968794,0.5500009,0.3412992,0.6397955,1.0087952,2.0740998,2.976294,1.5891747,-2.0983158,-2.2301709,-0.5571105,-0.3858567,0.1487336,0.6938983,1.2700223,1.5721969,2.0762363,2.6817067,2.7061104,-3.2279189,-1.2536225,0.0697581,0.0435303,0.5581232,0.7813715,0.8838598
EU15.1.0.319.0.UBLGG,EU15,1.0,0.0,319.0,0.0,UBLGG,European Union (15 countries),03 Net lending (ESA 2010),Net lending (+) or net borrowing (-) excluding gross fixed capital formation: general government :- ESA 2010 ,(Percentage of GDP at current prices (excessive deficit procedure)) ,,,,,,,,,,,,,,,,,,,,,,,,,,,,,,,,,,,,-3.7089811,-1.0781613,0.1013596,0.9851103,2.0523333,2.4298686,1.6729387,0.5827529,0.1604221,0.4417877,0.5908054,1.681399,2.3952343,0.9500096,-2.8338841,-2.9303331,-1.2472116,-1.317012,-0.420341,0.0061132,0.5011719,1.1507249,1.7225367,2.228087,2.2505866,-4.4290041,-1.9791237,-0.2476982,-0.4228005,0.2036137,0.4817463,0.6482386
EA19.1.0.319.0.UBLGG,EA19,1.0,0.0,319.0,0.0,UBLGG,Euro area (19 countries),03 Net lending (ESA 2010),Net lending (+) or net borrowing (-) excluding gross fixed capital formation: general government :- ESA 2010 ,(Percentage of GDP at current prices (excessive deficit procedure)) ,,,,,,,,,,,,,,,,,,,,,,,,,,,,,,,,,,,,-3.9510471,-1.0633238,0.0767291,0.6884158,1.7876533,1.9784112,1.3281767,0.5376179,0.2786949,0.4544136,0.7099437,1.8373793,2.7011465,1.2966646,-2.3850768,-2.6671873,-0.8812902,-0.6818377,-0.1254499,0.4052275,0.9341823,1.3313833,1.792109,2.4321087,2.42839,-3.7430818,-1.9168336,-0.3554604,-0.2891056,0.4347083,0.6513678,0.6876071
EA20.1.0.319.0.UBLGG,EA20,1.0,0.0,319.0,0.0,UBLGG,Euro area,03 Net lending (ESA 2010),Net lending (+) or net borrowing (-) excluding gross fixed capital formation: general government :- ESA 2010 ,(Percentage of GDP at current prices (excessive deficit procedure)) ,,,,,,,,,,,,,,,,,,,,,,,,,,,,,,,,,,,,-3.9215829,-1.0567426,0.09993,0.7030672,1.7719485,1.9603347,1.323484,0.5361012,0.2843724,0.4548806,0.715926,1.8432539,2.7080618,1.3063568,-2.3803057,-2.6679196,-0.8956349,-0.6867943,-0.1313011,0.3970965,0.9299999,1.334661,1.7981189,2.4365811,2.4379938,-3.7340663,-1.897662,-0.3332089,-0.2624022,0.4525273,0.6696223,0.706563
EA12.1.0.319.0.UBLGG,EA12,1.0,0.0,319.0,0.0,UBLGG,Euro area (12 countries),03 Net lending (ESA 2010),Net lending (+) or net borrowing (-) excluding gross fixed capital formation: general government :- ESA 2010 ,(Percentage of GDP at current prices (excessive deficit procedure)) ,,,,,,,,,,,,,,,,,,,,,,,,,,,,,,,,,,,,-3.9875876,-1.0729598,0.0804966,0.6925215,1.8185634,2.0290479,1.3564772,0.5481195,0.2666679,0.4334662,0.6846628,1.818579,2.6735879,1.2801746,-2.3802366,-2.685178,-0.8912958,-0.6875009,-0.1249389,0.3887349,0.8831445,1.3111121,1.7512652,2.4037052,2.3976811,-3.7929813,-1.9607942,-0.4189984,-0.3421904,0.4092319,0.6121662,0.6487827
BEL.1.0.319.0.UBLGG,BEL,1.0,0.0,319.0,0.0,UBLGG,Belgium,03 Net lending (ESA 2010),Net lending (+) or net borrowing (-) excluding gross fixed capital formation: general government :- ESA 2010 ,(Percentage of GDP at current prices (excessive deficit procedure)) ,,,,,,,,,,,,,,,,,,,,,,,,,,,,,,,,,,,,-2.2889546,-1.9237276,-0.0400711,1.0337721,1.7021753,2.2992366,2.3537565,2.0209628,0.2306186,1.7746127,-0.6502115,2.1499824,2.0504693,0.944553,-3.1900738,-1.8919873,-2.0722364,-1.8751084,-0.8386374,-0.6297439,0.016966,0.008052,1.6913573,1.6174609,0.5878882,-6.2842789,-2.6308675,-0.9132568,-1.3441763,-1.5192619,-1.9460982,-2.4071241
BGR.1.0.319.0.UBLGG,BGR,1.0,0.0,319.0,0.0,UBLGG,Bulgaria,03 Net lending (ESA 2010),Net lending (+) or net borrowing (-) excluding gross fixed capital formation: general government :- ESA 2010 ,(Percentage of GDP at current prices (excessive deficit procedure)) ,,,,,,,,,,,,,,,,,,,,,,,,,,,,,,,,,,,,-4.8209582,-7.576104,2.8272899,4.8820788,4.2602825,3.990417,4.5442091,2.3399771,3.2040583,5.2175538,5.2844446,6.8261639,5.219508,6.9872424,0.5012198,0.9233838,1.6608667,2.5924814,3.3884305,-0.1196705,4.7133354,2.9808251,3.9119437,4.801531,5.5109611,-0.5078108,-1.2563576,-0.5887977,1.8239239,0.6470601,0.8088904,0.6390674
CZE.1.0.319.0.UBLGG,CZE,1.0,0.0,319.0,0.0,UBLGG,Czechia,03 Net lending (ESA 2010),Net lending (+) or net borrowing (-) excluding gross fixed capital formation: general government :- ESA 2010 ,(Percentage of GDP at current prices (excessive deficit procedure)) ,,,,,,,,,,,,,,,,,,,,,,,,,,,,,,,,,,,,-6.7594307,1.6360817,1.1900084,0.1930947,0.5851518,0.9995416,-1.6603423,-2.322085,0.7298822,2.5703929,2.1072266,2.9099906,3.8317142,3.0483232,0.4613858,0.8479397,1.6410543,0.1758941,2.3723132,1.9855454,4.4121722,3.8980969,4.7597534,4.9786213,4.5731022,-0.9006372,-0.3980656,1.4633315,1.0728278,2.2027595,2.6417077,2.7355675
DNK.1.0.319.0.UBLGG,DNK,1.0,0.0,319.0,0.0,UBLGG,Denmark,03 Net lending (ESA 2010),Net lending (+) or net borrowing (-) excluding gross fixed capital formation: general government :- ESA 2010 ,(Percentage of GDP at current prices (excessive deficit procedure)) ,,,,,,,,,,,,,,,,,,,,,,,,,,,,,,,,,,,,-0.6188712,0.6571329,1.715388,2.4176988,3.803767,4.5660479,4.1278852,2.9871498,2.7625398,5.0546666,7.9104897,8.205237,8.3269638,6.4306603,0.3555303,0.7471472,1.5273749,0.5834845,2.6964873,5.2605181,2.7175568,4.0484501,5.0472933,4.2145853,7.5086927,3.9244096,7.2731274,6.4907595,6.4455483,5.572212,4.7203583,4.2600053
DEU.1.0.319.0.UBLGG,DEU,1.0,0.0,319.0,0.0,UBLGG,Germany,03 Net lending (ESA 2010),Net lending (+) or net borrowing (-) excluding gross fixed capital formation: general government :- ESA 2010 ,(Percentage of GDP at current prices (excessive deficit procedure)) ,,,,,,,,,,,,,,,,,,,,,,,,,,,,,,,,-0.0500751,0.6420881,0.0091616,0.4030424,-6.7455643,-1.0386506,-0.6199738,-0.2810647,0.8404421,0.8868552,-0.5922488,-1.4657545,-1.3150602,-1.1806597,-1.1631717,0.5553586,2.3891717,2.1074032,-0.5415513,-1.8014113,1.7268661,2.4109585,2.5577202,3.0805281,3.301703,3.5768794,3.8246711,4.5334919,4.0337154,-1.3496849,-0.280596,0.6770616,0.2618294,0.7943213,1.0614775,1.2762804
EST.1.0.319.0.UBLGG,EST,1.0,0.0,319.0,0.0,UBLGG,Estonia,03 Net lending (ESA 2010),Net lending (+) or net borrowing (-) excluding gross fixed capital formation: general government :- ESA 2010 ,(Percentage of GDP at current prices (excessive deficit procedure)) ,,,,,,,,,,,,,,,,,,,,,,,,,,,,,,,,,,,,6.4228904,4.5353631,6.7636125,4.538833,1.3926675,4.301936,4.9383282,6.3541073,7.0163524,6.8049679,5.7970427,8.2719532,8.703122,3.5188809,3.3808502,4.4228068,5.7018754,5.9679674,5.317997,5.9006422,5.4866812,4.4837613,5.090039,4.6281044,5.0593459,0.3984309,3.2136708,4.3141574,3.7663884,4.224756,5.1105244,5.5091391
IRL.1.0.319.0.UBLGG,IRL,1.0,0.0,319.0,0.0,UBLGG,Ireland,03 Net lending (ESA 2010),Net lending (+) or net borrowing (-) excluding gross fixed capital formation: general government :- ESA 2010 ,(Percentage of GDP at current prices (excessive deficit procedure)) ,,,,,,,,,,,,,,,,,,,,,,,,,,,,,,,,,,,,0.2721027,2.2778975,3.938143,4.7967937,6.6530496,8.3575978,5.1794111,3.7021898,4.0222055,4.8220929,5.1073718,6.575788,4.9392752,-1.7566465,-10.0929267,-28.7090595,-10.9907064,-6.3661425,-4.2807378,-1.3877721,-0.2810552,1.1808583,1.5182347,2.106904,2.6762911,-2.5636098,0.635128,3.6646775,3.7999669,6.9403791,4.3500588,4.2422991
GRC.1.0.319.0.UBLGG,GRC,1.0,0.0,319.0,0.0,UBLGG,Greece,03 Net lending (ESA 2010),Net lending (+) or net borrowing (-) excluding gross fixed capital formation: general government :- ESA 2010 ,(Percentage of GDP at current prices (excessive deficit procedure)) ,,,,,,,,,,,,,,,,,,,,,,,,,,,,,,,,,,,,-5.9093875,-4.1355355,-2.1952771,-1.2197923,-0.3738302,1.0267244,0.492408,-1.1554272,-1.9374367,-3.2164281,-1.8062016,-0.2202531,-1.8845725,-4.6557821,-9.6371409,-7.6988963,-7.998526,-6.7165446,-10.1042086,-0.0403244,-2.0209522,3.7862247,5.252047,4.1170295,3.2940707,-6.4897935,-3.3509414,1.2388503,2.5635333,4.3091235,4.4347977,4.1537122
ESP.1.0.319.0.UBLGG,ESP,1.0,0.0,319.0,0.0,UBLGG,Spain,03 Net lending (ESA 2010),Net lending (+) or net borrowing (-) excluding gross fixed capital formation: general government :- ESA 2010 ,(Percentage of GDP at current prices (excessive deficit procedure)) ,,,,,,,,,,,,,,,,,,,,,,,,,,,,,,,,,,,,-2.3951732,-2.1378639,-0.1346896,1.2326324,2.6382547,2.533784,3.3307274,3.7520807,3.7693585,3.8907796,5.447021,6.4831399,6.5616993,0.0881852,-6.0786214,-4.7564627,-5.9487784,-8.3540548,-5.0849606,-3.9113566,-2.6902472,-2.2442334,-1.0927126,-0.4169018,-0.8946248,-7.2796653,-3.9323369,-1.8749604,-0.5571559,0.0794836,0.4926757,0.5323139
FRA.1.0.319.0.UBLGG,FRA,1.0,0.0,319.0,0.0,UBLGG,France,03 Net lending (ESA 2010),Net lending (+) or net borrowing (-) excluding gross fixed capital formation: general government :- ESA 2010 ,(Percentage of GDP at current prices (excessive deficit procedure)) ,,,,,,,,,,,,,,,,,,,2.2103999,3.5699203,3.7374638,1.9004988,1.6113918,1.6852149,1.4517473,1.3624903,1.0914848,2.3791577,2.045684,2.8185322,2.200532,1.914792,0.1225191,-1.7962907,-0.9562983,-0.4747066,0.6762773,0.4844188,1.6680239,2.5820128,2.968143,2.7795836,0.9229436,0.1753854,0.7851093,0.941155,1.7234259,1.3873022,0.9406584,-2.5520547,-2.3547761,-0.8118648,-0.6169795,-0.3639349,-0.3125178,0.0493595,0.1567824,0.4843782,1.5949093,1.7615196,-4.7802505,-2.5114648,-0.5825147,-1.2057801,-1.8939536,-1.0113603,-1.2302551
HRV.1.0.319.0.UBLGG,HRV,1.0,0.0,319.0,0.0,UBLGG,Croatia,03 Net lending (ESA 2010),Net lending (+) or net borrowing (-) excluding gross fixed capital formation: general government :- ESA 2010 ,(Percentage of GDP at current prices (excessive deficit procedure)) ,,,,,,,,,,,,,,,,,,,,,,,,,,,,,,,,,,,,5.8494081,1.0262393,6.807495,4.7721904,-2.9611261,-3.4236901,-0.0097066,0.1342894,1.7202943,0.5678919,2.0936241,3.1360757,4.1767945,3.2367631,-1.4090862,-2.8207959,-3.9909731,-1.7812463,-1.4389955,-1.4857887,-0.0458982,2.0859935,3.152677,3.4224571,4.518608,-1.6785194,2.2241137,4.1612028,4.7045119,3.5611017,3.7632043,3.8779969
ITA.1.0.319.0.UBLGG,ITA,1.0,0.0,319.0,0.0,UBLGG,Italy,03 Net lending (ESA 2010),Net lending (+) or net borrowing (-) excluding gross fixed capital formation: general government :- ESA 2010 ,(Percentage of GDP at current prices (excessive deficit procedure)) ,,,,,,,,,,,,,,,,,,,,,,,,,,,,,,,,,,,,-4.6609819,-3.9780657,-0.3364102,-0.2498999,1.0723963,0.3599936,-0.2250457,-0.4377648,-0.1967291,-0.3475472,-0.9550568,-0.4739515,1.803585,0.5488165,-1.4361405,-1.1065891,-0.6634639,-0.3607695,-0.3847006,-0.5189897,-0.0441297,-0.1415955,-0.3356849,-0.0644075,0.8704777,-6.7509699,-6.0096367,-5.4670505,-4.0007492,-0.2800693,0.4608939,0.807433
CYP.1.0.319.0.UBLGG,CYP,1.0,0.0,319.0,0.0,UBLGG,Cyprus,03 Net lending (ESA 2010),Net lending (+) or net borrowing (-) excluding gross fixed capital formation: general government :- ESA 2010 ,(Percentage of GDP at current prices (excessive deficit procedure)) ,,,,,,,,,,,,,,,,,,,,,,,,,,,,,,,,,,,,4.3629336,2.8009274,0.7141629,-0.2958129,-0.3226615,1.6564448,1.6300411,-0.0101035,-1.4744704,0.8833438,1.6232288,2.5862516,6.5602417,4.2405024,-1.0232685,-0.2553809,-1.4679163,-11.79716,-2.9494993,-6.4429039,1.5726574,3.0514647,4.8871529,1.5742081,3.5943139,-2.7098856,1.0918967,5.033023,5.1573088,6.4499103,5.6636355,5.3463061
LVA.1.0.319.0.UBLGG,LVA,1.0,0.0,319.0,0.0,UBLGG,Latvia,03 Net lending (ESA 2010),Net lending (+) or net borrowing (-) excluding gross fixed capital formation: general government :- ESA 2010 ,(Percentage of GDP at current prices (excessive deficit procedure)) ,,,,,,,,,,,,,,,,,,,,,,,,,,,,,,,,,,,,0.6298824,2.1320465,3.0744139,1.6564817,-2.0153752,-0.9708926,-0.4584749,-0.7730365,1.3735443,2.5871047,3.1541783,4.6932735,5.7186347,1.163803,-4.656786,-3.8232718,1.117158,4.0139156,3.5882364,3.0946653,3.4834524,3.6730499,4.4963837,4.4806603,4.974228,1.84952,-1.5924585,-0.3525959,3.2119279,2.5440612,3.0174174,2.8513588
LTU.1.0.319.0.UBLGG,LTU,1.0,0.0,319.0,0.0,UBLGG,Lithuania,03 Net lending (ESA 2010),Net lending (+) or net borrowing (-) excluding gross fixed capital formation: general government :- ESA 2010 ,(Percentage of GDP at current prices (excessive deficit procedure)) ,,,,,,,,,,,,,,,,,,,,,,,,,,,,,,,,,,,,1.6751405,-0.8652122,-9.4440209,-0.5000577,-0.2553038,-0.7600056,-1.247528,1.1159804,1.8129642,2.2055611,3.26599,4.0159019,4.6001145,2.2984356,-4.6464191,-1.908657,-0.9460369,1.0156307,1.2358767,1.9140278,3.0552305,3.2158101,3.7230438,3.8733421,3.6781647,-1.8364811,2.0480009,2.4764488,3.5309661,1.8725121,1.7392402,1.0968648
LUX.1.0.319.0.UBLGG,LUX,1.0,0.0,319.0,0.0,UBLGG,Luxembourg,03 Net lending (ESA 2010),Net lending (+) or net borrowing (-) excluding gross fixed capital formation: general government :- ESA 2010 ,(Percentage of GDP at current prices (excessive deficit procedure)) ,,,,,,,,,,,,,,,,,,,,,,,,,,,,,,,,,,,,6.4950549,6.4952314,6.5160316,7.6950442,7.7512099,9.6173632,10.2284391,7.1593041,5.437428,3.744352,5.2551782,5.554959,8.1474368,7.0671609,4.0348531,4.3338729,4.849688,4.4205163,4.3189572,4.9934429,5.1961405,5.7011209,5.4040329,7.0837456,6.7963255,1.5915717,5.1036707,4.4042229,4.0209371,4.1215376,4.080045,4.1417925
HUN.1.0.319.0.UBLGG,HUN,1.0,0.0,319.0,0.0,UBLGG,Hungary,03 Net lending (ESA 2010),Net lending (+) or net borrowing (-) excluding gross fixed capital formation: general government :- ESA 2010 ,(Percentage of GDP at current prices (excessive deficit procedure)) ,,,,,,,,,,,,,,,,,,,,,,,,,,,,,,,,,,,,-8.0112419,-2.4807736,-2.6397238,-3.9006752,-1.9098765,0.5201236,-0.0791278,-3.6652047,-3.4132402,-2.803087,-3.6300923,-4.1529279,-0.8573758,-0.5941721,-1.3394086,-0.8062398,-1.9008659,1.3740632,1.7569075,2.549839,4.5122954,1.3562263,2.072458,3.7296955,4.1979159,-1.0755055,-0.8774333,-0.8632095,-1.5719007,-0.9249556,0.2039549,0.9227703
MLT.1.0.319.0.UBLGG,MLT,1.0,0.0,319.0,0.0,UBLGG,Malta,03 Net lending (ESA 2010),Net lending (+) or net borrowing (-) excluding gross fixed capital formation: general government :- ESA 2010 ,(Percentage of GDP at current prices (excessive deficit procedure)) ,,,,,,,,,,,,,,,,,,,,,,,,,,,,,,,,,,,,-0.5113698,-4.1594616,-3.2865753,-4.657418,-2.1959499,-1.6359104,-2.5893077,-1.2533445,-4.4610883,-0.5284959,1.7292591,1.5240021,1.7081474,-1.5922341,-0.7474971,-0.0291461,-0.1208621,0.0307509,0.602752,1.9444687,3.1981889,3.5915665,5.6925285,5.0882475,4.2078475,-5.0550779,-3.3031571,-2.0035897,-1.0963458,0.0926776,0.3158053,0.7535527
NLD.1.0.319.0.UBLGG,NLD,1.0,0.0,319.0,0.0,UBLGG,Netherlands,03 Net lending (ESA 2010),Net lending (+) or net borrowing (-) excluding gross fixed capital formation: general government :- ESA 2010 ,(Percentage of GDP at current prices (excessive deficit procedure)) ,,,,,,,,,,,,,,,,,,,,,,,,,,,,,,,,,,,,-4.943157,2.0920938,2.1124817,2.2502843,4.0457654,4.9213717,3.4550804,2.0262437,1.127207,2.1340437,3.3535097,4.0764737,3.6831922,4.0244189,-0.7366231,-1.0246928,-0.1649358,0.019598,0.8810533,1.3201656,1.8208603,3.6766064,4.6931456,4.8176427,5.1745852,0.0407857,1.2127194,3.1899137,2.7891559,2.893674,1.2540178,0.8146397
AUT.1.0.319.0.UBLGG,AUT,1.0,0.0,319.0,0.0,UBLGG,Austria,03 Net lending (ESA 2010),Net lending (+) or net borrowing (-) excluding gross fixed capital formation: general government :- ESA 2010 ,(Percentage of GDP at current prices (excessive deficit procedure)) ,,,,,,,,,,,,,,,,,,,,,,,,,,,,,,,,,,,,-2.2443141,-0.8638005,0.3696425,0.1909722,0.2505997,0.2955743,1.7531213,1.2909045,0.7587993,-2.4377558,0.4128709,0.346703,1.6681973,1.7379394,-1.9554649,-1.1744951,0.5665693,0.7800577,1.0894428,1.0820643,2.5164175,1.5408378,2.3338032,3.2794532,3.6738896,-4.8790212,-2.1115566,0.1478703,1.0605297,0.1153792,0.0689752,0.3078748
POL.1.0.319.0.UBLGG,POL,1.0,0.0,319.0,0.0,UBLGG,Poland,03 Net lending (ESA 2010),Net lending (+) or net borrowing (-) excluding gross fixed capital formation: general government :- ESA 2010 ,(Percentage of GDP at current prices (excessive deficit procedure)) ,,,,,,,,,,,,,,,,,,,,,,,,,,,,,,,,,,,,-1.4787185,-1.5856798,-1.1952191,-0.7871288,0.769341,-1.0975576,-1.9142881,-1.9690461,-3.2336433,-2.107882,-0.6343748,0.313404,2.4820292,1.1012702,-2.2739168,-1.7287136,1.0455678,1.0826991,0.0432906,1.0428024,1.9306971,0.9032402,2.2917756,4.3681117,3.5349399,-2.4356842,2.3329168,0.3217505,-0.2336835,-0.8148102,-0.5594403,-0.0877497
PRT.1.0.319.0.UBLGG,PRT,1.0,0.0,319.0,0.0,UBLGG,Portugal,03 Net lending (ESA 2010),Net lending (+) or net borrowing (-) excluding gross fixed capital formation: general government :- ESA 2010 ,(Percentage of GDP at current prices (excessive deficit procedure)) ,,,,,,,,,,,,,,,,,,,,,,,,,,,,,,,,,,,,-0.77009,0.1312114,1.8640497,0.7143025,1.904546,1.4363648,0.2915853,1.3201991,-1.3230152,-1.7653389,-2.0506116,-0.8110166,0.3416278,-0.0973743,-5.7665633,-6.1483256,-4.2447169,-3.7349868,-3.0332974,-5.3711989,-2.2204916,-0.3927981,-1.213396,1.4265529,1.9633092,-3.4414798,-0.2437484,2.0697083,3.8145466,3.682562,3.60861,3.8186796
ROM.1.0.319.0.UBLGG,ROM,1.0,0.0,319.0,0.0,UBLGG,Romania,03 Net lending (ESA 2010),Net lending (+) or net borrowing (-) excluding gross fixed capital formation: general government :- ESA 2010 ,(Percentage of GDP at current prices (excessive deficit procedure)) ,,,,,,,,,,,,,,,,,,,,,,,,,,,,,,,,,,,,2.1548892,0.3512562,-1.7670519,-1.421596,-2.7799747,-1.1433963,-0.7060994,1.3034613,2.1915655,1.7419304,2.0500805,3.1183974,3.4013631,1.0630171,-3.7610214,-1.5198331,-0.4055787,0.7651622,2.16027,3.3002295,4.6674009,1.1071637,0.1022638,-0.3019089,-0.966652,-4.794857,-3.0817637,-2.0129476,-1.1508743,-2.3242693,-1.7873171,-1.2891997
SVN.1.0.319.0.UBLGG,SVN,1.0,0.0,319.0,0.0,UBLGG,Slovenia,03 Net lending (ESA 2010),Net lending (+) or net borrowing (-) excluding gross fixed capital formation: general government :- ESA 2010 ,(Percentage of GDP at current prices (excessive deficit procedure)) ,,,,,,,,,,,,,,,,,,,,,,,,,,,,,,,,,,,,-4.0566485,2.9216643,1.3606624,1.3229307,1.0154273,-0.0304293,-0.6084281,1.3081891,1.1399595,2.006646,2.4487524,3.0838385,4.5062657,3.3206728,-0.7454295,-0.5576301,-2.5954395,-0.1194704,-6.854087,0.5931701,1.9661302,1.3469569,3.1327976,4.5893489,4.544168,-3.5401285,0.0819643,2.5015477,2.6696121,2.7906693,2.9907495,3.0287355
SVK.1.0.319.0.UBLGG,SVK,1.0,0.0,319.0,0.0,UBLGG,Slovakia,03 Net lending (ESA 2010),Net lending (+) or net borrowing (-) excluding gross fixed capital formation: general government :- ESA 2010 ,(Percentage of GDP at current prices (excessive deficit procedure)) ,,,,,,,,,,,,,,,,,,,,,,,,,,,,,,,,,,,,-0.1932322,-5.03999,-0.0419066,-0.4784344,-3.4549352,-8.9425209,-3.7225281,-4.1883707,0.9618812,0.6537417,0.6625441,0.2828796,1.1234445,0.9221571,-4.2187091,-3.7876098,-0.6031032,-1.095519,0.5315994,0.8794145,3.6732216,0.8158383,2.3897024,2.7277506,2.3789106,-1.8940723,-2.0810119,1.3961486,-1.646777,-2.0528846,-0.1896918,0.1148578
FIN.1.0.319.0.UBLGG,FIN,1.0,0.0,319.0,0.0,UBLGG,Finland,03 Net lending (ESA 2010),Net lending (+) or net borrowing (-) excluding gross fixed capital formation: general government :- ESA 2010 ,(Percentage of GDP at current prices (excessive deficit procedure)) ,,,,,,,,,,,,,,,,9.5435068,11.8829363,10.60543,8.1192795,7.5168827,8.026872,9.3162548,7.4692941,6.1187314,7.4332786,7.7506254,8.1890308,6.3103539,9.7522422,10.7087665,9.8204806,3.8472512,-0.5312852,-3.9544351,-2.2104196,-2.1238345,0.8649009,3.2131378,5.7941892,5.621493,10.4145587,8.3823723,7.7802479,6.3079215,6.1238117,6.2538715,7.330167,8.5962183,7.765131,1.4372575,1.0847901,2.7755432,1.8904271,1.6550613,1.2154186,1.3354457,2.4787105,3.4712024,3.43244,3.4735324,-0.6645882,1.5697609,3.9650689,1.0602956,0.5309268,1.7903675,2.1100576
SWE.1.0.319.0.UBLGG,SWE,1.0,0.0,319.0,0.0,UBLGG,Sweden,03 Net lending (ESA 2010),Net lending (+) or net borrowing (-) excluding gross fixed capital formation: general government :- ESA 2010 ,(Percentage of GDP at current prices (excessive deficit procedure)) ,,,,,,,,,,,,,,,,,,,,,,,,,,,,,,,,,,-5.3988328,-3.1213343,-1.9343632,1.7751769,2.7437933,5.1160296,5.0187841,7.0291723,5.513137,2.8801882,2.9423382,4.2896335,5.904157,6.2608861,7.4254465,6.2085758,3.6160511,4.4085776,4.0526771,3.4121249,2.9945382,2.8542646,4.2343052,5.4579066,6.1331159,5.7429699,5.5076019,2.1836184,4.8038784,6.0675396,4.6162547,3.419288,4.0042466,5.3339347
GBR.1.0.319.0.UBLGG,GBR,1.0,0.0,319.0,0.0,UBLGG,United Kingdom,03 Net lending (ESA 2010),Net lending (+) or net borrowing (-) excluding gross fixed capital formation: general government :- ESA 2010 ,(Percentage of GDP at current prices (excessive deficit procedure)) ,,,,,,,,,,,,,,,,,,,,,,,,,,,,0.929984,2.242487,2.7649882,1.1462585,-0.1613153,-2.998028,-4.4594553,-3.6039204,-2.9438999,-1.9227751,-0.4402117,1.4059075,2.3607043,3.035652,2.1130146,0.1345432,-1.0215889,-0.6155884,-1.3749429,-0.2739739,-0.1588723,-2.2039408,-6.8097794,-6.095354,-4.5390024,-5.3920284,-2.9022191,-2.7968649,-1.8694973,-0.7139325,0.293592,0.4830173,0.323109,-9.9055092,-4.6387941,-1.5244052,-2.4849367,-1.8699263,-1.1598985,-0.5567261
ALB.1.0.319.0.UBLGG,ALB,1.0,0.0,319.0,0.0,UBLGG,Albania,03 Net lending (ESA 2010),Net lending (+) or net borrowing (-) excluding gross fixed capital formation: general government :- ESA 2010 ,(Percentage of GDP at current prices (excessive deficit procedure)) ,,,,,,,,,,,,,,,,,,,,,,,,,,,,,,,,,,,,,,,,,,,,,,1.2727823,2.4897001,2.3814261,3.1009544,1.2866111,2.3745104,1.7917022,1.1833974,-0.1081587,-0.8153696,0.33944,2.1328791,2.3529846,3.1890799,2.5371769,-1.5273812,0.6896878,1.5765197,3.7004932,3.6734273,3.8193732,4.0659105
MNE.1.0.319.0.UBLGG,MNE,1.0,0.0,319.0,0.0,UBLGG,Montenegro,03 Net lending (ESA 2010),Net lending (+) or net borrowing (-) excluding gross fixed capital formation: general government :- ESA 2010 ,(Percentage of GDP at current prices (excessive deficit procedure)) ,,,,,,,,,,,,,,,,,,,,,,,,,,,,,,,,,,,,,,,,,,,,,,,,,,,,,,,,,,,2.895909,6.3437237,-3.5742017,3.8102004,1.1242366,4.5579742,1.7620427,1.2683148,0.8520547
MKD.1.0.319.0.UBLGG,MKD,1.0,0.0,319.0,0.0,UBLGG,North Macedonia,03 Net lending (ESA 2010),Net lending (+) or net borrowing (-) excluding gross fixed capital formation: general government :- ESA 2010 ,(Percentage of GDP at current prices (excessive deficit procedure)) ,,,,,,,,,,,,,,,,,,,,,,,,,,,,,,,,,,,,,,,,,,,,,,,,,,,,,,,,,,,1.4223498,1.2415494,-5.0502018,-2.1249045,-0.8455014,0.2784915,-1.1501698,-0.4587366,0.2121694
SRB.1.0.319.0.UBLGG,SRB,1.0,0.0,319.0,0.0,UBLGG,Serbia,03 Net lending (ESA 2010),Net lending (+) or net borrowing (-) excluding gross fixed capital formation: general government :- ESA 2010 ,(Percentage of GDP at current prices (excessive deficit procedure)) ,,,,,,,,,,,,,,,,,,,,,,,,,,,,,,,,,,,,,,,,,,,,,,,,,,,,,,,,,,3.761704,4.3778942,4.5007851,-2.5929843,3.157394,4.0405081,4.3964577,4.2284398,4.1154577,4.139483
TUR.1.0.319.0.UBLGG,TUR,1.0,0.0,319.0,0.0,UBLGG,Turkey,03 Net lending (ESA 2010),Net lending (+) or net borrowing (-) excluding gross fixed capital formation: general government :- ESA 2010 ,(Percentage of GDP at current prices (excessive deficit procedure)) ,,,,,,,,,,,,,,,,,,,,,,,,,,,,,,,,,,,,,,,,,,,,,,,,,,-2.3046468,0.7067136,2.3581934,2.777416,3.7466008,3.3950537,3.8247349,2.2353074,1.2517765,1.8095056,-0.872367,-0.7983058,2.327733,1.3906404,-1.0251363,-1.1530303,0.5761589,1.4915706
ISL.1.0.319.0.UBLGG,ISL,1.0,0.0,319.0,0.0,UBLGG,Iceland,03 Net lending (ESA 2010),Net lending (+) or net borrowing (-) excluding gross fixed capital formation: general government :- ESA 2010 ,(Percentage of GDP at current prices (excessive deficit procedure)) ,,,,,,,,,,,,,,,,,,,,,,,,,,,,,,,,,,,,,,,4.4753662,6.5900278,6.105633,4.7883806,2.220121,1.8972955,4.7433451,8.7900317,10.9205545,10.32229,-7.3589897,-4.6150497,-3.3436696,-2.3658513,-0.1064244,1.8201933,3.2276047,2.3444417,15.1425422,3.9804249,5.0418646,2.0165702,-5.1562942,-4.061147,0.0802417,2.014061,-0.7162981,0.9851799,1.2986959
NOR.1.0.319.0.UBLGG,NOR,1.0,0.0,319.0,0.0,UBLGG,Norway,03 Net lending (ESA 2010),Net lending (+) or net borrowing (-) excluding gross fixed capital formation: general government :- ESA 2010 ,(Percentage of GDP at current prices (excessive deficit procedure)) ,,,,,,,,,,,,,,,,,,,,,,,,,,,,,,,,,,,,7.2912708,10.1459032,11.7650306,7.7952501,10.1264703,18.4547144,16.5477549,12.6708841,11.124965,14.6647071,18.1965081,21.4139606,20.8499882,22.3787105,14.7410022,14.9957146,17.2977324,17.5371981,14.873339,13.1472628,10.8431041,9.3368656,10.1887603,13.2360486,12.4766711,3.7209652,15.3842649,29.767965,21.5510972,17.5387517,16.4930944,15.8655471
CHE.1.0.319.0.UBLGG,CHE,1.0,0.0,319.0,0.0,UBLGG,Switzerland,03 Net lending (ESA 2010),Net lending (+) or net borrowing (-) excluding gross fixed capital formation: general government :- ESA 2010 ,(Percentage of GDP at current prices (excessive deficit procedure)) ,,,,,,,,,,,,,,,,,,,,,,,,,,,,,,,,,,,,1.7852982,1.4229872,0.9756838,2.0025804,1.6347216,3.217608,3.1982132,1.3252027,1.6911156,1.5728429,2.1878078,3.5611852,4.2049421,4.62641,3.4090925,3.2589543,3.6396822,3.1928301,2.5128898,2.7456844,3.563204,3.2114013,4.1643645,4.3038227,4.4695309,0.3028466,2.7838207,4.1735675,1.5274696,-1.0518101,-0.7358663,-0.1241204
JPN.1.0.319.0.UBLGG,JPN,1.0,0.0,319.0,0.0,UBLGG,Japan,03 Net lending (ESA 2010),Net lending (+) or net borrowing (-) excluding gross fixed capital formation: general government :- ESA 2010 ,(Percentage of GDP at current prices (excessive deficit procedure)) ,,,,,,,,,,,,,,,,,,,,,,1.7239171,1.4883519,1.071103,2.0965578,2.9216868,3.0468537,4.2451826,5.1595109,5.7369788,6.6001393,6.3171317,5.8250818,3.5469231,2.32592,1.2772676,1.1430047,1.5675599,-5.2984041,-1.4328406,-2.3609604,-1.1652506,-3.0597429,-3.3777978,-2.1201135,-0.4592542,0.7365507,0.6521453,-0.6065282,-5.7828004,-5.3213594,-5.3636464,-4.5731383,-3.7444029,-1.6376677,-0.0168763,0.0625316,0.5811891,1.2752634,0.8739211,-4.8067373,-1.9683782,-0.2961631,-1.6399307,-2.4397588,-1.8343201,-1.3238548
USA.1.0.319.0.UBLGG,USA,1.0,0.0,319.0,0.0,UBLGG,United States,03 Net lending (ESA 2010),Net lending (+) or net borrowing (-) excluding gross fixed capital formation: general government :- ESA 2010 ,(Percentage of GDP at current prices (excessive deficit procedure)) ,2.7655785,1.6719761,1.7551936,2.6668758,2.2353388,2.7751994,2.4710664,0.9767908,2.0836633,3.311665,0.8277253,-0.5483109,0.4408534,1.5767769,1.2695738,-2.5980709,-0.817012,0.1735976,0.9642375,1.5670644,0.3079123,0.5814706,-1.8964713,-2.5593018,-1.3602591,-1.2725805,-1.333448,-0.2547776,0.1333158,0.2238026,-0.6477791,-1.6331746,-2.8916801,-2.3408707,-1.1753016,-0.8393731,0.2440444,1.5129258,2.6473998,3.0991452,3.9151681,1.823883,-1.4744845,-2.6034679,-2.0218387,-0.7470092,0.4155597,-0.1322903,-3.3505865,-8.9401299,-8.3744796,-7.1296674,-5.6091466,-2.4737269,-1.9394385,-1.3681483,-2.1348783,-1.1469449,-2.7815969,-3.305272,-11.1400361,-8.1727926,-0.7517046,-3.9673029,-4.299045,-3.9596348,-3.5243176
